Date,EGO_Closing,EGO_Volume,EGO_Change
3/7/2024,15.47,892.57K,4.39%
2/7/2024,14.82,1.59M,0.95%
1/7/2024,14.68,582.57K,-0.74%
28/06/2024,14.79,813.22K,-0.14%
27/06/2024,14.81,1.27M,0.20%
26/06/2024,14.78,1.35M,-1.47%
25/06/2024,15,820.75K,0.00%
24/06/2024,15,981.53K,0.00%
21/06/2024,15,4.69M,-1.96%
20/06/2024,15.3,1.44M,3.10%
18/06/2024,14.84,1.05M,1.85%
17/06/2024,14.57,1.60M,-1.35%
14/06/2024,14.77,1.51M,0.54%
13/06/2024,14.69,1.64M,-2.20%
12/6/2024,15.02,1.39M,1.14%
11/6/2024,14.85,1.06M,-1.00%
10/6/2024,15,1.39M,-0.27%
7/6/2024,15.04,2.33M,-8.07%
6/6/2024,16.36,1.96M,4.07%
5/6/2024,15.72,1.07M,-0.13%
4/6/2024,15.74,1.09M,-2.84%
3/6/2024,16.2,1.36M,0.19%
31/05/2024,16.17,1.28M,-0.80%
30/05/2024,16.3,931.38K,1.43%
29/05/2024,16.07,1.67M,1.20%
28/05/2024,15.88,976.79K,1.86%
24/05/2024,15.59,1.01M,1.63%
23/05/2024,15.34,1.36M,-2.42%
22/05/2024,15.72,1.48M,-4.84%
21/05/2024,16.52,1.18M,0.24%
20/05/2024,16.48,1.42M,1.79%
17/05/2024,16.19,1.68M,5.89%
16/05/2024,15.29,1.24M,2.00%
15/05/2024,14.99,983.67K,1.15%
14/05/2024,14.82,978.76K,-1.66%
13/05/2024,15.07,874.87K,-1.44%
10/5/2024,15.29,1.58M,1.39%
9/5/2024,15.08,1.50M,-0.07%
8/5/2024,15.09,1.03M,1.00%
7/5/2024,14.94,969.19K,1.29%
6/5/2024,14.75,947.64K,3.07%
3/5/2024,14.31,1.26M,-2.25%
2/5/2024,14.64,1.25M,1.67%
1/5/2024,14.4,1.27M,0.98%
30/04/2024,14.26,1.39M,-6.12%
29/04/2024,15.19,1.50M,-0.07%
26/04/2024,15.2,2.14M,2.84%
25/04/2024,14.78,1.60M,3.07%
24/04/2024,14.34,780.34K,-0.76%
23/04/2024,14.45,1.22M,0.98%
22/04/2024,14.31,1.65M,-4.85%
19/04/2024,15.04,2.33M,0.94%
18/04/2024,14.9,836.55K,-0.40%
17/04/2024,14.96,1.31M,-0.66%
16/04/2024,15.06,1.32M,-0.26%
15/04/2024,15.1,1.59M,-0.26%
12/4/2024,15.14,2.68M,-2.95%
11/4/2024,15.6,1.76M,1.96%
10/4/2024,15.3,1.45M,-2.30%
9/4/2024,15.66,2.89M,3.92%
8/4/2024,15.07,2.41M,-0.33%
5/4/2024,15.12,3.31M,2.65%
4/4/2024,14.73,3.06M,-1.93%
3/4/2024,15.02,1.88M,1.69%
2/4/2024,14.77,3.25M,2.71%
1/4/2024,14.38,1.61M,2.20%
28/03/2024,14.07,2.60M,0.72%
27/03/2024,13.97,1.46M,2.80%
26/03/2024,13.59,1.19M,0.74%
25/03/2024,13.49,1.49M,0.60%
22/03/2024,13.41,1.14M,0.68%
21/03/2024,13.32,1.96M,-0.37%
20/03/2024,13.37,1.71M,2.93%
19/03/2024,12.99,2.04M,-0.54%
18/03/2024,13.06,1.32M,0.31%
15/03/2024,13.02,2.70M,2.04%
14/03/2024,12.76,1.74M,1.11%
13/03/2024,12.62,896.65K,1.61%
12/3/2024,12.42,1.09M,0.73%
11/3/2024,12.33,1.20M,0.98%
8/3/2024,12.21,1.61M,-0.73%
7/3/2024,12.3,1.18M,1.15%
6/3/2024,12.16,1.59M,3.05%
5/3/2024,11.8,3.23M,3.87%
4/3/2024,11.36,2.35M,4.89%
1/3/2024,10.83,2.04M,4.23%
29/02/2024,10.39,1.57M,2.36%
28/02/2024,10.15,1.60M,-1.74%
27/02/2024,10.33,2.31M,-4.00%
26/02/2024,10.76,1.85M,1.61%
23/02/2024,10.59,4.97M,-6.03%
22/02/2024,11.27,1.54M,-0.88%
21/02/2024,11.37,2.30M,0.62%
20/02/2024,11.3,1.92M,3.29%
16/02/2024,10.94,1.58M,-0.91%
15/02/2024,11.04,1.69M,1.47%
14/02/2024,10.88,1.07M,0.28%
13/02/2024,10.85,2.93M,-8.05%
12/2/2024,11.8,946.60K,-0.76%
9/2/2024,11.89,1.29M,-2.22%
8/2/2024,12.16,1.07M,-1.38%
7/2/2024,12.33,886.42K,-0.40%
6/2/2024,12.38,641.07K,1.48%
5/2/2024,12.2,756.14K,-1.37%
2/2/2024,12.37,1.71M,-4.11%
1/2/2024,12.9,1.47M,5.65%
31/01/2024,12.21,1.24M,0.91%
30/01/2024,12.1,1.26M,0.25%
29/01/2024,12.07,1.73M,-1.07%
26/01/2024,12.2,1.23M,-1.77%
25/01/2024,12.42,1.42M,3.59%
24/01/2024,11.99,2.28M,-5.22%
23/01/2024,12.65,1.22M,-0.63%
22/01/2024,12.73,1.25M,0.71%
19/01/2024,12.64,1.22M,0.16%
18/01/2024,12.62,1.26M,0.64%
17/01/2024,12.54,1.21M,-1.03%
16/01/2024,12.67,1.12M,-0.39%
12/1/2024,12.72,1.21M,4.69%
11/1/2024,12.15,902.04K,-0.33%
10/1/2024,12.19,912.90K,0.91%
9/1/2024,12.08,757.61K,-0.41%
8/1/2024,12.13,1.17M,1.42%
5/1/2024,11.96,1.43M,0.34%
4/1/2024,11.92,1.60M,0.25%
3/1/2024,11.89,2.04M,-5.78%
2/1/2024,12.62,1.62M,-2.70%
29/12/2023,12.97,1.24M,-0.77%
28/12/2023,13.07,1.26M,-1.73%
27/12/2023,13.3,1.16M,0.00%
26/12/2023,13.3,821.67K,0.15%
22/12/2023,13.28,3.12M,1.84%
21/12/2023,13.04,1.70M,2.60%
20/12/2023,12.71,1.72M,-3.64%
19/12/2023,13.19,1.52M,3.05%
18/12/2023,12.8,1.22M,1.03%
15/12/2023,12.67,3.51M,0.64%
14/12/2023,12.59,2.32M,-0.71%
13/12/2023,12.68,2.37M,6.11%
12/12/2023,11.95,1.80M,-2.77%
11/12/2023,12.29,1.34M,-1.60%
8/12/2023,12.49,2.35M,-2.57%
7/12/2023,12.82,1.30M,-0.77%
6/12/2023,12.92,1.57M,0.70%
5/12/2023,12.83,1.93M,-1.76%
4/12/2023,13.06,2.39M,-3.40%
1/12/2023,13.52,2.65M,2.97%
30/11/2023,13.13,1.86M,1.39%
29/11/2023,12.95,1.68M,-0.15%
28/11/2023,12.97,3.08M,5.79%
27/11/2023,12.26,2.09M,2.42%
24/11/2023,11.97,1.39M,2.57%
22/11/2023,11.67,1.45M,1.74%
21/11/2023,11.47,2.22M,3.43%
20/11/2023,11.09,1.17M,-0.45%
17/11/2023,11.14,1.37M,0.27%
16/11/2023,11.11,1.70M,4.22%
15/11/2023,10.66,870.09K,-0.47%
14/11/2023,10.71,1.58M,4.08%
13/11/2023,10.29,1.39M,-1.25%
10/11/2023,10.42,1.16M,-1.04%
9/11/2023,10.53,1.25M,0.48%
8/11/2023,10.48,1.42M,-3.23%
7/11/2023,10.83,1.88M,-2.78%
6/11/2023,11.14,899.38K,-0.54%
3/11/2023,11.2,3.11M,2.56%
2/11/2023,10.92,3.11M,-0.27%
1/11/2023,10.95,1.93M,1.30%
31/10/2023,10.81,3.11M,-0.64%
30/10/2023,10.88,3.08M,0.93%
27/10/2023,10.78,4.20M,9.11%
26/10/2023,9.88,1.75M,-3.14%
25/10/2023,10.2,2.33M,-1.35%
24/10/2023,10.34,1.70M,0.98%
23/10/2023,10.24,2.32M,0.29%
20/10/2023,10.21,2.07M,0.79%
19/10/2023,10.13,1.36M,0.60%
18/10/2023,10.07,1.61M,1.10%
17/10/2023,9.96,1.17M,2.05%
16/10/2023,9.76,1.21M,-0.41%
13/10/2023,9.8,1.92M,5.04%
12/10/2023,9.33,1.52M,-2.81%
11/10/2023,9.6,1.85M,5.38%
10/10/2023,9.11,938.39K,1.00%
9/10/2023,9.02,854.76K,1.01%
6/10/2023,8.93,1.35M,2.64%
5/10/2023,8.7,960.82K,2.72%
4/10/2023,8.47,1.52M,-2.42%
3/10/2023,8.68,1.24M,2.97%
2/10/2023,8.43,2.17M,-5.39%
29/09/2023,8.91,728.55K,-0.56%
28/09/2023,8.96,1.97M,-0.33%
27/09/2023,8.99,1.55M,-2.18%
26/09/2023,9.19,1.48M,-4.17%
25/09/2023,9.59,1.25M,-0.10%
22/09/2023,9.6,608.05K,-1.13%
21/09/2023,9.71,722.63K,-3.38%
20/09/2023,10.05,705.57K,0.50%
19/09/2023,10,1.02M,-1.28%
18/09/2023,10.13,867.40K,1.10%
15/09/2023,10.02,4.76M,2.87%
14/09/2023,9.74,767.35K,1.14%
13/09/2023,9.63,776.36K,-1.03%
12/9/2023,9.73,1.11M,-0.71%
11/9/2023,9.8,1.15M,3.59%
8/9/2023,9.46,988.56K,-0.11%
7/9/2023,9.47,644.60K,-0.73%
6/9/2023,9.54,961.06K,-0.31%
5/9/2023,9.57,1.90M,0.10%
1/9/2023,9.56,749.08K,-0.10%
31/08/2023,9.57,747.47K,0.21%
30/08/2023,9.55,862.24K,0.84%
29/08/2023,9.47,589.97K,2.82%
28/08/2023,9.21,729.32K,3.02%
25/08/2023,8.94,644.83K,-1.32%
24/08/2023,9.06,958.02K,-1.63%
23/08/2023,9.21,1.28M,5.02%
22/08/2023,8.77,1.22M,0.92%
21/08/2023,8.69,880.17K,0.35%
18/08/2023,8.66,744.58K,-1.14%
17/08/2023,8.76,909.67K,-0.57%
16/08/2023,8.81,1.17M,-0.34%
15/08/2023,8.84,1.28M,-2.00%
14/08/2023,9.02,484.29K,-1.53%
11/8/2023,9.16,1.36M,0.88%
10/8/2023,9.08,917.45K,-0.11%
9/8/2023,9.09,686.76K,-0.87%
8/8/2023,9.17,745.93K,-0.43%
7/8/2023,9.21,765.51K,-0.32%
4/8/2023,9.24,1.03M,0.22%
3/8/2023,9.22,1.15M,-1.71%
2/8/2023,9.38,2.04M,-3.00%
1/8/2023,9.67,1.08M,-1.43%
31/07/2023,9.81,1.26M,1.98%
28/07/2023,9.62,3.03M,-5.22%
27/07/2023,10.15,2.53M,-6.37%
26/07/2023,10.84,1.55M,-1.54%
25/07/2023,11.01,764.74K,0.55%
24/07/2023,10.95,784.36K,-0.27%
21/07/2023,10.98,849.86K,-0.99%
20/07/2023,11.09,967.35K,-2.38%
19/07/2023,11.36,1.25M,0.09%
18/07/2023,11.35,912.81K,1.61%
17/07/2023,11.17,991.95K,0.72%
14/07/2023,11.09,850.61K,0.09%
13/07/2023,11.08,1.16M,1.00%
12/7/2023,10.97,2.42M,5.99%
11/7/2023,10.35,1.04M,0.19%
10/7/2023,10.33,1.04M,3.92%
7/7/2023,9.94,797.57K,1.33%
6/7/2023,9.81,1.20M,-2.78%
5/7/2023,10.09,1.18M,-1.66%
3/7/2023,10.26,495.74K,1.58%
30/06/2023,10.1,1.45M,1.51%
29/06/2023,9.95,1.44M,1.84%
28/06/2023,9.77,1.65M,1.98%
27/06/2023,9.58,2.47M,-3.04%
26/06/2023,9.88,588.76K,0.30%
23/06/2023,9.85,1.26M,0.20%
22/06/2023,9.83,825.39K,-0.30%
21/06/2023,9.86,842.78K,0.31%
20/06/2023,9.83,1.32M,-3.44%
16/06/2023,10.18,1.93M,2.62%
15/06/2023,9.92,1.37M,-0.40%
14/06/2023,9.96,1.52M,0.40%
13/06/2023,9.92,1.17M,0.10%
12/6/2023,9.91,696.23K,1.43%
9/6/2023,9.77,1.23M,-0.91%
8/6/2023,9.86,1.12M,1.34%
7/6/2023,9.73,2.01M,-1.12%
6/6/2023,9.84,1.67M,1.65%
5/6/2023,9.68,895.03K,0.10%
2/6/2023,9.67,1.25M,-2.52%
1/6/2023,9.92,2.11M,5.20%
31/05/2023,9.43,5.46M,-8.27%
30/05/2023,10.28,1.89M,0.88%
26/05/2023,10.19,1.47M,2.41%
25/05/2023,9.95,1.58M,-1.87%
24/05/2023,10.14,1.60M,-2.69%
23/05/2023,10.42,1.26M,0.87%
22/05/2023,10.33,687.19K,-0.77%
19/05/2023,10.41,1.45M,-0.76%
18/05/2023,10.49,1.56M,-3.50%
17/05/2023,10.87,1.10M,-1.81%
16/05/2023,11.07,1.23M,-1.95%
15/05/2023,11.29,1.44M,0.44%
12/5/2023,11.24,1.07M,-0.79%
11/5/2023,11.33,2.18M,-3.00%
10/5/2023,11.68,1.85M,-2.34%
9/5/2023,11.96,1.20M,0.25%
8/5/2023,11.93,1.19M,-0.50%
5/5/2023,11.99,1.67M,0.59%
4/5/2023,11.92,2.89M,0.85%
3/5/2023,11.82,2.98M,1.98%
2/5/2023,11.59,2.66M,3.57%
1/5/2023,11.19,1.79M,1.27%
28/04/2023,11.05,4.08M,5.04%
27/04/2023,10.52,1.49M,0.57%
26/04/2023,10.46,1.64M,-1.97%
25/04/2023,10.67,1.22M,-0.84%
24/04/2023,10.76,704.35K,0.75%
21/04/2023,10.68,1.55M,-1.66%
20/04/2023,10.86,2.16M,-1.81%
19/04/2023,11.06,1.35M,-2.21%
18/04/2023,11.31,1.67M,1.16%
17/04/2023,11.18,1.26M,-3.20%
14/04/2023,11.55,1.65M,0.26%
13/04/2023,11.52,2.36M,2.86%
12/4/2023,11.2,1.59M,1.91%
11/4/2023,10.99,1.80M,1.48%
10/4/2023,10.83,1.08M,0.09%
6/4/2023,10.82,828.38K,-0.18%
5/4/2023,10.84,1.87M,-0.55%
4/4/2023,10.9,1.83M,1.77%
3/4/2023,10.71,1.48M,3.38%
31/03/2023,10.36,1.42M,-0.96%
30/03/2023,10.46,1.42M,1.65%
29/03/2023,10.29,1.92M,1.18%
28/03/2023,10.17,1.89M,2.21%
27/03/2023,9.95,1.95M,1.22%
24/03/2023,9.83,1.32M,0.41%
23/03/2023,9.79,1.67M,0.31%
22/03/2023,9.76,2.00M,2.63%
21/03/2023,9.51,1.74M,-5.28%
20/03/2023,10.04,2.36M,1.41%
17/03/2023,9.9,5.30M,4.76%
16/03/2023,9.45,1.65M,-1.36%
15/03/2023,9.58,2.15M,-1.54%
14/03/2023,9.73,1.58M,1.57%
13/03/2023,9.58,3.02M,5.04%
10/3/2023,9.12,2.60M,-0.98%
9/3/2023,9.21,759.55K,-0.22%
8/3/2023,9.23,2.79M,0.11%
7/3/2023,9.22,1.33M,-3.96%
6/3/2023,9.6,1.35M,-2.64%
3/3/2023,9.86,2.42M,4.34%
2/3/2023,9.45,1.39M,-1.77%
1/3/2023,9.62,1.40M,3.22%
28/02/2023,9.32,1.50M,2.42%
27/02/2023,9.1,2.32M,2.25%
24/02/2023,8.9,3.55M,6.33%
23/02/2023,8.37,2.63M,-0.83%
22/02/2023,8.44,2.43M,-0.94%
21/02/2023,8.52,3.40M,-2.29%
17/02/2023,8.72,3.17M,-3.00%
16/02/2023,8.99,2.11M,1.12%
15/02/2023,8.89,1.27M,-2.31%
14/02/2023,9.1,1.30M,1.11%
13/02/2023,9,1.45M,-0.44%
10/2/2023,9.04,1.56M,-1.74%
9/2/2023,9.2,2.09M,-2.65%
8/2/2023,9.45,1.19M,1.18%
7/2/2023,9.34,944.54K,1.41%
6/2/2023,9.21,1.29M,-1.50%
3/2/2023,9.35,1.97M,-1.89%
2/2/2023,9.53,1.81M,-3.74%
1/2/2023,9.9,1.33M,3.56%
31/01/2023,9.56,814.63K,1.16%
30/01/2023,9.45,1.16M,-0.32%
27/01/2023,9.48,1.13M,-1.56%
26/01/2023,9.63,1.12M,0.10%
25/01/2023,9.62,1.79M,2.12%
24/01/2023,9.42,1.74M,2.17%
23/01/2023,9.22,1.37M,0.66%
20/01/2023,9.16,1.57M,2.23%
19/01/2023,8.96,1.81M,1.82%
18/01/2023,8.8,2.04M,0.69%
17/01/2023,8.74,2.06M,-3.21%
13/01/2023,9.03,1.78M,0.78%
12/1/2023,8.96,2.77M,3.11%
11/1/2023,8.69,2.04M,-3.34%
10/1/2023,8.99,1.60M,2.98%
9/1/2023,8.73,1.50M,-1.91%
6/1/2023,8.9,1.41M,2.42%
5/1/2023,8.69,1.78M,-1.92%
4/1/2023,8.86,1.50M,4.36%
3/1/2023,8.49,1.21M,1.56%
30/12/2022,8.36,657.78K,0.12%
29/12/2022,8.35,756.56K,0.72%
28/12/2022,8.29,1.25M,-4.38%
27/12/2022,8.67,1.07M,3.34%
23/12/2022,8.39,1.51M,2.44%
22/12/2022,8.19,1.92M,-1.44%
21/12/2022,8.31,1.77M,-0.72%
20/12/2022,8.37,2.00M,6.35%
19/12/2022,7.87,1.74M,-4.72%
16/12/2022,8.26,3.58M,3.25%
15/12/2022,8,2.80M,-2.44%
14/12/2022,8.2,971.41K,-1.56%
13/12/2022,8.33,1.04M,1.96%
12/12/2022,8.17,908.26K,-0.24%
9/12/2022,8.19,1.37M,-2.27%
8/12/2022,8.38,1.29M,2.95%
7/12/2022,8.14,1.64M,1.24%
6/12/2022,8.04,2.24M,0.00%
5/12/2022,8.04,1.23M,-3.25%
2/12/2022,8.31,1.60M,-0.95%
1/12/2022,8.39,3.40M,9.53%
30/11/2022,7.66,1.53M,4.08%
29/11/2022,7.36,987.03K,2.22%
28/11/2022,7.2,1.21M,-5.14%
25/11/2022,7.59,401.42K,-0.65%
23/11/2022,7.64,1.93M,-0.13%
22/11/2022,7.65,2.85M,10.39%
21/11/2022,6.93,1.94M,1.46%
18/11/2022,6.83,768.53K,1.64%
17/11/2022,6.72,983.78K,-2.75%
16/11/2022,6.91,732.93K,-1.43%
15/11/2022,7.01,942.98K,-1.68%
14/11/2022,7.13,1.22M,0.42%
11/11/2022,7.1,1.59M,1.57%
10/11/2022,6.99,3.17M,6.72%
9/11/2022,6.55,1.43M,-2.24%
8/11/2022,6.7,3.14M,6.01%
7/11/2022,6.32,1.98M,1.77%
4/11/2022,6.21,3.16M,12.70%
3/11/2022,5.51,2.49M,-2.82%
2/11/2022,5.67,3.11M,-6.90%
1/11/2022,6.09,3.66M,8.94%
31/10/2022,5.59,1.39M,-4.61%
28/10/2022,5.86,4.36M,-4.56%
27/10/2022,6.14,1.81M,-2.38%
26/10/2022,6.29,1.08M,3.97%
25/10/2022,6.05,1.25M,2.37%
24/10/2022,5.91,1.60M,-2.64%
21/10/2022,6.07,1.26M,6.12%
20/10/2022,5.72,917.07K,1.06%
19/10/2022,5.66,1.42M,-5.03%
18/10/2022,5.96,915.76K,1.71%
17/10/2022,5.86,1.16M,1.91%
14/10/2022,5.75,2.10M,-7.56%
13/10/2022,6.22,2.97M,-1.27%
12/10/2022,6.3,1.23M,0.80%
11/10/2022,6.25,1.40M,-1.73%
10/10/2022,6.36,1.25M,-2.90%
7/10/2022,6.55,1.77M,-4.52%
6/10/2022,6.86,1.34M,0.88%
5/10/2022,6.8,1.47M,-0.44%
4/10/2022,6.83,1.81M,3.48%
3/10/2022,6.6,3.48M,9.45%
30/09/2022,6.03,4.90M,2.38%
29/09/2022,5.89,1.53M,-0.17%
28/09/2022,5.9,3.43M,13.46%
27/09/2022,5.2,1.38M,0.78%
26/09/2022,5.16,2.03M,-3.55%
23/09/2022,5.35,1.91M,-7.12%
22/09/2022,5.76,1.76M,-1.54%
21/09/2022,5.85,2.00M,0.52%
20/09/2022,5.82,1.86M,-1.36%
19/09/2022,5.9,1.30M,2.97%
16/09/2022,5.73,2.42M,1.78%
15/09/2022,5.63,1.87M,-4.09%
14/09/2022,5.87,1.04M,0.17%
13/09/2022,5.86,1.89M,-3.14%
12/9/2022,6.05,2.23M,2.02%
9/9/2022,5.93,1.91M,1.89%
8/9/2022,5.82,1.90M,-0.17%
7/9/2022,5.83,3.97M,6.00%
6/9/2022,5.5,1.25M,-1.96%
2/9/2022,5.61,2.32M,6.05%
1/9/2022,5.29,2.34M,-4.17%
31/08/2022,5.52,2.31M,-1.43%
30/08/2022,5.6,1.68M,-2.78%
29/08/2022,5.76,1.80M,-1.20%
26/08/2022,5.83,1.71M,-6.27%
25/08/2022,6.22,905.71K,0.81%
24/08/2022,6.17,1.36M,1.31%
23/08/2022,6.09,790.07K,2.70%
22/08/2022,5.93,1.47M,-1.00%
19/08/2022,5.99,1.45M,-1.96%
18/08/2022,6.11,1.06M,0.83%
17/08/2022,6.06,1.45M,-3.96%
16/08/2022,6.31,1.56M,-1.10%
15/08/2022,6.38,2.16M,-2.89%
12/8/2022,6.57,1.77M,3.96%
11/8/2022,6.32,1.57M,-0.32%
10/8/2022,6.34,1.91M,-0.94%
9/8/2022,6.4,1.48M,1.11%
8/8/2022,6.33,2.27M,4.63%
5/8/2022,6.05,2.15M,-0.49%
4/8/2022,6.08,1.76M,4.47%
3/8/2022,5.82,2.30M,-2.02%
2/8/2022,5.94,1.93M,-2.30%
1/8/2022,6.08,2.34M,-1.30%
29/07/2022,6.16,5.33M,4.94%
28/07/2022,5.87,3.92M,1.73%
27/07/2022,5.77,3.38M,3.04%
26/07/2022,5.6,2.99M,-1.23%
25/07/2022,5.67,1.57M,-0.35%
22/07/2022,5.69,1.85M,-1.73%
21/07/2022,5.79,1.76M,1.40%
20/07/2022,5.71,1.93M,-2.39%
19/07/2022,5.85,2.42M,3.54%
18/07/2022,5.65,2.32M,2.91%
15/07/2022,5.49,1.88M,-1.44%
14/07/2022,5.57,3.35M,-2.28%
13/07/2022,5.7,3.03M,2.70%
12/7/2022,5.55,2.96M,-0.18%
11/7/2022,5.56,1.46M,-3.14%
8/7/2022,5.74,1.67M,-1.54%
7/7/2022,5.83,2.80M,0.52%
6/7/2022,5.8,2.18M,-2.68%
5/7/2022,5.96,2.75M,-8.59%
1/7/2022,6.52,2.14M,2.03%
30/06/2022,6.39,1.53M,-5.47%
29/06/2022,6.76,1.54M,-1.60%
28/06/2022,6.87,1.36M,-4.05%
27/06/2022,7.16,1.41M,0.70%
24/06/2022,7.11,1.57M,3.49%
23/06/2022,6.87,1.65M,-4.58%
22/06/2022,7.2,1.23M,-1.64%
21/06/2022,7.32,1.41M,-0.14%
17/06/2022,7.33,4.21M,-0.41%
16/06/2022,7.36,2.21M,-0.27%
15/06/2022,7.38,2.49M,0.14%
14/06/2022,7.37,2.13M,-3.66%
13/06/2022,7.65,2.35M,-8.16%
10/6/2022,8.33,2.94M,5.44%
9/6/2022,7.9,1.72M,-3.42%
8/6/2022,8.18,1.64M,-0.85%
7/6/2022,8.25,810.92K,-0.36%
6/6/2022,8.28,1.88M,-1.31%
3/6/2022,8.39,1.26M,-1.87%
2/6/2022,8.55,1.83M,5.43%
1/6/2022,8.11,1.88M,1.00%
31/05/2022,8.03,1.94M,-1.59%
27/05/2022,8.16,2.18M,-0.49%
26/05/2022,8.2,1.68M,-1.32%
25/05/2022,8.31,2.53M,-2.12%
24/05/2022,8.49,1.49M,1.68%
23/05/2022,8.35,1.24M,-0.48%
20/05/2022,8.39,1.36M,-1.53%
19/05/2022,8.52,4.85M,7.30%
18/05/2022,7.94,1.78M,-2.34%
17/05/2022,8.13,2.30M,0.62%
16/05/2022,8.08,2.30M,-0.12%
13/05/2022,8.09,2.51M,1.89%
12/5/2022,7.94,2.76M,-5.36%
11/5/2022,8.39,2.81M,0.00%
10/5/2022,8.39,2.07M,-1.76%
9/5/2022,8.54,2.37M,-5.32%
6/5/2022,9.02,1.42M,-1.53%
5/5/2022,9.16,2.02M,-4.38%
4/5/2022,9.58,2.15M,0.10%
3/5/2022,9.57,1.58M,1.16%
2/5/2022,9.46,2.67M,-2.67%
29/04/2022,9.72,4.81M,-7.87%
28/04/2022,10.55,2.37M,2.23%
27/04/2022,10.32,1.51M,-0.67%
26/04/2022,10.39,1.50M,-3.26%
25/04/2022,10.74,1.96M,-3.85%
22/04/2022,11.17,1.94M,-3.71%
21/04/2022,11.6,2.01M,-4.21%
20/04/2022,12.11,1.64M,1.59%
19/04/2022,11.92,1.94M,-2.30%
18/04/2022,12.2,1.53M,0.00%
14/04/2022,12.2,2.44M,0.33%
13/04/2022,12.16,2.28M,3.75%
12/4/2022,11.72,3.22M,0.77%
11/4/2022,11.63,1.87M,1.22%
8/4/2022,11.49,1.75M,4.08%
7/4/2022,11.04,1.10M,0.91%
6/4/2022,10.94,1.71M,-1.71%
5/4/2022,11.13,1.80M,-3.64%
4/4/2022,11.55,2.21M,0.35%
1/4/2022,11.51,1.66M,2.68%
31/03/2022,11.21,1.48M,-1.32%
30/03/2022,11.36,1.68M,1.16%
29/03/2022,11.23,2.44M,-0.53%
28/03/2022,11.29,2.29M,-2.59%
25/03/2022,11.59,1.24M,0.78%
24/03/2022,11.5,1.17M,-0.35%
23/03/2022,11.54,1.24M,2.49%
22/03/2022,11.26,1.28M,-0.97%
21/03/2022,11.37,1.90M,3.18%
18/03/2022,11.02,4.31M,-1.08%
17/03/2022,11.14,2.37M,2.96%
16/03/2022,10.82,2.38M,-0.46%
15/03/2022,10.87,2.23M,0.28%
14/03/2022,10.84,2.15M,-4.91%
11/3/2022,11.4,2.09M,-2.06%
10/3/2022,11.64,2.91M,1.04%
9/3/2022,11.52,3.37M,-0.26%
8/3/2022,11.55,8.04M,1.05%
7/3/2022,11.43,3.69M,0.35%
4/3/2022,11.39,3.35M,1.79%
3/3/2022,11.19,2.26M,-0.36%
2/3/2022,11.23,3.08M,-0.97%
1/3/2022,11.34,4.05M,3.56%
28/02/2022,10.95,3.27M,-2.06%
25/02/2022,11.18,3.56M,4.00%
24/02/2022,10.75,3.83M,-3.33%
23/02/2022,11.12,3.23M,2.49%
22/02/2022,10.85,2.96M,-1.00%
18/02/2022,10.96,2.83M,-0.45%
17/02/2022,11.01,5.60M,6.48%
16/02/2022,10.34,3.00M,0.68%
15/02/2022,10.27,2.46M,-0.96%
14/02/2022,10.37,3.68M,3.39%
11/2/2022,10.03,3.90M,8.08%
10/2/2022,9.28,2.31M,-1.80%
9/2/2022,9.45,1.78M,-1.46%
8/2/2022,9.59,1.66M,2.02%
7/2/2022,9.4,2.37M,4.10%
4/2/2022,9.03,1.79M,1.92%
3/2/2022,8.86,1.90M,-0.45%
2/2/2022,8.9,2.22M,1.25%
1/2/2022,8.79,1.34M,0.46%
31/01/2022,8.75,1.65M,2.58%
28/01/2022,8.53,2.03M,-1.04%
27/01/2022,8.62,2.60M,-3.47%
26/01/2022,8.93,2.33M,-4.49%
25/01/2022,9.35,2.01M,4.00%
24/01/2022,8.99,2.51M,-2.49%
21/01/2022,9.22,2.77M,-2.95%
20/01/2022,9.5,2.63M,-4.14%
19/01/2022,9.91,4.38M,7.25%
18/01/2022,9.24,2.08M,-3.14%
14/01/2022,9.54,1.45M,0.00%
13/01/2022,9.54,1.48M,-1.24%
12/1/2022,9.66,1.55M,1.47%
11/1/2022,9.52,1.55M,1.93%
10/1/2022,9.34,2.01M,2.98%
7/1/2022,9.07,1.40M,2.14%
6/1/2022,8.88,2.64M,-2.84%
5/1/2022,9.14,2.75M,-1.93%
4/1/2022,9.32,2.27M,2.08%
3/1/2022,9.13,1.02M,-2.35%
31/12/2021,9.35,1.33M,-0.21%
30/12/2021,9.37,1.31M,1.30%
29/12/2021,9.25,922.03K,-1.18%
28/12/2021,9.36,1.00M,-0.74%
27/12/2021,9.43,855.41K,0.00%
23/12/2021,9.43,1.13M,1.18%
22/12/2021,9.32,1.58M,2.87%
21/12/2021,9.06,2.36M,4.74%
20/12/2021,8.65,2.95M,-1.03%
17/12/2021,8.74,4.83M,-1.80%
16/12/2021,8.9,3.52M,3.61%
15/12/2021,8.59,2.63M,-1.49%
14/12/2021,8.72,1.94M,-1.13%
13/12/2021,8.82,1.58M,0.34%
10/12/2021,8.79,2.21M,-0.34%
9/12/2021,8.82,2.40M,-3.50%
8/12/2021,9.14,1.47M,-1.19%
7/12/2021,9.25,1.19M,0.76%
6/12/2021,9.18,1.05M,2.23%
3/12/2021,8.98,3.68M,3.70%
2/12/2021,8.66,2.17M,-0.69%
1/12/2021,8.72,2.07M,-2.90%
30/11/2021,8.98,1.90M,-0.88%
29/11/2021,9.06,1.95M,-2.48%
26/11/2021,9.29,1.73M,-1.06%
24/11/2021,9.39,1.07M,0.75%
23/11/2021,9.32,1.81M,-3.52%
22/11/2021,9.66,2.01M,-0.31%
19/11/2021,9.69,1.49M,-2.22%
18/11/2021,9.91,1.05M,-0.50%
17/11/2021,9.96,1.32M,0.61%
16/11/2021,9.9,1.94M,-2.65%
15/11/2021,10.17,2.31M,-0.29%
12/11/2021,10.2,1.56M,-0.20%
11/11/2021,10.22,2.17M,2.92%
10/11/2021,9.93,2.16M,1.74%
9/11/2021,9.76,1.32M,0.72%
8/11/2021,9.69,1.23M,0.31%
5/11/2021,9.66,1.65M,2.99%
4/11/2021,9.38,1.15M,-0.85%
3/11/2021,9.46,1.52M,2.27%
2/11/2021,9.25,1.46M,-0.43%
1/11/2021,9.29,1.67M,3.68%
29/10/2021,8.96,3.34M,-6.96%
28/10/2021,9.63,2.60M,-2.63%
27/10/2021,9.89,1.83M,0.20%
26/10/2021,9.87,911.49K,-0.50%
25/10/2021,9.92,1.73M,2.80%
22/10/2021,9.65,1.74M,0.73%
21/10/2021,9.58,1.40M,0.63%
20/10/2021,9.52,964.46K,0.21%
19/10/2021,9.5,1.24M,0.21%
18/10/2021,9.48,1.01M,-1.66%
15/10/2021,9.64,2.11M,0.84%
14/10/2021,9.56,2.00M,0.53%
13/10/2021,9.51,5.29M,9.31%
12/10/2021,8.7,1.38M,3.45%
11/10/2021,8.41,618.94K,-0.36%
8/10/2021,8.44,1.58M,1.08%
7/10/2021,8.35,2.46M,1.09%
6/10/2021,8.26,2.26M,3.25%
5/10/2021,8,1.46M,1.01%
4/10/2021,7.92,1.33M,2.06%
1/10/2021,7.76,1.98M,0.39%
30/09/2021,7.73,2.17M,3.07%
29/09/2021,7.5,2.22M,-4.94%
28/09/2021,7.89,2.26M,0.25%
27/09/2021,7.87,1.51M,0.64%
24/09/2021,7.82,1.84M,-0.76%
23/09/2021,7.88,2.08M,-4.37%
22/09/2021,8.24,1.91M,-0.24%
21/09/2021,8.26,1.11M,-0.24%
20/09/2021,8.28,1.64M,0.36%
17/09/2021,8.25,2.98M,1.10%
16/09/2021,8.16,2.76M,-3.89%
15/09/2021,8.49,1.17M,0.24%
14/09/2021,8.47,1.19M,-0.47%
13/09/2021,8.51,1.77M,3.03%
10/9/2021,8.26,1.60M,-2.71%
9/9/2021,8.49,1.42M,-1.85%
8/9/2021,8.65,1.14M,-0.23%
7/9/2021,8.67,1.20M,-3.67%
3/9/2021,9,1.85M,3.69%
2/9/2021,8.68,963.05K,-0.69%
1/9/2021,8.74,1.20M,-0.34%
31/08/2021,8.77,868.50K,2.45%
30/08/2021,8.56,1.13M,-3.06%
27/08/2021,8.83,1.60M,5.62%
26/08/2021,8.36,1.11M,-1.07%
25/08/2021,8.45,1.40M,-1.17%
24/08/2021,8.55,943.90K,0.47%
23/08/2021,8.51,1.52M,5.32%
20/08/2021,8.08,1.31M,0.25%
19/08/2021,8.06,2.05M,-3.01%
18/08/2021,8.31,2.39M,-0.84%
17/08/2021,8.38,1.24M,-1.06%
16/08/2021,8.47,1.13M,-1.97%
13/08/2021,8.64,937.37K,2.13%
12/8/2021,8.46,1.39M,-3.09%
11/8/2021,8.73,1.56M,3.19%
10/8/2021,8.46,1.78M,-0.82%
9/8/2021,8.53,2.33M,-3.72%
6/8/2021,8.86,2.19M,-2.74%
5/8/2021,9.11,2.00M,-2.04%
4/8/2021,9.3,1.58M,0.76%
3/8/2021,9.23,2.32M,-0.32%
2/8/2021,9.26,1.85M,-0.75%
30/07/2021,9.33,2.84M,-4.99%
29/07/2021,9.82,1.68M,2.19%
28/07/2021,9.61,961.57K,2.13%
27/07/2021,9.41,1.35M,0.11%
26/07/2021,9.4,788.77K,2.17%
23/07/2021,9.2,1.71M,-1.81%
22/07/2021,9.37,1.59M,-0.85%
21/07/2021,9.45,1.45M,2.49%
20/07/2021,9.22,1.52M,0.77%
19/07/2021,9.15,1.86M,-2.56%
16/07/2021,9.39,1.68M,-4.77%
15/07/2021,9.86,874.24K,0.00%
14/07/2021,9.86,1.13M,1.02%
13/07/2021,9.76,1.20M,1.46%
12/7/2021,9.62,1.80M,-2.63%
9/7/2021,9.88,861.59K,2.28%
8/7/2021,9.66,2.35M,-3.98%
7/7/2021,10.06,785.12K,-0.49%
6/7/2021,10.11,1.14M,-0.10%
2/7/2021,10.12,869.41K,1.71%
1/7/2021,9.95,918.82K,0.00%
30/06/2021,9.95,1.10M,1.02%
29/06/2021,9.85,1.49M,-1.79%
28/06/2021,10.03,1.25M,-1.57%
25/06/2021,10.19,1.15M,-1.07%
24/06/2021,10.3,916.31K,0.19%
23/06/2021,10.28,1.34M,-0.19%
22/06/2021,10.3,973.50K,-0.68%
21/06/2021,10.37,1.04M,1.27%
18/06/2021,10.24,2.25M,-3.85%
17/06/2021,10.65,3.23M,-5.42%
16/06/2021,11.26,1.25M,-2.34%
15/06/2021,11.53,1.29M,-0.17%
14/06/2021,11.55,905.97K,-0.94%
11/6/2021,11.66,1.06M,-0.68%
10/6/2021,11.74,1.04M,3.44%
9/6/2021,11.35,748.14K,-0.53%
8/6/2021,11.41,968.99K,-1.04%
7/6/2021,11.53,1.28M,-0.60%
4/6/2021,11.6,850.97K,0.96%
3/6/2021,11.49,1.63M,-3.45%
2/6/2021,11.9,1.42M,-0.25%
1/6/2021,11.93,1.88M,0.42%
28/05/2021,11.88,1.07M,0.59%
27/05/2021,11.81,957.06K,-0.92%
26/05/2021,11.92,1.39M,0.59%
25/05/2021,11.85,1.25M,-0.34%
24/05/2021,11.89,759.57K,0.68%
21/05/2021,11.81,2.05M,0.43%
20/05/2021,11.76,1.36M,2.53%
19/05/2021,11.47,2.08M,-0.95%
18/05/2021,11.58,1.22M,-0.60%
17/05/2021,11.65,2.26M,4.77%
14/05/2021,11.12,929.47K,2.77%
13/05/2021,10.82,1.14M,-0.46%
12/5/2021,10.87,1.34M,-1.54%
11/5/2021,11.04,1.21M,0.36%
10/5/2021,11,2.98M,-1.35%
7/5/2021,11.15,1.57M,1.18%
6/5/2021,11.02,2.22M,3.57%
5/5/2021,10.64,1.03M,2.31%
4/5/2021,10.4,2.05M,-1.98%
3/5/2021,10.61,2.69M,7.50%
30/04/2021,9.87,4.27M,-8.70%
29/04/2021,10.81,1.90M,-1.19%
28/04/2021,10.94,1.20M,0.74%
27/04/2021,10.86,1.25M,-2.43%
26/04/2021,11.13,1.05M,0.82%
23/04/2021,11.04,1.41M,-1.95%
22/04/2021,11.26,1.29M,-4.50%
21/04/2021,11.79,1.44M,2.70%
20/04/2021,11.48,1.58M,1.59%
19/04/2021,11.3,1.20M,-0.18%
16/04/2021,11.32,1.44M,1.43%
15/04/2021,11.16,1.38M,3.24%
14/04/2021,10.81,1.16M,-3.91%
13/04/2021,11.25,1.13M,2.37%
12/4/2021,10.99,1.18M,-3.09%
9/4/2021,11.34,1.25M,-0.87%
8/4/2021,11.44,1.55M,2.42%
7/4/2021,11.17,1.55M,-1.76%
6/4/2021,11.37,1.89M,1.07%
5/4/2021,11.25,1.18M,-0.62%
1/4/2021,11.32,3.27M,4.91%
31/03/2021,10.79,2.52M,3.35%
30/03/2021,10.44,1.91M,-3.06%
29/03/2021,10.77,1.71M,-1.28%
26/03/2021,10.91,1.24M,1.77%
25/03/2021,10.72,1.31M,-0.92%
24/03/2021,10.82,1.48M,-1.81%
23/03/2021,11.02,2.22M,-5.57%
22/03/2021,11.67,1.51M,-2.75%
19/03/2021,12,3.10M,1.10%
18/03/2021,11.87,2.49M,-1.49%
17/03/2021,12.05,2.11M,4.69%
16/03/2021,11.51,1.99M,0.26%
15/03/2021,11.48,2.88M,0.09%
12/3/2021,11.47,1.66M,1.06%
11/3/2021,11.35,2.05M,0.89%
10/3/2021,11.25,1.39M,-0.79%
9/3/2021,11.34,1.76M,2.07%
8/3/2021,11.11,1.30M,-2.03%
5/3/2021,11.34,1.84M,1.61%
4/3/2021,11.16,2.83M,2.01%
3/3/2021,10.94,3.00M,-0.18%
2/3/2021,10.96,3.08M,4.78%
1/3/2021,10.46,2.78M,-0.19%
26/02/2021,10.48,3.73M,-9.50%
25/02/2021,11.58,2.36M,-6.61%
24/02/2021,12.4,1.29M,1.64%
23/02/2021,12.2,1.93M,-3.02%
22/02/2021,12.58,1.82M,4.05%
19/02/2021,12.09,1.47M,-0.25%
18/02/2021,12.12,1.65M,-2.34%
17/02/2021,12.41,1.88M,-2.97%
16/02/2021,12.79,1.77M,-1.92%
12/2/2021,13.04,1.47M,0.08%
11/2/2021,13.03,1.40M,-1.66%
10/2/2021,13.25,1.39M,-0.15%
9/2/2021,13.27,2.77M,-0.38%
8/2/2021,13.32,2.84M,2.78%
5/2/2021,12.96,7.36M,12.70%
4/2/2021,11.5,2.98M,-1.12%
3/2/2021,11.63,1.82M,2.65%
2/2/2021,11.33,2.42M,-2.07%
1/2/2021,11.57,3.64M,3.21%
29/01/2021,11.21,2.71M,0.63%
28/01/2021,11.14,4.51M,4.60%
27/01/2021,10.65,3.07M,-1.48%
26/01/2021,10.81,1.87M,0.46%
25/01/2021,10.76,2.98M,-3.32%
22/01/2021,11.13,2.08M,-1.59%
21/01/2021,11.31,2.74M,-3.25%
20/01/2021,11.69,2.03M,3.27%
19/01/2021,11.32,2.48M,0.53%
15/01/2021,11.26,3.28M,-6.09%
14/01/2021,11.99,1.57M,-0.99%
13/01/2021,12.11,2.00M,-1.06%
12/1/2021,12.24,2.79M,-2.08%
11/1/2021,12.5,2.66M,-5.09%
8/1/2021,13.17,6.49M,-7.38%
7/1/2021,14.22,2.32M,0.57%
6/1/2021,14.14,3.20M,-0.28%
5/1/2021,14.18,3.15M,-0.35%
4/1/2021,14.23,4.02M,7.23%
31/12/2020,13.27,1.71M,-2.71%
30/12/2020,13.64,2.28M,4.20%
29/12/2020,13.09,1.79M,-0.91%
28/12/2020,13.21,1.61M,-0.60%
24/12/2020,13.29,702.34K,1.06%
23/12/2020,13.15,2.51M,5.96%
22/12/2020,12.41,1.86M,-4.32%
21/12/2020,12.97,2.14M,1.09%
18/12/2020,12.83,3.17M,-3.46%
17/12/2020,13.29,2.07M,3.91%
16/12/2020,12.79,1.75M,-0.08%
15/12/2020,12.8,1.36M,2.98%
14/12/2020,12.43,1.56M,-3.34%
11/12/2020,12.86,1.85M,-3.02%
10/12/2020,13.26,3.03M,2.71%
9/12/2020,12.91,2.06M,-1.68%
8/12/2020,13.13,1.16M,-0.68%
7/12/2020,13.22,2.31M,4.09%
4/12/2020,12.7,1.39M,0.32%
3/12/2020,12.66,1.91M,-2.24%
2/12/2020,12.95,2.23M,-0.61%
1/12/2020,13.03,3.60M,10.42%
30/11/2020,11.8,1.87M,-1.34%
27/11/2020,11.96,1.20M,-0.33%
25/11/2020,12,1.50M,0.33%
24/11/2020,11.96,2.85M,-2.05%
23/11/2020,12.21,4.05M,-4.68%
20/11/2020,12.81,1.51M,0.63%
19/11/2020,12.73,2.28M,-0.78%
18/11/2020,12.83,3.45M,-3.61%
17/11/2020,13.31,1.41M,-1.77%
16/11/2020,13.55,1.77M,-0.07%
13/11/2020,13.56,1.56M,0.07%
12/11/2020,13.55,1.73M,1.96%
11/11/2020,13.29,1.82M,-0.15%
10/11/2020,13.31,3.26M,1.14%
9/11/2020,13.16,4.71M,-8.29%
6/11/2020,14.35,2.37M,0.63%
5/11/2020,14.26,5.08M,11.23%
4/11/2020,12.82,2.50M,-1.84%
3/11/2020,13.06,3.23M,2.92%
2/11/2020,12.69,3.19M,1.28%
30/10/2020,12.53,3.04M,2.87%
29/10/2020,12.18,2.23M,1.67%
28/10/2020,11.98,3.90M,-9.52%
27/10/2020,13.24,2.42M,2.00%
26/10/2020,12.98,1.48M,-2.11%
23/10/2020,13.26,1.68M,-1.56%
22/10/2020,13.47,1.69M,-1.10%
21/10/2020,13.62,1.98M,1.49%
20/10/2020,13.42,1.40M,0.60%
19/10/2020,13.34,1.99M,-1.40%
16/10/2020,13.53,3.28M,-4.38%
15/10/2020,14.15,3.40M,2.98%
14/10/2020,13.74,2.84M,5.13%
13/10/2020,13.07,3.61M,0.46%
12/10/2020,13.01,4.50M,4.83%
9/10/2020,12.41,3.59M,10.80%
8/10/2020,11.2,1.54M,3.23%
7/10/2020,10.85,2.27M,-2.95%
6/10/2020,11.18,3.88M,0.54%
5/10/2020,11.12,2.57M,5.70%
2/10/2020,10.52,2.51M,-1.13%
1/10/2020,10.64,1.71M,0.85%
30/09/2020,10.55,1.66M,0.09%
29/09/2020,10.54,1.80M,2.53%
28/09/2020,10.28,1.81M,1.68%
25/09/2020,10.11,1.93M,0.90%
24/09/2020,10.02,3.92M,2.77%
23/09/2020,9.75,3.55M,-8.62%
22/09/2020,10.67,3.19M,-4.30%
21/09/2020,11.15,4.54M,-5.59%
18/09/2020,11.81,4.87M,0.25%
17/09/2020,11.78,4.49M,3.88%
16/09/2020,11.34,2.14M,1.25%
15/09/2020,11.2,1.67M,-0.27%
14/09/2020,11.23,2.44M,5.55%
11/9/2020,10.64,1.89M,-2.56%
10/9/2020,10.92,1.97M,-1.00%
9/9/2020,11.03,2.31M,3.76%
8/9/2020,10.63,2.37M,-2.83%
4/9/2020,10.94,2.07M,-1.26%
3/9/2020,11.08,1.94M,1.09%
2/9/2020,10.96,1.58M,-1.17%
1/9/2020,11.09,1.65M,-2.89%
31/08/2020,11.42,1.39M,0.62%
28/08/2020,11.35,1.81M,3.84%
27/08/2020,10.93,1.92M,-1.80%
26/08/2020,11.13,1.96M,3.53%
25/08/2020,10.75,2.57M,-1.01%
24/08/2020,10.86,1.91M,-0.55%
21/08/2020,10.92,2.10M,-4.55%
20/08/2020,11.44,1.84M,0.70%
19/08/2020,11.36,2.17M,-4.05%
18/08/2020,11.84,3.34M,-0.34%
17/08/2020,11.88,2.63M,7.12%
14/08/2020,11.09,1.25M,-1.86%
13/08/2020,11.3,1.92M,3.76%
12/8/2020,10.89,2.25M,0.00%
11/8/2020,10.89,4.11M,-8.33%
10/8/2020,11.88,1.97M,-1.82%
7/8/2020,12.1,2.31M,-3.35%
6/8/2020,12.52,3.33M,-1.49%
5/8/2020,12.71,3.81M,0.39%
4/8/2020,12.66,5.50M,4.28%
3/8/2020,12.14,2.81M,-3.57%
31/07/2020,12.59,5.32M,5.36%
30/07/2020,11.95,2.24M,-1.57%
29/07/2020,12.14,2.47M,-1.06%
28/07/2020,12.27,2.75M,-0.49%
27/07/2020,12.33,4.33M,2.92%
24/07/2020,11.98,2.59M,4.17%
23/07/2020,11.5,2.93M,-3.36%
22/07/2020,11.9,2.74M,0.42%
21/07/2020,11.85,3.12M,1.37%
20/07/2020,11.69,2.37M,4.00%
17/07/2020,11.24,2.85M,2.84%
16/07/2020,10.93,1.86M,-2.41%
15/07/2020,11.2,1.89M,0.18%
14/07/2020,11.18,3.37M,3.90%
13/07/2020,10.76,3.46M,-3.50%
10/7/2020,11.15,3.80M,4.89%
9/7/2020,10.63,2.74M,-2.39%
8/7/2020,10.89,3.27M,4.71%
7/7/2020,10.4,2.95M,5.05%
6/7/2020,9.9,2.50M,2.91%
2/7/2020,9.62,3.26M,0.42%
1/7/2020,9.58,2.95M,-1.24%
30/06/2020,9.7,4.07M,1.57%
29/06/2020,9.55,1.85M,2.91%
26/06/2020,9.28,2.07M,0.87%
25/06/2020,9.2,1.78M,1.88%
24/06/2020,9.03,2.21M,-3.01%
23/06/2020,9.31,1.90M,1.86%
22/06/2020,9.14,2.55M,6.16%
19/06/2020,8.61,2.44M,5.64%
18/06/2020,8.15,1.10M,-2.04%
17/06/2020,8.32,1.05M,0.12%
16/06/2020,8.31,2.10M,-2.35%
15/06/2020,8.51,2.45M,2.16%
12/6/2020,8.33,4.11M,0.97%
11/6/2020,8.25,5.03M,-6.99%
10/6/2020,8.87,3.60M,2.31%
9/6/2020,8.67,2.53M,1.88%
8/6/2020,8.51,3.20M,1.79%
5/6/2020,8.36,2.99M,1.09%
4/6/2020,8.27,1.72M,3.12%
3/6/2020,8.02,2.48M,-3.14%
2/6/2020,8.28,2.80M,-3.72%
1/6/2020,8.6,1.97M,2.38%
29/05/2020,8.4,2.41M,-0.24%
28/05/2020,8.42,2.14M,-1.98%
27/05/2020,8.59,2.93M,1.18%
26/05/2020,8.49,2.76M,-5.67%
22/05/2020,9,1.84M,-0.44%
21/05/2020,9.04,2.29M,-3.83%
20/05/2020,9.4,2.51M,-1.47%
19/05/2020,9.54,3.94M,8.29%
18/05/2020,8.81,3.19M,-5.57%
15/05/2020,9.33,3.35M,4.71%
14/05/2020,8.91,3.15M,2.18%
13/05/2020,8.72,2.67M,-2.13%
12/5/2020,8.91,2.34M,-0.11%
11/5/2020,8.92,3.02M,-3.46%
8/5/2020,9.24,2.84M,-4.05%
7/5/2020,9.63,3.54M,4.56%
6/5/2020,9.21,2.53M,-3.56%
5/5/2020,9.55,3.02M,-0.21%
4/5/2020,9.57,3.28M,3.01%
1/5/2020,9.29,4.73M,-1.90%
30/04/2020,9.47,2.53M,-2.87%
29/04/2020,9.75,2.96M,1.99%
28/04/2020,9.56,2.92M,-1.75%
27/04/2020,9.73,1.97M,-0.10%
24/04/2020,9.74,2.81M,1.04%
23/04/2020,9.64,4.83M,4.56%
22/04/2020,9.22,3.40M,6.84%
21/04/2020,8.63,2.91M,-0.69%
20/04/2020,8.69,2.79M,4.57%
17/04/2020,8.31,3.62M,-2.24%
16/04/2020,8.5,2.56M,1.07%
15/04/2020,8.41,2.61M,-1.98%
14/04/2020,8.58,5.03M,-1.83%
13/04/2020,8.74,5.32M,12.92%
9/4/2020,7.74,3.78M,12.17%
8/4/2020,6.9,1.41M,0.44%
7/4/2020,6.87,2.90M,-1.86%
6/4/2020,7,3.78M,8.02%
3/4/2020,6.48,2.28M,-1.97%
2/4/2020,6.61,2.58M,4.09%
1/4/2020,6.35,2.68M,2.92%
31/03/2020,6.17,3.34M,-0.96%
30/03/2020,6.23,3.49M,-6.60%
27/03/2020,6.67,3.96M,-4.85%
26/03/2020,7.01,4.38M,-1.41%
25/03/2020,7.11,5.71M,11.79%
24/03/2020,6.36,5.50M,13.17%
23/03/2020,5.62,4.37M,9.13%
20/03/2020,5.15,4.97M,-6.53%
19/03/2020,5.51,5.48M,2.80%
18/03/2020,5.36,5.86M,-19.40%
17/03/2020,6.65,6.91M,10.28%
16/03/2020,6.03,6.67M,4.87%
13/03/2020,5.75,4.77M,-12.35%
12/3/2020,6.56,6.81M,-13.23%
11/3/2020,7.56,5.40M,-9.89%
10/3/2020,8.39,2.66M,0.60%
9/3/2020,8.34,4.76M,-11.18%
6/3/2020,9.39,7.59M,-2.59%
5/3/2020,9.64,4.76M,-0.10%
4/3/2020,9.65,4.21M,2.33%
3/3/2020,9.43,6.12M,0.96%
2/3/2020,9.34,2.95M,7.48%
28/02/2020,8.69,5.71M,-7.75%
27/02/2020,9.42,6.56M,-12.78%
26/02/2020,10.8,4.69M,-1.10%
25/02/2020,10.92,11.69M,0.37%
24/02/2020,10.88,13.89M,9.57%
21/02/2020,9.93,20.23M,32.05%
20/02/2020,7.52,3.33M,-0.66%
19/02/2020,7.57,3.93M,2.71%
18/02/2020,7.37,3.70M,10.49%
14/02/2020,6.67,1.61M,-4.30%
13/02/2020,6.97,2.11M,0.87%
12/2/2020,6.91,870.57K,-1.00%
11/2/2020,6.98,2.56M,2.35%
10/2/2020,6.82,2.06M,2.10%
7/2/2020,6.68,1.25M,-1.47%
6/2/2020,6.78,2.43M,2.88%
5/2/2020,6.59,2.16M,-0.45%
4/2/2020,6.62,4.20M,-8.94%
3/2/2020,7.27,1.13M,-0.14%
31/01/2020,7.28,2.50M,0.41%
30/01/2020,7.25,1.90M,-0.55%
29/01/2020,7.29,2.18M,2.39%
28/01/2020,7.12,1.58M,-3.26%
27/01/2020,7.36,2.85M,-1.87%
24/01/2020,7.5,1.68M,2.60%
23/01/2020,7.31,1.81M,-0.27%
22/01/2020,7.33,912.95K,-0.81%
21/01/2020,7.39,2.39M,1.79%
17/01/2020,7.26,2.23M,-2.02%
16/01/2020,7.41,2.03M,0.00%
15/01/2020,7.41,2.25M,0.95%
14/01/2020,7.34,1.49M,1.80%
13/01/2020,7.21,1.59M,-4.12%
10/1/2020,7.52,1.43M,1.21%
9/1/2020,7.43,1.91M,-3.63%
8/1/2020,7.71,2.88M,-6.20%
7/1/2020,8.22,2.01M,4.31%
6/1/2020,7.88,2.58M,-1.50%
3/1/2020,8,3.10M,-1.11%
2/1/2020,8.09,1.77M,0.75%
31/12/2019,8.03,2.77M,1.90%
30/12/2019,7.88,3.68M,3.28%
27/12/2019,7.63,2.65M,-1.42%
26/12/2019,7.74,2.15M,0.39%
24/12/2019,7.71,1.55M,3.35%
23/12/2019,7.46,2.19M,5.07%
20/12/2019,7.1,4.20M,-1.25%
19/12/2019,7.19,3.26M,-0.96%
18/12/2019,7.26,1.62M,1.68%
17/12/2019,7.14,1.75M,-0.70%
16/12/2019,7.19,3.03M,-4.13%
13/12/2019,7.5,2.80M,3.31%
12/12/2019,7.26,2.05M,0.14%
11/12/2019,7.25,1.61M,1.12%
10/12/2019,7.17,1.84M,-1.24%
9/12/2019,7.26,2.72M,-0.55%
6/12/2019,7.3,3.73M,-0.82%
5/12/2019,7.36,7.31M,-7.07%
4/12/2019,7.92,1.78M,-3.06%
3/12/2019,8.17,2.49M,3.68%
2/12/2019,7.88,1.89M,0.51%
29/11/2019,7.84,1.02M,3.70%
27/11/2019,7.56,2.13M,-1.69%
26/11/2019,7.69,1.06M,1.85%
25/11/2019,7.55,1.45M,-0.53%
22/11/2019,7.59,1.71M,0.40%
21/11/2019,7.56,1.44M,-5.03%
20/11/2019,7.96,1.62M,2.84%
19/11/2019,7.74,1.35M,-0.39%
18/11/2019,7.77,1.34M,1.57%
15/11/2019,7.65,1.93M,-3.29%
14/11/2019,7.91,2.00M,0.38%
13/11/2019,7.88,2.15M,3.55%
12/11/2019,7.61,2.58M,-0.39%
11/11/2019,7.64,2.10M,-0.78%
8/11/2019,7.7,2.48M,0.92%
7/11/2019,7.63,5.02M,-14.37%
6/11/2019,8.91,2.09M,-0.22%
5/11/2019,8.93,3.02M,-0.22%
4/11/2019,8.95,2.63M,-0.44%
1/11/2019,8.99,4.14M,6.77%
31/10/2019,8.42,2.87M,2.81%
30/10/2019,8.19,2.43M,3.41%
29/10/2019,7.92,2.39M,0.38%
28/10/2019,7.89,1.37M,-2.95%
25/10/2019,8.13,1.66M,0.37%
24/10/2019,8.1,2.13M,2.92%
23/10/2019,7.87,1.80M,2.34%
22/10/2019,7.69,1.28M,0.00%
21/10/2019,7.69,1.66M,-2.41%
18/10/2019,7.88,1.84M,0.13%
17/10/2019,7.87,2.35M,6.50%
16/10/2019,7.39,1.67M,2.21%
15/10/2019,7.23,2.17M,-1.50%
14/10/2019,7.34,1.01M,-0.68%
11/10/2019,7.39,3.01M,-5.50%
10/10/2019,7.82,2.04M,0.64%
9/10/2019,7.77,1.94M,-2.26%
8/10/2019,7.95,1.96M,1.92%
7/10/2019,7.8,1.29M,-0.89%
4/10/2019,7.87,1.49M,0.90%
3/10/2019,7.8,1.86M,-0.13%
2/10/2019,7.81,2.39M,1.56%
1/10/2019,7.69,3.05M,-1.03%
30/09/2019,7.77,2.87M,-1.40%
27/09/2019,7.88,3.68M,0.25%
26/09/2019,7.86,2.96M,-4.26%
25/09/2019,8.21,3.68M,-8.27%
24/09/2019,8.95,2.63M,1.24%
23/09/2019,8.84,3.77M,5.24%
20/09/2019,8.4,4.19M,1.20%
19/09/2019,8.3,1.80M,2.22%
18/09/2019,8.12,3.75M,-3.22%
17/09/2019,8.39,2.62M,-0.83%
16/09/2019,8.46,3.65M,2.05%
13/09/2019,8.29,4.33M,-4.38%
12/9/2019,8.67,4.83M,1.17%
11/9/2019,8.57,3.69M,2.51%
10/9/2019,8.36,3.80M,-3.02%
9/9/2019,8.62,6.11M,-6.30%
6/9/2019,9.2,4.98M,-5.25%
5/9/2019,9.71,4.50M,-2.80%
4/9/2019,9.99,5.44M,7.88%
3/9/2019,9.26,4.43M,0.76%
30/08/2019,9.19,2.52M,-0.33%
29/08/2019,9.22,3.26M,-3.46%
28/08/2019,9.55,2.62M,0.32%
27/08/2019,9.52,3.54M,3.25%
26/08/2019,9.22,3.06M,0.55%
23/08/2019,9.17,5.61M,6.88%
22/08/2019,8.58,1.94M,-1.72%
21/08/2019,8.73,1.90M,-0.34%
20/08/2019,8.76,2.42M,2.22%
19/08/2019,8.57,2.82M,-0.58%
16/08/2019,8.62,3.41M,-1.71%
15/08/2019,8.77,3.16M,2.57%
14/08/2019,8.55,5.29M,5.69%
13/08/2019,8.09,3.62M,-2.06%
12/8/2019,8.26,2.61M,0.36%
9/8/2019,8.23,4.18M,-1.08%
8/8/2019,8.32,4.17M,6.12%
7/8/2019,7.84,9.57M,-8.52%
6/8/2019,8.57,4.99M,-1.04%
5/8/2019,8.66,5.81M,6.13%
2/8/2019,8.16,4.46M,-1.33%
1/8/2019,8.27,6.79M,7.40%
31/07/2019,7.7,5.11M,-4.70%
30/07/2019,8.08,3.56M,1.64%
29/07/2019,7.95,2.39M,0.89%
26/07/2019,7.88,2.41M,1.94%
25/07/2019,7.73,3.94M,-0.90%
24/07/2019,7.8,4.48M,4.14%
23/07/2019,7.49,5.42M,-4.10%
22/07/2019,7.81,4.71M,1.69%
19/07/2019,7.68,5.89M,-1.92%
18/07/2019,7.83,6.85M,3.03%
17/07/2019,7.6,4.45M,5.26%
16/07/2019,7.22,4.17M,3.44%
15/07/2019,6.98,3.24M,-0.14%
12/7/2019,6.99,3.20M,3.56%
11/7/2019,6.75,4.78M,-1.46%
10/7/2019,6.85,4.70M,4.58%
9/7/2019,6.55,3.53M,5.65%
8/7/2019,6.2,3.89M,-0.96%
5/7/2019,6.26,3.99M,0.32%
3/7/2019,6.24,3.48M,0.00%
2/7/2019,6.24,5.15M,7.77%
1/7/2019,5.79,3.19M,-0.52%
28/06/2019,5.82,3.26M,1.22%
27/06/2019,5.75,3.02M,0.88%
26/06/2019,5.7,4.69M,4.59%
25/06/2019,5.45,5.36M,-0.73%
24/06/2019,5.49,4.28M,1.10%
21/06/2019,5.43,11.98M,6.26%
20/06/2019,5.11,7.46M,13.30%
19/06/2019,4.51,2.54M,0.67%
18/06/2019,4.48,2.57M,4.19%
17/06/2019,4.3,1.99M,0.94%
14/06/2019,4.26,3.49M,-1.39%
13/06/2019,4.32,2.12M,0.47%
12/6/2019,4.3,1.82M,0.94%
11/6/2019,4.26,1.94M,2.16%
10/6/2019,4.17,2.38M,-3.25%
7/6/2019,4.31,2.37M,0.70%
6/6/2019,4.28,2.15M,0.94%
5/6/2019,4.24,2.86M,0.24%
4/6/2019,4.23,3.13M,0.95%
3/6/2019,4.19,5.30M,12.63%
31/05/2019,3.72,2.44M,2.20%
30/05/2019,3.64,2.97M,3.41%
29/05/2019,3.52,2.00M,-2.76%
28/05/2019,3.62,5.88M,16.40%
24/05/2019,3.11,2.32M,-2.51%
23/05/2019,3.19,3.38M,-7.54%
22/05/2019,3.45,1.36M,0.29%
21/05/2019,3.44,965.61K,0.58%
20/05/2019,3.42,960.44K,-3.12%
17/05/2019,3.53,1.32M,-2.22%
16/05/2019,3.61,1.89M,-5.00%
15/05/2019,3.8,1.53M,4.68%
14/05/2019,3.63,1.36M,-0.82%
13/05/2019,3.66,2.50M,4.57%
10/5/2019,3.5,1.58M,-0.28%
9/5/2019,3.51,1.37M,0.57%
8/5/2019,3.49,1.87M,-0.57%
7/5/2019,3.51,3.00M,-3.04%
6/5/2019,3.62,1.88M,5.85%
3/5/2019,3.42,5.41M,-16.79%
2/5/2019,4.11,2.09M,0.00%
1/5/2019,4.11,1.67M,-1.20%
30/04/2019,4.16,1.15M,-0.24%
29/04/2019,4.17,756.31K,-3.25%
26/04/2019,4.31,1.53M,4.61%
25/04/2019,4.12,1.04M,-0.96%
24/04/2019,4.16,1.36M,0.48%
23/04/2019,4.14,1.64M,-0.24%
22/04/2019,4.15,1.08M,-3.04%
18/04/2019,4.28,1.18M,-0.93%
17/04/2019,4.32,854.70K,1.17%
16/04/2019,4.27,1.37M,-4.69%
15/04/2019,4.48,758.88K,-0.67%
12/4/2019,4.51,676.97K,-1.10%
11/4/2019,4.56,1.22M,-2.56%
10/4/2019,4.68,1.32M,-1.06%
9/4/2019,4.73,1.42M,1.94%
8/4/2019,4.64,1.08M,1.31%
5/4/2019,4.58,983.50K,-1.72%
4/4/2019,4.66,1.49M,1.53%
3/4/2019,4.59,2.96M,3.15%
2/4/2019,4.45,1.68M,0.68%
1/4/2019,4.42,2.84M,-4.54%
29/03/2019,4.63,1.37M,-1.49%
28/03/2019,4.7,2.03M,-4.86%
27/03/2019,4.94,1.92M,-1.79%
26/03/2019,5.03,1.96M,2.24%
25/03/2019,4.92,2.50M,6.49%
22/03/2019,4.62,1.41M,1.54%
21/03/2019,4.55,1.92M,-3.40%
20/03/2019,4.71,1.70M,4.20%
19/03/2019,4.52,1.33M,2.96%
18/03/2019,4.39,1.06M,-2.44%
15/03/2019,4.5,3.19M,-0.66%
14/03/2019,4.53,1.70M,-5.03%
13/03/2019,4.77,1.73M,0.85%
12/3/2019,4.73,2.29M,6.77%
11/3/2019,4.43,1.45M,-0.67%
8/3/2019,4.46,2.91M,3.48%
7/3/2019,4.31,1.51M,3.11%
6/3/2019,4.18,986.80K,-1.88%
5/3/2019,4.26,1.15M,0.71%
4/3/2019,4.23,1.56M,0.71%
1/3/2019,4.2,1.88M,-3.45%
28/02/2019,4.35,1.69M,2.11%
27/02/2019,4.26,1.19M,-0.93%
26/02/2019,4.3,1.18M,0.00%
25/02/2019,4.3,1.87M,-2.05%
22/02/2019,4.39,3.14M,2.09%
21/02/2019,4.3,1.72M,-1.15%
20/02/2019,4.35,2.30M,-2.03%
19/02/2019,4.44,2.91M,6.22%
15/02/2019,4.18,1.78M,4.24%
14/02/2019,4.01,1.26M,0.25%
13/02/2019,4,1.49M,0.76%
12/2/2019,3.97,1.38M,-1.24%
11/2/2019,4.02,1.96M,-0.50%
8/2/2019,4.04,2.85M,5.76%
7/2/2019,3.82,2.66M,-2.55%
6/2/2019,3.92,3.68M,-6.00%
5/2/2019,4.17,2.63M,5.57%
4/2/2019,3.95,2.11M,-0.75%
1/2/2019,3.98,4.74M,6.13%
31/01/2019,3.75,8.45M,27.55%
30/01/2019,2.94,1.93M,4.26%
29/01/2019,2.82,1.39M,1.08%
28/01/2019,2.79,1.51M,3.72%
25/01/2019,2.69,2.06M,0.75%
24/01/2019,2.67,704.67K,1.14%
23/01/2019,2.64,1.12M,-1.86%
22/01/2019,2.69,1.87M,1.13%
18/01/2019,2.66,1.22M,-6.01%
17/01/2019,2.83,1.07M,-1.05%
16/01/2019,2.86,1.00M,-2.72%
15/01/2019,2.94,2.15M,0.00%
14/01/2019,2.94,1.31M,-3.92%
11/1/2019,3.06,1.16M,0.66%
10/1/2019,3.04,1.70M,-6.46%
9/1/2019,3.25,1.43M,-1.52%
8/1/2019,3.3,1.53M,-0.30%
7/1/2019,3.31,1.42M,1.22%
4/1/2019,3.27,1.35M,-5.49%
3/1/2019,3.46,1.70M,9.15%
2/1/2019,3.17,1.87M,10.07%
31/12/2018,2.88,1.03M,-0.69%
28/12/2018,2.9,1.06M,-1.69%
27/12/2018,2.95,744.04K,-1.34%
26/12/2018,2.99,746.32K,0.67%
24/12/2018,2.97,655.15K,-0.34%
21/12/2018,2.98,2.33M,-2.61%
20/12/2018,3.06,1.64M,0.99%
19/12/2018,3.03,1.64M,-7.06%
18/12/2018,3.26,1.66M,1.56%
17/12/2018,3.21,1.54M,11.07%
14/12/2018,2.89,843.04K,-1.03%
13/12/2018,2.92,1.14M,-5.81%
12/12/2018,3.1,459.90K,1.31%
11/12/2018,3.06,541.64K,0.33%
10/12/2018,3.05,526.07K,0.00%
7/12/2018,3.05,1.19M,7.02%
6/12/2018,2.85,652.37K,0.00%
4/12/2018,2.85,706.70K,-1.04%
3/12/2018,2.88,508.86K,1.41%
30/11/2018,2.84,491.84K,0.35%
29/11/2018,2.83,357.03K,-4.39%
28/11/2018,2.96,514.92K,2.07%
27/11/2018,2.9,728.64K,-1.36%
26/11/2018,2.94,1.06M,-2.97%
23/11/2018,3.03,237.58K,-3.81%
21/11/2018,3.15,499.11K,2.61%
20/11/2018,3.07,696.65K,-1.92%
19/11/2018,3.13,362.79K,-2.19%
16/11/2018,3.2,793.79K,2.56%
15/11/2018,3.12,722.08K,2.97%
14/11/2018,3.03,1.01M,-1.30%
13/11/2018,3.07,898.24K,-0.97%
12/11/2018,3.1,983.30K,-5.78%
9/11/2018,3.29,1.31M,-6.00%
8/11/2018,3.5,783.20K,-3.85%
7/11/2018,3.64,536.85K,-0.27%
6/11/2018,3.65,311.67K,0.00%
5/11/2018,3.65,597.57K,1.39%
2/11/2018,3.6,574.67K,3.45%
1/11/2018,3.48,1.13M,5.14%
31/10/2018,3.31,1.47M,-4.06%
30/10/2018,3.45,982.65K,4.55%
29/10/2018,3.3,1.47M,-14.29%
26/10/2018,3.85,1.97M,-6.10%
25/10/2018,4.1,1.21M,-4.65%
24/10/2018,4.3,912.92K,-4.02%
23/10/2018,4.48,641.76K,-1.32%
22/10/2018,4.54,411.62K,0.22%
19/10/2018,4.53,577.08K,-0.88%
18/10/2018,4.57,504.92K,0.22%
17/10/2018,4.56,937.17K,-0.87%
16/10/2018,4.6,1.13M,3.37%
15/10/2018,4.45,1.02M,-2.63%
12/10/2018,4.57,916.18K,-3.79%
11/10/2018,4.75,1.29M,5.56%
10/10/2018,4.5,695.13K,0.90%
9/10/2018,4.46,344.85K,-3.25%
8/10/2018,4.61,608.26K,4.77%
5/10/2018,4.4,774.42K,-0.90%
4/10/2018,4.44,608.32K,-1.33%
3/10/2018,4.5,1.09M,1.35%
2/10/2018,4.44,2.15M,-4.52%
1/10/2018,4.65,1.69M,5.20%
28/09/2018,4.42,1.30M,3.76%
27/09/2018,4.26,806.30K,-2.07%
26/09/2018,4.35,1.52M,-1.14%
25/09/2018,4.4,1.92M,-0.23%
24/09/2018,4.41,2.86M,0.23%
21/09/2018,4.4,3.87M,-0.68%
20/09/2018,4.43,2.39M,-7.52%
19/09/2018,4.79,1.11M,10.37%
18/09/2018,4.34,946.05K,-0.23%
17/09/2018,4.35,1.14M,6.10%
14/09/2018,4.1,1.03M,-3.53%
13/09/2018,4.25,950.41K,-2.52%
12/9/2018,4.36,1.03M,3.32%
11/9/2018,4.22,1.19M,-0.71%
10/9/2018,4.25,1.29M,-0.70%
7/9/2018,4.28,1.33M,-0.47%
6/9/2018,4.3,1.61M,-6.52%
5/9/2018,4.6,505.69K,0.00%
4/9/2018,4.6,1.22M,-6.12%
31/08/2018,4.9,919.54K,-1.61%
30/08/2018,4.98,432.56K,-0.40%
29/08/2018,5,581.48K,-0.99%
28/08/2018,5.05,460.76K,-1.94%
27/08/2018,5.15,690.06K,0.98%
24/08/2018,5.1,948.30K,6.25%
23/08/2018,4.8,847.61K,-3.23%
22/08/2018,4.96,1.37M,-0.80%
21/08/2018,5,557.85K,3.31%
20/08/2018,4.84,455.17K,3.20%
17/08/2018,4.69,963.75K,3.53%
16/08/2018,4.53,1.22M,-3.00%
15/08/2018,4.67,1.34M,-5.66%
14/08/2018,4.95,736.27K,2.06%
13/08/2018,4.85,1.49M,-4.90%
10/8/2018,5.1,634.59K,-1.92%
9/8/2018,5.2,298.07K,-1.89%
8/8/2018,5.3,364.87K,2.91%
7/8/2018,5.15,379.09K,-1.90%
6/8/2018,5.25,280.88K,-0.94%
3/8/2018,5.3,476.32K,2.91%
2/8/2018,5.15,908.79K,0.98%
1/8/2018,5.1,1.44M,-6.42%
31/07/2018,5.45,416.09K,1.87%
30/07/2018,5.35,555.12K,0.00%
27/07/2018,5.35,740.67K,1.90%
26/07/2018,5.25,1.11M,-7.89%
25/07/2018,5.7,527.57K,0.00%
24/07/2018,5.7,805.15K,0.00%
23/07/2018,5.7,608.82K,0.00%
20/07/2018,5.7,1.89M,6.54%
19/07/2018,5.35,642.98K,-0.93%
18/07/2018,5.4,668.74K,0.93%
17/07/2018,5.35,869.38K,-1.83%
16/07/2018,5.45,389.79K,0.93%
13/07/2018,5.4,511.17K,0.93%
12/7/2018,5.35,539.20K,1.90%
11/7/2018,5.25,700.95K,0.00%
10/7/2018,5.25,380.03K,1.94%
9/7/2018,5.15,552.92K,-1.90%
6/7/2018,5.25,449.75K,0.96%
5/7/2018,5.2,640.57K,1.96%
3/7/2018,5.1,393.90K,4.08%
2/7/2018,4.9,378.85K,-1.41%
29/06/2018,4.97,412.99K,1.43%
28/06/2018,4.9,1.09M,2.08%
27/06/2018,4.8,2.13M,-9.43%
26/06/2018,5.3,508.25K,-1.85%
25/06/2018,5.4,510.03K,-2.70%
22/06/2018,5.55,443.83K,-0.89%
21/06/2018,5.6,576.07K,0.00%
20/06/2018,5.6,418.69K,-1.75%
19/06/2018,5.7,585.63K,-0.87%
18/06/2018,5.75,306.35K,-0.86%
15/06/2018,5.8,1.78M,-0.85%
14/06/2018,5.85,661.04K,0.86%
13/06/2018,5.8,691.53K,1.75%
12/6/2018,5.7,605.39K,-1.72%
11/6/2018,5.8,990.51K,2.65%
8/6/2018,5.65,412.28K,0.00%
7/6/2018,5.65,477.54K,0.00%
6/6/2018,5.65,815.07K,-1.74%
5/6/2018,5.75,946.41K,5.50%
4/6/2018,5.45,497.27K,-1.80%
1/6/2018,5.55,799.47K,-0.89%
31/05/2018,5.6,505.36K,-1.75%
30/05/2018,5.7,893.07K,1.79%
29/05/2018,5.6,714.52K,-0.88%
25/05/2018,5.65,716.74K,-1.74%
24/05/2018,5.75,1.62M,0.00%
23/05/2018,5.75,2.14M,3.60%
22/05/2018,5.55,2.11M,16.84%
21/05/2018,4.75,1.36M,-5.00%
18/05/2018,5,1.46M,2.04%
17/05/2018,4.9,757.94K,2.73%
16/05/2018,4.77,424.53K,0.42%
15/05/2018,4.75,623.52K,-0.42%
14/05/2018,4.77,642.35K,0.42%
11/5/2018,4.75,940.52K,-1.04%
10/5/2018,4.8,709.41K,-1.03%
9/5/2018,4.85,1.70M,-1.02%
8/5/2018,4.9,1.10M,-0.41%
7/5/2018,4.92,683.01K,-2.57%
4/5/2018,5.05,732.59K,4.12%
3/5/2018,4.85,1.52M,-4.90%
2/5/2018,5.1,3.18M,9.68%
1/5/2018,4.65,2.46M,-2.11%
30/04/2018,4.75,1.31M,-0.63%
27/04/2018,4.78,2.22M,1.49%
26/04/2018,4.71,1.29M,-1.26%
25/04/2018,4.77,2.01M,1.49%
24/04/2018,4.7,1.06M,-1.05%
23/04/2018,4.75,3.17M,-3.06%
20/04/2018,4.9,1.96M,0.20%
19/04/2018,4.89,1.96M,-1.21%
18/04/2018,4.95,1.82M,1.23%
17/04/2018,4.89,3.26M,0.62%
16/04/2018,4.86,5.47M,3.18%
13/04/2018,4.71,4.55M,-4.27%
12/4/2018,4.92,4.74M,-2.57%
11/4/2018,5.05,1.71M,2.64%
10/4/2018,4.92,2.88M,1.65%
9/4/2018,4.84,3.61M,-0.82%
6/4/2018,4.88,2.81M,2.31%
5/4/2018,4.77,2.27M,2.58%
4/4/2018,4.65,3.53M,2.42%
3/4/2018,4.54,3.09M,9.66%
2/4/2018,4.14,2.52M,-1.43%
29/03/2018,4.2,1.94M,3.19%
28/03/2018,4.07,1.71M,-2.63%
27/03/2018,4.18,3.57M,-3.69%
26/03/2018,4.34,3.04M,-3.56%
23/03/2018,4.5,2.47M,-2.17%
22/03/2018,4.6,4.67M,-11.54%
21/03/2018,5.2,2.92M,0.97%
20/03/2018,5.15,1.81M,-2.83%
19/03/2018,5.3,1.98M,-0.93%
16/03/2018,5.35,6.21M,-1.83%
15/03/2018,5.45,2.72M,0.00%
14/03/2018,5.45,1.73M,0.93%
13/03/2018,5.4,1.77M,-2.70%
12/3/2018,5.55,1.59M,0.00%
9/3/2018,5.55,2.33M,2.78%
8/3/2018,5.4,1.82M,-1.82%
7/3/2018,5.5,1.15M,-3.51%
6/3/2018,5.7,1.18M,0.00%
5/3/2018,5.7,1.47M,3.64%
2/3/2018,5.5,2.12M,0.92%
1/3/2018,5.45,2.19M,2.83%
28/02/2018,5.3,1.35M,0.00%
27/02/2018,5.3,1.18M,-4.50%
26/02/2018,5.55,981.57K,2.78%
23/02/2018,5.4,1.11M,-0.92%
22/02/2018,5.45,1.89M,-0.91%
21/02/2018,5.5,2.11M,0.92%
20/02/2018,5.45,1.54M,-2.68%
16/02/2018,5.6,2.22M,-3.45%
15/02/2018,5.8,3.08M,0.00%
14/02/2018,5.8,4.22M,2.65%
13/02/2018,5.65,2.53M,-2.59%
12/2/2018,5.8,2.61M,1.75%
9/2/2018,5.7,3.00M,-7.32%
8/2/2018,6.15,2.78M,1.65%
7/2/2018,6.05,2.14M,1.68%
6/2/2018,5.95,2.39M,-3.25%
5/2/2018,6.15,2.05M,0.82%
2/2/2018,6.1,2.49M,-6.15%
1/2/2018,6.5,1.31M,0.00%
31/01/2018,6.5,2.09M,4.00%
30/01/2018,6.25,2.11M,-1.57%
29/01/2018,6.35,1.65M,-5.93%
26/01/2018,6.75,1.44M,-1.46%
25/01/2018,6.85,2.63M,-4.20%
24/01/2018,7.15,2.03M,1.42%
23/01/2018,7.05,1.64M,5.22%
22/01/2018,6.7,752.07K,0.00%
19/01/2018,6.7,838.66K,0.75%
18/01/2018,6.65,1.34M,-2.21%
17/01/2018,6.8,2.50M,0.74%
16/01/2018,6.75,1.68M,4.65%
12/1/2018,6.45,2.21M,1.57%
11/1/2018,6.35,1.58M,0.00%
10/1/2018,6.35,1.67M,0.79%
9/1/2018,6.3,2.27M,-4.55%
8/1/2018,6.6,3.13M,-6.38%
5/1/2018,7.05,1.30M,0.00%
4/1/2018,7.05,1.22M,1.44%
3/1/2018,6.95,1.91M,-3.47%
2/1/2018,7.2,1.87M,0.70%
29/12/2017,7.15,1.81M,-0.69%
28/12/2017,7.2,1.84M,1.41%
27/12/2017,7.1,1.54M,0.71%
26/12/2017,7.05,2.14M,5.22%
22/12/2017,6.7,1.32M,6.35%
21/12/2017,6.3,1.05M,-0.79%
20/12/2017,6.35,1.06M,0.79%
19/12/2017,6.3,899.18K,0.00%
18/12/2017,6.3,1.63M,-2.33%
15/12/2017,6.45,6.68M,1.57%
14/12/2017,6.35,1.18M,0.79%
13/12/2017,6.3,2.37M,4.13%
12/12/2017,6.05,1.18M,-2.42%
11/12/2017,6.2,2.63M,6.90%
8/12/2017,5.8,1.78M,0.00%
7/12/2017,5.8,1.20M,3.57%
6/12/2017,5.6,857.63K,0.00%
5/12/2017,5.6,1.12M,-2.61%
4/12/2017,5.75,560.61K,-0.86%
1/12/2017,5.8,1.11M,2.65%
30/11/2017,5.65,1.04M,-1.74%
29/11/2017,5.75,1.11M,-3.36%
28/11/2017,5.95,743.52K,0.85%
27/11/2017,5.9,918.19K,-4.07%
24/11/2017,6.15,504.05K,-1.60%
22/11/2017,6.25,1.10M,5.93%
21/11/2017,5.9,887.61K,-3.28%
20/11/2017,6.1,1.00M,-3.17%
17/11/2017,6.3,1.97M,5.00%
16/11/2017,6,1.20M,4.35%
15/11/2017,5.75,1.27M,-1.71%
14/11/2017,5.85,743.09K,0.00%
13/11/2017,5.85,1.37M,-3.31%
10/11/2017,6.05,1.03M,-5.47%
9/11/2017,6.4,1.28M,5.79%
8/11/2017,6.05,1.04M,-0.82%
7/11/2017,6.1,1.05M,-3.17%
6/11/2017,6.3,1.01M,0.80%
3/11/2017,6.25,1.07M,0.00%
2/11/2017,6.25,2.10M,0.00%
1/11/2017,6.25,1.45M,0.00%
31/10/2017,6.25,4.34M,-8.09%
30/10/2017,6.8,1.78M,5.43%
27/10/2017,6.45,2.47M,-1.53%
26/10/2017,6.55,2.43M,0.77%
25/10/2017,6.5,4.63M,-12.16%
24/10/2017,7.4,3.65M,-4.52%
23/10/2017,7.75,7.42M,-28.57%
20/10/2017,10.85,674.68K,-0.46%
19/10/2017,10.9,1.17M,2.35%
18/10/2017,10.65,1.28M,-3.18%
17/10/2017,11,571.76K,0.92%
16/10/2017,10.9,773.81K,-3.54%
13/10/2017,11.3,426.05K,0.44%
12/10/2017,11.25,882.94K,-0.44%
11/10/2017,11.3,738.32K,-0.44%
10/10/2017,11.35,1.07M,-3.40%
9/10/2017,11.75,588.41K,3.98%
6/10/2017,11.3,592.93K,1.80%
5/10/2017,11.1,768.93K,-1.33%
4/10/2017,11.25,1.12M,1.81%
3/10/2017,11.05,1.01M,0.91%
2/10/2017,10.95,1.04M,-0.45%
29/09/2017,11,1.58M,-4.35%
28/09/2017,11.5,2.15M,3.60%
27/09/2017,11.1,1.45M,-1.77%
26/09/2017,11.3,709.43K,-3.83%
25/09/2017,11.75,996.77K,3.98%
22/09/2017,11.3,669.51K,0.89%
21/09/2017,11.2,1.49M,1.36%
20/09/2017,11.05,2.28M,-1.78%
19/09/2017,11.25,2.13M,-3.02%
18/09/2017,11.6,2.84M,0.00%
15/09/2017,11.6,3.89M,-2.52%
14/09/2017,11.9,1.80M,3.93%
13/09/2017,11.45,4.78M,16.24%
12/9/2017,9.85,1.11M,2.07%
11/9/2017,9.65,1.20M,-6.31%
8/9/2017,10.3,670.99K,-2.37%
7/9/2017,10.55,626.51K,2.43%
6/9/2017,10.3,1.01M,-1.90%
5/9/2017,10.5,1.33M,0.96%
1/9/2017,10.4,575.42K,0.97%
31/08/2017,10.3,691.40K,3.52%
30/08/2017,9.95,778.88K,-1.97%
29/08/2017,10.15,1.48M,-1.93%
28/08/2017,10.35,1.09M,5.61%
25/08/2017,9.8,834.89K,1.55%
24/08/2017,9.65,572.39K,1.05%
23/08/2017,9.55,421.60K,1.06%
22/08/2017,9.45,567.37K,-1.05%
21/08/2017,9.55,755.88K,0.53%
18/08/2017,9.5,950.18K,1.60%
17/08/2017,9.35,709.27K,-1.06%
16/08/2017,9.45,967.06K,0.53%
15/08/2017,9.4,1.07M,-1.57%
14/08/2017,9.55,871.03K,-4.50%
11/8/2017,10,1.05M,3.63%
10/8/2017,9.65,1.03M,0.52%
9/8/2017,9.6,1.35M,1.05%
8/8/2017,9.5,1.04M,-1.55%
7/8/2017,9.65,1.30M,5.46%
4/8/2017,9.15,1.87M,-1.08%
3/8/2017,9.25,2.16M,-7.04%
2/8/2017,9.95,1.62M,-4.33%
1/8/2017,10.4,1.45M,-1.89%
31/07/2017,10.6,1.98M,-6.19%
28/07/2017,11.3,1.85M,-5.83%
27/07/2017,12,1.06M,-2.83%
26/07/2017,12.35,1.53M,2.07%
25/07/2017,12.1,697.24K,-0.82%
24/07/2017,12.2,614.47K,-2.40%
21/07/2017,12.5,893.55K,-1.57%
20/07/2017,12.7,918.86K,2.01%
19/07/2017,12.45,612.23K,0.40%
18/07/2017,12.4,598.70K,1.22%
17/07/2017,12.25,750.77K,1.66%
14/07/2017,12.05,965.70K,0.00%
13/07/2017,12.05,806.16K,-0.82%
12/7/2017,12.15,968.01K,0.00%
11/7/2017,12.15,1.28M,0.00%
10/7/2017,12.15,1.98M,0.41%
7/7/2017,12.1,1.42M,-5.47%
6/7/2017,12.8,763.19K,-0.39%
5/7/2017,12.85,1.25M,0.00%
3/7/2017,12.85,606.24K,-2.65%
30/06/2017,13.2,1.54M,2.33%
29/06/2017,12.9,1.30M,-3.37%
28/06/2017,13.35,1.87M,-5.32%
27/06/2017,14.1,738.12K,-2.42%
26/06/2017,14.45,566.70K,-0.69%
23/06/2017,14.55,1.12M,3.56%
22/06/2017,14.05,721.79K,1.44%
21/06/2017,13.85,698.24K,0.73%
20/06/2017,13.75,777.70K,-1.43%
19/06/2017,13.95,1.67M,1.45%
16/06/2017,13.75,10.06M,3.00%
15/06/2017,13.35,2.31M,-0.74%
14/06/2017,13.45,1.96M,-4.27%
13/06/2017,14.05,1.80M,3.31%
12/6/2017,13.6,3.79M,-6.21%
9/6/2017,14.5,1.20M,1.40%
8/6/2017,14.3,2.69M,-9.49%
7/6/2017,15.8,1.27M,-2.17%
6/6/2017,16.15,1.86M,6.95%
5/6/2017,15.1,793.70K,-0.33%
2/6/2017,15.15,935.42K,-0.98%
1/6/2017,15.3,837.67K,0.33%
31/05/2017,15.25,2.77M,-4.39%
30/05/2017,15.95,1.40M,-4.78%
26/05/2017,16.75,1.15M,-2.33%
25/05/2017,17.15,857.07K,-0.29%
24/05/2017,17.2,1.50M,1.18%
23/05/2017,17,2.26M,-5.82%
22/05/2017,18.05,1.31M,4.34%
19/05/2017,17.3,2.66M,2.67%
18/05/2017,16.85,3.94M,1.20%
17/05/2017,16.65,3.13M,-1.48%
16/05/2017,16.9,1.63M,-0.59%
15/05/2017,17,2.37M,-7.10%
12/5/2017,18.3,1.08M,-0.27%
11/5/2017,18.35,1.25M,1.94%
10/5/2017,18,1.04M,1.41%
9/5/2017,17.75,1.07M,0.00%
8/5/2017,17.75,1.60M,3.80%
5/5/2017,17.1,1.20M,3.01%
4/5/2017,16.6,1.07M,-4.60%
3/5/2017,17.4,1.80M,0.58%
2/5/2017,17.3,1.35M,1.17%
1/5/2017,17.1,1.41M,-6.56%
28/04/2017,18.3,1.54M,8.28%
27/04/2017,16.9,1.43M,-3.43%
26/04/2017,17.5,1.59M,2.94%
25/04/2017,17,1.47M,-4.49%
24/04/2017,17.8,1.09M,-1.11%
21/04/2017,18,1.23M,0.00%
20/04/2017,18,1.15M,-0.55%
19/04/2017,18.1,2.24M,-2.69%
18/04/2017,18.6,1.05M,0.81%
17/04/2017,18.45,798.71K,0.00%
13/04/2017,18.45,2.30M,3.94%
12/4/2017,17.75,1.08M,-0.28%
11/4/2017,17.8,766.77K,2.30%
10/4/2017,17.4,609.63K,0.29%
7/4/2017,17.35,1.01M,0.58%
6/4/2017,17.25,735.34K,0.88%
5/4/2017,17.1,1.15M,-0.58%
4/4/2017,17.2,586.41K,0.00%
3/4/2017,17.2,860.97K,0.88%
31/03/2017,17.05,1.09M,-2.01%
30/03/2017,17.4,884.95K,0.00%
29/03/2017,17.4,1.71M,10.13%
28/03/2017,15.8,849.10K,-2.77%
27/03/2017,16.25,733.79K,3.50%
24/03/2017,15.7,439.38K,-0.95%
23/03/2017,15.85,847.87K,0.63%
22/03/2017,15.75,619.03K,-0.63%
21/03/2017,15.85,1.21M,2.92%
20/03/2017,15.4,881.96K,-0.65%
17/03/2017,15.5,1.48M,0.32%
16/03/2017,15.45,982.58K,-0.64%
15/03/2017,15.55,1.52M,9.12%
14/03/2017,14.25,888.31K,-4.36%
13/03/2017,14.9,881.89K,0.00%
10/3/2017,14.9,952.49K,4.20%
9/3/2017,14.3,1.37M,0.00%
8/3/2017,14.3,1.34M,3.25%
7/3/2017,13.85,933.27K,-3.15%
6/3/2017,14.3,1.24M,-3.05%
3/3/2017,14.75,1.05M,2.08%
2/3/2017,14.45,1.33M,-6.17%
1/3/2017,15.4,1.15M,0.65%
28/02/2017,15.3,1.64M,-3.16%
27/02/2017,15.8,1.30M,-1.86%
24/02/2017,16.1,1.88M,-10.80%
23/02/2017,18.05,974.45K,-1.10%
22/02/2017,18.25,985.77K,0.55%
21/02/2017,18.15,684.91K,-0.82%
17/02/2017,18.3,794.28K,-3.68%
16/02/2017,19,715.39K,3.26%
15/02/2017,18.4,935.18K,-1.08%
14/02/2017,18.6,833.89K,1.09%
13/02/2017,18.4,949.01K,-2.90%
10/2/2017,18.95,1.00M,1.61%
9/2/2017,18.65,773.63K,-3.12%
8/2/2017,19.25,1.43M,2.12%
7/2/2017,18.85,977.37K,-0.53%
6/2/2017,18.95,1.00M,5.28%
3/2/2017,18,605.41K,0.00%
2/2/2017,18,813.24K,1.69%
1/2/2017,17.7,1.13M,0.28%
31/01/2017,17.65,1.17M,3.82%
30/01/2017,17,608.46K,-0.87%
27/01/2017,17.15,541.92K,2.08%
26/01/2017,16.8,1.05M,-4.27%
25/01/2017,17.55,888.13K,-1.68%
24/01/2017,17.85,1.16M,1.13%
23/01/2017,17.65,701.19K,2.02%
20/01/2017,17.3,857.66K,3.59%
19/01/2017,16.7,900.11K,-0.30%
18/01/2017,16.75,1.42M,-2.62%
17/01/2017,17.2,1.35M,1.18%
13/01/2017,17,932.30K,2.10%
12/1/2017,16.65,1.75M,-3.48%
11/1/2017,17.25,2.01M,2.37%
10/1/2017,16.85,896.61K,0.60%
9/1/2017,16.75,1.03M,-1.47%
6/1/2017,17,1.61M,-5.29%
5/1/2017,17.95,1.37M,4.97%
4/1/2017,17.1,1.13M,2.40%
3/1/2017,16.7,1.06M,3.73%
30/12/2016,16.1,1.42M,-4.73%
29/12/2016,16.9,1.44M,5.62%
28/12/2016,16,933.37K,2.24%
27/12/2016,15.65,675.18K,2.62%
23/12/2016,15.25,501.78K,1.67%
22/12/2016,15,963.97K,-1.96%
21/12/2016,15.3,1.42M,3.38%
20/12/2016,14.8,1.19M,4.59%
19/12/2016,14.15,1.90M,2.91%
16/12/2016,13.75,2.52M,1.10%
15/12/2016,13.6,2.69M,-3.89%
14/12/2016,14.15,1.87M,-5.35%
13/12/2016,14.95,951.51K,-1.64%
12/12/2016,15.2,1.02M,4.11%
9/12/2016,14.6,1.30M,-3.31%
8/12/2016,15.1,978.01K,1.00%
7/12/2016,14.95,1.39M,-1.32%
6/12/2016,15.15,1.30M,2.71%
5/12/2016,14.75,1.27M,2.08%
2/12/2016,14.45,1.34M,5.09%
1/12/2016,13.75,995.31K,0.36%
30/11/2016,13.7,1.04M,1.11%
29/11/2016,13.55,713.09K,-2.52%
28/11/2016,13.9,1.17M,4.51%
25/11/2016,13.3,835.64K,0.38%
23/11/2016,13.25,1.40M,-6.03%
22/11/2016,14.1,1.04M,0.00%
21/11/2016,14.1,812.17K,2.92%
18/11/2016,13.7,1.09M,-0.36%
17/11/2016,13.75,1.36M,-2.83%
16/11/2016,14.15,1.68M,-1.39%
15/11/2016,14.35,1.53M,10.38%
14/11/2016,13,2.73M,-2.26%
11/11/2016,13.3,2.53M,-7.96%
10/11/2016,14.45,2.01M,-8.25%
9/11/2016,15.75,1.84M,0.32%
8/11/2016,15.7,1.08M,-0.95%
7/11/2016,15.85,793.51K,-3.35%
4/11/2016,16.4,1.15M,-1.50%
3/11/2016,16.65,1.16M,0.60%
2/11/2016,16.55,2.09M,0.30%
1/11/2016,16.5,1.58M,4.43%
31/10/2016,15.8,2.63M,-5.11%
28/10/2016,16.65,1.24M,0.00%
27/10/2016,16.65,798.84K,-2.35%
26/10/2016,17.05,1.23M,-5.54%
25/10/2016,18.05,1.09M,1.12%
24/10/2016,17.85,899.04K,-4.29%
21/10/2016,18.65,627.28K,-0.80%
20/10/2016,18.8,684.61K,1.08%
19/10/2016,18.6,1.01M,3.05%
18/10/2016,18.05,680.85K,2.85%
17/10/2016,17.55,540.04K,0.57%
14/10/2016,17.45,869.38K,-3.59%
13/10/2016,18.1,924.24K,1.40%
12/10/2016,17.85,1.45M,3.48%
11/10/2016,17.25,837.50K,-1.15%
10/10/2016,17.45,624.14K,1.75%
7/10/2016,17.15,1.28M,-1.15%
6/10/2016,17.35,1.27M,-1.70%
5/10/2016,17.65,1.11M,0.86%
4/10/2016,17.5,1.69M,-7.65%
3/10/2016,18.95,1.16M,-3.56%
30/09/2016,19.65,737.04K,-2.24%
29/09/2016,20.1,681.98K,-0.74%
28/09/2016,20.25,1.54M,3.85%
27/09/2016,19.5,1.24M,-3.23%
26/09/2016,20.15,804.92K,-2.42%
23/09/2016,20.65,1.17M,-2.82%
22/09/2016,21.25,1.82M,0.71%
21/09/2016,21.1,1.95M,5.76%
20/09/2016,19.95,871.80K,0.76%
19/09/2016,19.8,1.19M,-0.75%
16/09/2016,19.95,2.40M,4.45%
15/09/2016,19.1,1.40M,2.41%
14/09/2016,18.65,1.97M,2.75%
13/09/2016,18.15,1.72M,-3.46%
12/9/2016,18.8,2.01M,7.43%
9/9/2016,17.5,1.51M,-5.41%
8/9/2016,18.5,1.22M,-1.07%
7/9/2016,18.7,1.56M,1.36%
6/9/2016,18.45,2.10M,8.21%
2/9/2016,17.05,2.03M,3.96%
1/9/2016,16.4,2.60M,1.86%
31/08/2016,16.1,1.79M,-5.57%
30/08/2016,17.05,951.06K,-4.21%
29/08/2016,17.8,758.65K,0.00%
26/08/2016,17.8,1.87M,-0.28%
25/08/2016,17.85,1.49M,-2.19%
24/08/2016,18.25,1.57M,-7.12%
23/08/2016,19.65,856.66K,-3.20%
22/08/2016,20.3,844.94K,-1.93%
19/08/2016,20.7,905.51K,-3.04%
18/08/2016,21.35,1.21M,-0.47%
17/08/2016,21.45,1.71M,0.94%
16/08/2016,21.25,945.64K,0.71%
15/08/2016,21.1,962.59K,0.72%
12/8/2016,20.95,972.63K,0.48%
11/8/2016,20.85,901.02K,0.24%
10/8/2016,20.8,986.49K,2.72%
9/8/2016,20.25,549.81K,1.00%
8/8/2016,20.05,583.18K,0.50%
5/8/2016,19.95,1.33M,-2.92%
4/8/2016,20.55,1.10M,1.48%
3/8/2016,20.25,1.30M,-1.94%
2/8/2016,20.65,1.40M,0.98%
1/8/2016,20.45,1.17M,0.00%
29/07/2016,20.45,1.75M,-4.88%
28/07/2016,21.5,813.68K,0.23%
27/07/2016,21.45,1.03M,4.63%
26/07/2016,20.5,760.04K,1.23%
25/07/2016,20.25,1.19M,-6.25%
22/07/2016,21.6,1.07M,-2.70%
21/07/2016,22.2,975.59K,2.78%
20/07/2016,21.6,1.38M,-7.89%
19/07/2016,23.45,783.28K,-3.50%
18/07/2016,24.3,976.05K,0.21%
15/07/2016,24.25,1.04M,-1.02%
14/07/2016,24.5,834.34K,-1.21%
13/07/2016,24.8,882.21K,1.02%
12/7/2016,24.55,1.19M,-2.39%
11/7/2016,25.15,1.43M,-0.20%
8/7/2016,25.2,1.11M,4.78%
7/7/2016,24.05,1.17M,-4.56%
6/7/2016,25.2,1.82M,3.70%
5/7/2016,24.3,1.69M,3.18%
1/7/2016,23.55,1.10M,4.67%
30/06/2016,22.5,976.15K,0.00%
29/06/2016,22.5,1.26M,4.41%
28/06/2016,21.55,1.33M,-3.58%
27/06/2016,22.35,2.17M,1.59%
24/06/2016,22,2.01M,4.76%
23/06/2016,21,975.81K,-2.33%
22/06/2016,21.5,1.44M,4.62%
21/06/2016,20.55,854.15K,-2.61%
20/06/2016,21.1,1.06M,1.20%
17/06/2016,20.85,6.57M,0.00%
16/06/2016,20.85,1.58M,-3.47%
15/06/2016,21.6,1.76M,3.60%
14/06/2016,20.85,2.31M,-6.29%
13/06/2016,22.25,1.44M,-0.22%
10/6/2016,22.3,1.46M,-3.46%
9/6/2016,23.1,1.63M,-1.28%
8/6/2016,23.4,1.72M,0.86%
7/6/2016,23.2,1.21M,-2.52%
6/6/2016,23.8,1.14M,1.93%
3/6/2016,23.35,2.25M,8.86%
2/6/2016,21.45,1.27M,0.70%
1/6/2016,21.3,976.55K,0.47%
31/05/2016,21.2,1.13M,0.24%
27/05/2016,21.15,1.34M,-3.86%
26/05/2016,22,1.16M,-1.12%
25/05/2016,22.25,1.95M,4.46%
24/05/2016,21.3,1.31M,-3.62%
23/05/2016,22.1,903.04K,-2.00%
20/05/2016,22.55,2.30M,-0.66%
19/05/2016,22.7,1.26M,-0.44%
18/05/2016,22.8,1.83M,-10.06%
17/05/2016,25.35,1.34M,3.05%
16/05/2016,24.6,1.53M,1.03%
13/05/2016,24.35,1.68M,2.96%
12/5/2016,23.65,2.19M,-1.46%
11/5/2016,24,2.56M,5.26%
10/5/2016,22.8,1.85M,8.57%
9/5/2016,21,2.43M,2.19%
6/5/2016,20.55,1.54M,5.93%
5/5/2016,19.4,1.25M,4.58%
4/5/2016,18.55,1.09M,-6.08%
3/5/2016,19.75,1.63M,-5.28%
2/5/2016,20.85,1.29M,-0.95%
29/04/2016,21.05,1.59M,4.21%
28/04/2016,20.2,1.11M,4.12%
27/04/2016,19.4,970.54K,0.52%
26/04/2016,19.3,965.93K,1.85%
25/04/2016,18.95,1.23M,-0.26%
22/04/2016,19,1.31M,-0.26%
21/04/2016,19.05,1.39M,0.53%
20/04/2016,18.95,1.32M,-2.32%
19/04/2016,19.4,1.38M,4.02%
18/04/2016,18.65,928.57K,1.36%
15/04/2016,18.4,1.03M,3.08%
14/04/2016,17.85,799.08K,-2.46%
13/04/2016,18.3,1.12M,-2.66%
12/4/2016,18.8,1.59M,3.30%
11/4/2016,18.2,1.93M,7.06%
8/4/2016,17,2.37M,5.92%
7/4/2016,16.05,1.20M,3.22%
6/4/2016,15.55,820.97K,1.30%
5/4/2016,15.35,688.79K,1.66%
4/4/2016,15.1,697.59K,-3.51%
1/4/2016,15.65,599.87K,-0.95%
31/03/2016,15.8,1.35M,0.96%
30/03/2016,15.65,1.05M,-0.95%
29/03/2016,15.8,1.32M,4.64%
28/03/2016,15.1,937.81K,-0.98%
24/03/2016,15.25,1.15M,-2.87%
23/03/2016,15.7,1.12M,-6.82%
22/03/2016,16.85,1.39M,-0.30%
21/03/2016,16.9,954.17K,-1.17%
18/03/2016,17.1,3.04M,0.88%
17/03/2016,16.95,1.73M,-4.78%
16/03/2016,17.8,1.53M,9.20%
15/03/2016,16.3,1.05M,1.24%
14/03/2016,16.1,1.38M,-4.73%
11/3/2016,16.9,1.95M,-6.63%
10/3/2016,18.1,1.96M,7.10%
9/3/2016,16.9,1.06M,-2.59%
8/3/2016,17.35,1.47M,-5.45%
7/3/2016,18.35,1.65M,5.76%
4/3/2016,17.35,3.00M,7.10%
3/3/2016,16.2,1.35M,9.83%
2/3/2016,14.75,754.99K,3.51%
1/3/2016,14.25,931.35K,-5.00%
29/02/2016,15,524.38K,3.09%
26/02/2016,14.55,661.54K,-2.02%
25/02/2016,14.85,714.18K,4.58%
24/02/2016,14.2,934.11K,-2.41%
23/02/2016,14.55,732.93K,0.69%
22/02/2016,14.45,820.70K,-1.03%
19/02/2016,14.6,1.01M,-2.67%
18/02/2016,15,1.35M,7.53%
17/02/2016,13.95,1.07M,-1.41%
16/02/2016,14.15,1.27M,-9.58%
12/2/2016,15.65,761.13K,3.30%
11/2/2016,15.15,1.79M,13.48%
10/2/2016,13.35,1.28M,1.91%
9/2/2016,13.1,1.30M,-5.07%
8/2/2016,13.8,1.67M,-3.50%
5/2/2016,14.3,992.34K,5.93%
4/2/2016,13.5,1.32M,9.31%
3/2/2016,12.35,990.91K,8.33%
2/2/2016,11.4,404.34K,-1.72%
1/2/2016,11.6,712.71K,3.57%
29/01/2016,11.2,565.86K,0.90%
28/01/2016,11.1,559.48K,-3.48%
27/01/2016,11.5,773.06K,3.14%
26/01/2016,11.15,846.69K,6.19%
25/01/2016,10.5,1.80M,-7.89%
22/01/2016,11.4,728.94K,5.56%
21/01/2016,10.8,1.21M,1.89%
20/01/2016,10.6,1.44M,-0.47%
19/01/2016,10.65,1.03M,-6.58%
15/01/2016,11.4,1.14M,-5.39%
14/01/2016,12.05,874.23K,-4.37%
13/01/2016,12.6,853.28K,1.61%
12/1/2016,12.4,2.26M,-19.22%
11/1/2016,15.35,670.26K,-5.54%
8/1/2016,16.25,692.41K,-0.91%
7/1/2016,16.4,805.15K,6.49%
6/1/2016,15.4,640.46K,2.67%
5/1/2016,15,567.93K,-2.60%
4/1/2016,15.4,885.38K,3.70%
31/12/2015,14.85,701.13K,-1.00%
30/12/2015,15,473.15K,-2.91%
29/12/2015,15.45,481.52K,1.64%
28/12/2015,15.2,381.87K,-5.88%
24/12/2015,16.15,200.83K,2.87%
23/12/2015,15.7,456.62K,0.64%
22/12/2015,15.6,473.98K,-1.58%
21/12/2015,15.85,688.20K,4.28%
18/12/2015,15.2,1.43M,7.04%
17/12/2015,14.2,575.64K,-4.38%
16/12/2015,14.85,926.48K,2.06%
15/12/2015,14.55,437.54K,0.00%
14/12/2015,14.55,708.73K,-5.52%
11/12/2015,15.4,743.57K,1.65%
10/12/2015,15.15,405.73K,-0.66%
9/12/2015,15.25,526.57K,1.67%
8/12/2015,15,738.90K,-2.28%
7/12/2015,15.35,755.07K,-5.83%
4/12/2015,16.3,693.16K,4.15%
3/12/2015,15.65,506.95K,0.32%
2/12/2015,15.6,658.65K,0.00%
1/12/2015,15.6,660.70K,1.96%
30/11/2015,15.3,789.37K,3.03%
27/11/2015,14.85,232.48K,-3.88%
25/11/2015,15.45,632.24K,0.00%
24/11/2015,15.45,737.85K,1.98%
23/11/2015,15.15,359.26K,-0.66%
20/11/2015,15.25,586.63K,-6.15%
19/11/2015,16.25,505.72K,1.56%
18/11/2015,16,941.26K,5.26%
17/11/2015,15.2,717.94K,-5.30%
16/11/2015,16.05,533.72K,0.63%
13/11/2015,15.95,640.09K,-0.31%
12/11/2015,16,542.87K,-3.03%
11/11/2015,16.5,626.27K,2.48%
10/11/2015,16.1,902.14K,-4.45%
9/11/2015,16.85,1.15M,4.01%
6/11/2015,16.2,912.17K,-2.70%
5/11/2015,16.65,1.21M,-2.06%
4/11/2015,17,938.00K,-5.03%
3/11/2015,17.9,973.01K,-2.72%
2/11/2015,18.4,973.08K,5.14%
30/10/2015,17.5,958.55K,-5.41%
29/10/2015,18.5,880.24K,-4.15%
28/10/2015,19.3,1.11M,-3.50%
27/10/2015,20,497.45K,1.78%
26/10/2015,19.65,716.79K,-3.91%
23/10/2015,20.45,1.03M,4.34%
22/10/2015,19.6,752.40K,2.62%
21/10/2015,19.1,620.48K,-4.02%
20/10/2015,19.9,902.28K,6.42%
19/10/2015,18.7,895.46K,-5.79%
16/10/2015,19.85,1.12M,-3.41%
15/10/2015,20.55,1.20M,2.24%
14/10/2015,20.1,1.24M,7.20%
13/10/2015,18.75,703.50K,1.90%
12/10/2015,18.4,922.18K,-6.84%
9/10/2015,19.75,1.39M,5.61%
8/10/2015,18.7,1.43M,-3.36%
7/10/2015,19.35,1.38M,1.04%
6/10/2015,19.15,1.65M,4.93%
5/10/2015,18.25,1.74M,7.67%
2/10/2015,16.95,1.67M,11.15%
1/10/2015,15.25,855.37K,-5.28%
30/09/2015,16.1,1.16M,6.98%
29/09/2015,15.05,881.31K,3.44%
28/09/2015,14.55,621.56K,-7.32%
25/09/2015,15.7,836.57K,-1.88%
24/09/2015,16,1.05M,10.73%
23/09/2015,14.45,574.76K,-1.70%
22/09/2015,14.7,976.49K,-4.23%
21/09/2015,15.35,1.03M,-3.15%
18/09/2015,15.85,3.05M,4.97%
17/09/2015,15.1,1.38M,4.50%
16/09/2015,14.45,797.42K,10.73%
15/09/2015,13.05,717.03K,-1.14%
14/09/2015,13.2,785.75K,-3.65%
11/9/2015,13.7,1.78M,2.62%
10/9/2015,13.35,775.58K,-2.20%
9/9/2015,13.65,1.13M,-1.44%
8/9/2015,13.85,624.90K,0.73%
4/9/2015,13.75,843.51K,-0.72%
3/9/2015,13.85,717.74K,-3.15%
2/9/2015,14.3,967.12K,-1.72%
1/9/2015,14.55,875.90K,-3.00%
31/08/2015,15,980.47K,-1.96%
28/08/2015,15.3,1.44M,2.00%
27/08/2015,15,1.66M,4.17%
26/08/2015,14.4,1.30M,-3.03%
25/08/2015,14.85,1.50M,-5.11%
24/08/2015,15.65,1.34M,-7.67%
21/08/2015,16.95,1.76M,-15.04%
20/08/2015,19.95,700.65K,2.84%
19/08/2015,19.4,2.00M,-7.40%
18/08/2015,20.95,865.76K,0.96%
17/08/2015,20.75,1.25M,5.87%
14/08/2015,19.6,1.35M,2.89%
13/08/2015,19.05,1.18M,-6.16%
12/8/2015,20.3,1.37M,7.41%
11/8/2015,18.9,1.30M,4.13%
10/8/2015,18.15,998.31K,9.34%
7/8/2015,16.6,1.04M,2.47%
6/8/2015,16.2,812.41K,1.25%
5/8/2015,16,604.39K,-3.32%
4/8/2015,16.55,835.43K,-1.78%
3/8/2015,16.85,604.93K,-2.03%
31/07/2015,17.2,1.11M,10.61%
30/07/2015,15.55,702.46K,-5.47%
29/07/2015,16.45,845.25K,2.49%
28/07/2015,16.05,773.65K,0.00%
27/07/2015,16.05,1.12M,-2.73%
24/07/2015,16.5,1.32M,4.43%
23/07/2015,15.8,887.53K,-3.95%
22/07/2015,16.45,815.63K,0.61%
21/07/2015,16.35,824.19K,1.55%
20/07/2015,16.1,1.56M,-5.29%
17/07/2015,17,812.64K,-8.60%
16/07/2015,18.6,609.56K,3.62%
15/07/2015,17.95,506.34K,-5.53%
14/07/2015,19,359.19K,1.60%
13/07/2015,18.7,813.20K,-2.86%
10/7/2015,19.25,663.89K,-0.52%
9/7/2015,19.35,561.44K,-3.01%
8/7/2015,19.95,303.41K,0.00%
7/7/2015,19.95,897.97K,-3.39%
6/7/2015,20.65,660.04K,0.98%
2/7/2015,20.45,546.25K,2.00%
1/7/2015,20.05,611.49K,-3.14%
30/06/2015,20.7,990.45K,2.48%
29/06/2015,20.2,867.33K,0.75%
26/06/2015,20.05,515.11K,-0.74%
25/06/2015,20.2,505.40K,-2.88%
24/06/2015,20.8,360.35K,0.48%
23/06/2015,20.7,432.75K,-0.48%
22/06/2015,20.8,637.71K,1.71%
19/06/2015,20.45,1.89M,-2.85%
18/06/2015,21.05,694.26K,0.00%
17/06/2015,21.05,743.13K,2.18%
16/06/2015,20.6,763.66K,-2.37%
15/06/2015,21.1,692.06K,0.72%
12/6/2015,20.95,786.56K,-3.68%
11/6/2015,21.75,1.24M,-4.19%
10/6/2015,22.7,442.05K,0.22%
9/6/2015,22.65,450.07K,-1.09%
8/6/2015,22.9,371.20K,0.44%
5/6/2015,22.8,565.03K,0.22%
4/6/2015,22.75,437.22K,-1.09%
3/6/2015,23,1.08M,-5.15%
2/6/2015,24.25,406.25K,1.68%
1/6/2015,23.85,389.79K,-1.24%
29/05/2015,24.15,296.67K,0.21%
28/05/2015,24.1,441.66K,1.90%
27/05/2015,23.65,640.98K,0.21%
26/05/2015,23.6,827.92K,-4.07%
22/05/2015,24.6,503.08K,1.03%
21/05/2015,24.35,447.85K,0.41%
20/05/2015,24.25,330.37K,0.21%
19/05/2015,24.2,1.05M,-4.91%
18/05/2015,25.45,327.23K,-0.78%
15/05/2015,25.65,586.61K,-0.77%
14/05/2015,25.85,858.15K,-0.39%
13/05/2015,25.95,949.62K,0.58%
12/5/2015,25.8,527.54K,1.98%
11/5/2015,25.3,365.06K,1.40%
8/5/2015,24.95,742.01K,1.22%
7/5/2015,24.65,658.15K,3.14%
6/5/2015,23.9,772.89K,-2.85%
5/5/2015,24.6,676.41K,-1.60%
4/5/2015,25,963.62K,-1.19%
1/5/2015,25.3,1.52M,2.02%
30/04/2015,24.8,1.02M,-2.94%
29/04/2015,25.55,1.31M,2.00%
28/04/2015,25.05,1.03M,4.81%
27/04/2015,23.9,1.23M,1.70%
24/04/2015,23.5,967.62K,-4.08%
23/04/2015,24.5,566.14K,2.08%
22/04/2015,24,730.05K,-1.44%
21/04/2015,24.35,532.49K,-2.01%
20/04/2015,24.85,487.21K,0.81%
17/04/2015,24.65,593.60K,-1.79%
16/04/2015,25.1,662.58K,-1.76%
15/04/2015,25.55,1.05M,4.93%
14/04/2015,24.35,735.84K,4.73%
13/04/2015,23.25,838.43K,-4.12%
10/4/2015,24.25,557.80K,3.19%
9/4/2015,23.5,597.12K,-1.47%
8/4/2015,23.85,873.72K,-2.85%
7/4/2015,24.55,566.92K,-1.41%
6/4/2015,24.9,862.72K,2.68%
2/4/2015,24.25,1.20M,-2.22%
1/4/2015,24.8,1.12M,8.06%
31/03/2015,22.95,832.63K,-1.29%
30/03/2015,23.25,1.02M,-4.32%
27/03/2015,24.3,709.51K,-1.82%
26/03/2015,24.75,831.29K,-2.75%
25/03/2015,25.45,750.33K,-3.23%
24/03/2015,26.3,830.66K,3.75%
23/03/2015,25.35,1.19M,-0.39%
20/03/2015,25.45,4.07M,4.30%
19/03/2015,24.4,1.07M,0.62%
18/03/2015,24.25,1.78M,4.08%
17/03/2015,23.3,1.25M,-2.10%
16/03/2015,23.8,1.15M,-1.65%
13/03/2015,24.2,1.15M,2.54%
12/3/2015,23.6,916.69K,-0.21%
11/3/2015,23.65,1.08M,1.94%
10/3/2015,23.2,887.83K,-0.22%
9/3/2015,23.25,1.10M,-3.73%
6/3/2015,24.15,1.49M,-5.48%
5/3/2015,25.55,667.00K,-1.92%
4/3/2015,26.05,859.59K,0.39%
3/3/2015,25.95,1.25M,-3.35%
2/3/2015,26.85,1.81M,-7.41%
27/02/2015,29,1.42M,4.88%
26/02/2015,27.65,1.24M,1.65%
25/02/2015,27.2,1.58M,3.42%
24/02/2015,26.3,928.87K,-0.75%
23/02/2015,26.5,922.14K,2.71%
20/02/2015,25.8,1.12M,2.79%
19/02/2015,25.1,1.16M,-4.56%
18/02/2015,26.3,1.34M,5.41%
17/02/2015,24.95,881.80K,1.01%
13/02/2015,24.7,655.55K,2.07%
12/2/2015,24.2,616.84K,1.26%
11/2/2015,23.9,1.06M,-1.85%
10/2/2015,24.35,1.21M,-4.70%
9/2/2015,25.55,934.71K,1.19%
6/2/2015,25.25,1.42M,-4.90%
5/2/2015,26.55,1.08M,4.94%
4/2/2015,25.3,1.20M,1.81%
3/2/2015,24.85,1.32M,-4.05%
2/2/2015,25.9,3.17M,8.37%
30/01/2015,23.9,6.63M,-14.18%
29/01/2015,27.85,1.40M,-0.71%
28/01/2015,28.05,1.44M,-5.71%
27/01/2015,29.75,1.85M,4.75%
26/01/2015,28.4,1.58M,0.18%
23/01/2015,28.35,2.37M,-9.86%
22/01/2015,31.45,1.90M,1.29%
21/01/2015,31.05,6.02M,-20.18%
20/01/2015,38.9,1.61M,5.28%
16/01/2015,36.95,1.73M,3.36%
15/01/2015,35.75,2.77M,6.88%
14/01/2015,33.45,1.26M,-0.15%
13/01/2015,33.5,1.33M,-4.42%
12/1/2015,35.05,1.24M,4.01%
9/1/2015,33.7,796.23K,3.85%
8/1/2015,32.45,1.31M,-3.42%
7/1/2015,33.6,1.54M,-3.45%
6/1/2015,34.8,1.90M,3.73%
5/1/2015,33.55,1.23M,4.68%
2/1/2015,32.05,1.16M,5.43%
31/12/2014,30.4,803.84K,0.00%
30/12/2014,30.4,1.22M,2.88%
29/12/2014,29.55,760.33K,-3.90%
26/12/2014,30.75,619.48K,3.02%
24/12/2014,29.85,588.49K,3.11%
23/12/2014,28.95,1.03M,-1.36%
22/12/2014,29.35,1.37M,-8.57%
19/12/2014,32.1,3.06M,0.63%
18/12/2014,31.9,1.20M,3.24%
17/12/2014,30.9,1.46M,6.19%
16/12/2014,29.1,1.22M,0.87%
15/12/2014,28.85,1.59M,-9.98%
12/12/2014,32.05,1.63M,-3.32%
11/12/2014,33.15,1.44M,-4.19%
10/12/2014,34.6,1.18M,-3.89%
9/12/2014,36,1.59M,5.26%
8/12/2014,34.2,1.44M,3.01%
5/12/2014,33.2,899.81K,-2.21%
4/12/2014,33.95,884.66K,-2.58%
3/12/2014,34.85,1.27M,3.41%
2/12/2014,33.7,1.32M,-2.18%
1/12/2014,34.45,2.21M,9.89%
28/11/2014,31.35,939.69K,-8.87%
26/11/2014,34.4,1.12M,-1.29%
25/11/2014,34.85,1.73M,9.08%
24/11/2014,31.95,921.36K,1.11%
21/11/2014,31.6,1.34M,-1.25%
20/11/2014,32,1.03M,3.73%
19/11/2014,30.85,2.08M,-6.52%
18/11/2014,33,1.72M,4.10%
17/11/2014,31.7,1.47M,2.26%
14/11/2014,31,1.68M,7.83%
13/11/2014,28.75,1.06M,0.00%
12/11/2014,28.75,1.26M,-0.52%
11/11/2014,28.9,1.77M,9.06%
10/11/2014,26.5,1.37M,-6.03%
7/11/2014,28.2,1.59M,7.43%
6/11/2014,26.25,1.60M,4.79%
5/11/2014,25.05,2.36M,-1.96%
4/11/2014,25.55,1.44M,-5.89%
3/11/2014,27.15,1.44M,-0.91%
31/10/2014,27.4,2.34M,-9.57%
30/10/2014,30.3,1.82M,-7.62%
29/10/2014,32.8,1.21M,-5.20%
28/10/2014,34.6,597.84K,0.58%
27/10/2014,34.4,571.83K,-1.29%
24/10/2014,34.85,579.23K,0.58%
23/10/2014,34.65,961.02K,1.46%
22/10/2014,34.15,788.96K,-3.67%
21/10/2014,35.45,803.86K,-0.70%
20/10/2014,35.7,791.91K,2.00%
17/10/2014,35,1.50M,-3.98%
16/10/2014,36.45,1.72M,-4.33%
15/10/2014,38.1,1.68M,2.42%
14/10/2014,37.2,1.47M,-0.80%
13/10/2014,37.5,1.12M,3.16%
10/10/2014,36.35,1.17M,-2.68%
9/10/2014,37.35,1.58M,-1.58%
8/10/2014,37.95,2.41M,11.62%
7/10/2014,34,805.57K,-3.27%
6/10/2014,35.15,796.01K,1.74%
3/10/2014,34.55,1.37M,-2.40%
2/10/2014,35.4,1.07M,3.66%
1/10/2014,34.15,953.45K,1.34%
30/09/2014,33.7,847.20K,-1.46%
29/09/2014,34.2,385.71K,-1.01%
26/09/2014,34.55,524.48K,-1.71%
25/09/2014,35.15,1.06M,0.00%
24/09/2014,35.15,970.41K,-0.85%
23/09/2014,35.45,972.58K,4.26%
22/09/2014,34,1.28M,-2.02%
19/09/2014,34.7,1.43M,-4.41%
18/09/2014,36.3,1.06M,-3.20%
17/09/2014,37.5,790.65K,-2.72%
16/09/2014,38.55,785.48K,2.12%
15/09/2014,37.75,694.69K,-1.18%
12/9/2014,38.2,1.06M,0.79%
11/9/2014,37.9,831.02K,2.02%
10/9/2014,37.15,767.05K,-1.07%
9/9/2014,37.55,762.76K,1.49%
8/9/2014,37,750.16K,-3.39%
5/9/2014,38.3,781.69K,1.59%
4/9/2014,37.7,688.15K,-4.68%
3/9/2014,39.55,552.68K,0.13%
2/9/2014,39.5,1.03M,-4.59%
29/08/2014,41.4,831.51K,1.22%
28/08/2014,40.9,431.84K,0.37%
27/08/2014,40.75,472.95K,-0.61%
26/08/2014,41,654.23K,4.59%
25/08/2014,39.2,522.75K,-2.00%
22/08/2014,40,428.93K,1.01%
21/08/2014,39.6,1.15M,-3.06%
20/08/2014,40.85,420.48K,-0.49%
19/08/2014,41.05,621.06K,-0.61%
18/08/2014,41.3,430.57K,0.00%
15/08/2014,41.3,769.41K,-1.31%
14/08/2014,41.85,802.88K,-1.65%
13/08/2014,42.55,822.11K,0.35%
12/8/2014,42.4,1.10M,4.69%
11/8/2014,40.5,657.94K,-1.22%
8/8/2014,41,699.40K,-0.24%
7/8/2014,41.1,785.99K,0.86%
6/8/2014,40.75,881.08K,3.43%
5/8/2014,39.4,723.11K,3.41%
4/8/2014,38.1,674.93K,-3.67%
1/8/2014,39.55,1.22M,6.60%
31/07/2014,37.1,697.41K,-1.85%
30/07/2014,37.8,532.85K,-1.05%
29/07/2014,38.2,342.35K,-0.65%
28/07/2014,38.45,612.78K,-1.28%
25/07/2014,38.95,812.72K,4.56%
24/07/2014,37.25,747.51K,-0.93%
23/07/2014,37.6,775.75K,1.08%
22/07/2014,37.2,455.61K,-1.33%
21/07/2014,37.7,564.80K,0.00%
18/07/2014,37.7,634.93K,-0.13%
17/07/2014,37.75,1.15M,3.85%
16/07/2014,36.35,739.55K,1.25%
15/07/2014,35.9,974.54K,-3.88%
14/07/2014,37.35,828.40K,-3.24%
11/7/2014,38.6,779.63K,1.71%
10/7/2014,37.95,1.39M,-4.05%
9/7/2014,39.55,1.32M,5.19%
8/7/2014,37.6,778.59K,2.17%
7/7/2014,36.8,770.21K,-2.26%
3/7/2014,37.65,482.31K,-1.18%
2/7/2014,38.1,554.00K,2.01%
1/7/2014,37.35,644.40K,-2.23%
30/06/2014,38.2,984.14K,1.06%
27/06/2014,37.8,1.70M,6.03%
26/06/2014,35.65,566.86K,1.28%
25/06/2014,35.2,784.14K,1.44%
24/06/2014,34.7,915.72K,-4.14%
23/06/2014,36.2,605.22K,2.12%
20/06/2014,35.45,1.26M,-0.42%
19/06/2014,35.6,2.49M,8.87%
18/06/2014,32.7,618.06K,2.99%
17/06/2014,31.75,459.76K,-0.16%
16/06/2014,31.8,635.27K,-0.47%
13/06/2014,31.95,1.25M,-1.08%
12/6/2014,32.3,1.08M,3.03%
11/6/2014,31.35,1.01M,1.79%
10/6/2014,30.8,621.86K,2.50%
9/6/2014,30.05,388.41K,-0.17%
6/6/2014,30.1,898.89K,2.91%
5/6/2014,29.25,795.72K,1.56%
4/6/2014,28.8,532.57K,-0.52%
3/6/2014,28.95,585.90K,0.35%
2/6/2014,28.85,549.16K,0.35%
30/05/2014,28.75,789.23K,0.52%
29/05/2014,28.6,734.23K,0.88%
28/05/2014,28.35,1.68M,-0.18%
27/05/2014,28.4,1.31M,-4.05%
23/05/2014,29.6,586.07K,-0.84%
22/05/2014,29.85,433.64K,1.53%
21/05/2014,29.4,649.69K,0.34%
20/05/2014,29.3,373.12K,0.69%
19/05/2014,29.1,420.46K,0.17%
16/05/2014,29.05,491.52K,-2.19%
15/05/2014,29.7,447.79K,-1.49%
14/05/2014,30.15,471.11K,2.73%
13/05/2014,29.35,492.72K,-1.68%
12/5/2014,29.85,357.32K,0.00%
9/5/2014,29.85,362.96K,-0.50%
8/5/2014,30,346.97K,0.50%
7/5/2014,29.85,643.72K,-4.02%
6/5/2014,31.1,303.68K,-0.32%
5/5/2014,31.2,479.01K,0.81%
2/5/2014,30.95,673.62K,3.51%
1/5/2014,29.9,597.23K,-1.97%
30/04/2014,30.5,617.15K,-0.49%
29/04/2014,30.65,629.35K,3.20%
28/04/2014,29.7,629.42K,0.00%
25/04/2014,29.7,442.27K,2.24%
24/04/2014,29.05,727.55K,-2.35%
23/04/2014,29.75,716.21K,0.51%
22/04/2014,29.6,1.23M,3.86%
21/04/2014,28.5,1.01M,-1.55%
17/04/2014,28.95,683.05K,0.70%
16/04/2014,28.75,842.74K,-0.86%
15/04/2014,29,902.23K,-4.13%
14/04/2014,30.25,942.46K,2.54%
11/4/2014,29.5,1.09M,0.51%
10/4/2014,29.35,865.50K,-2.17%
9/4/2014,30,1.08M,-0.50%
8/4/2014,30.15,761.55K,2.03%
7/4/2014,29.55,843.74K,-0.84%
4/4/2014,29.8,1.28M,3.11%
3/4/2014,28.9,692.46K,-0.34%
2/4/2014,29,1.05M,2.84%
1/4/2014,28.2,833.86K,1.08%
31/03/2014,27.9,1.46M,-3.96%
28/03/2014,29.05,1.02M,0.87%
27/03/2014,28.8,1.41M,-0.35%
26/03/2014,28.9,1.18M,-3.18%
25/03/2014,29.85,959.90K,-0.33%
24/03/2014,29.95,1.35M,-4.47%
21/03/2014,31.35,2.96M,-1.26%
20/03/2014,31.75,794.62K,0.00%
19/03/2014,31.75,1.46M,-6.89%
18/03/2014,34.1,764.62K,-1.02%
17/03/2014,34.45,1.39M,-5.75%
14/03/2014,36.55,992.03K,-0.41%
13/03/2014,36.7,1.11M,2.66%
12/3/2014,35.75,870.63K,3.62%
11/3/2014,34.5,821.60K,0.29%
10/3/2014,34.4,732.29K,0.44%
7/3/2014,34.25,811.82K,-2.28%
6/3/2014,35.05,721.26K,0.43%
5/3/2014,34.9,738.33K,2.50%
4/3/2014,34.05,650.41K,-0.73%
3/3/2014,34.3,1.01M,3.00%
28/02/2014,33.3,1.09M,-0.75%
27/02/2014,33.55,1.08M,-1.90%
26/02/2014,34.2,1.28M,-3.39%
25/02/2014,35.4,1.31M,0.85%
24/02/2014,35.1,1.18M,-1.96%
21/02/2014,35.8,1.23M,-1.78%
20/02/2014,36.45,1.23M,3.55%
19/02/2014,35.2,1.92M,-2.76%
18/02/2014,36.2,1.26M,1.54%
14/02/2014,35.65,1.23M,0.42%
13/02/2014,35.5,1.36M,5.34%
12/2/2014,33.7,1.31M,-3.44%
11/2/2014,34.9,1.49M,3.41%
10/2/2014,33.75,1.36M,5.63%
7/2/2014,31.95,727.84K,3.57%
6/2/2014,30.85,652.47K,0.00%
5/2/2014,30.85,938.18K,-3.74%
4/2/2014,32.05,737.14K,1.75%
3/2/2014,31.5,1.01M,-0.47%
31/01/2014,31.65,1.40M,-0.78%
30/01/2014,31.9,1.04M,-3.77%
29/01/2014,33.15,1.22M,4.25%
28/01/2014,31.8,1.11M,1.11%
27/01/2014,31.45,1.25M,-4.84%
24/01/2014,33.05,1.25M,0.00%
23/01/2014,33.05,1.35M,0.76%
22/01/2014,32.8,1.07M,-1.65%
21/01/2014,33.35,1.38M,-0.15%
17/01/2014,33.4,1.70M,4.87%
16/01/2014,31.85,1.35M,3.58%
15/01/2014,30.75,824.05K,1.65%
14/01/2014,30.25,1.15M,-3.82%
13/01/2014,31.45,1.15M,5.01%
10/1/2014,29.95,823.29K,4.17%
9/1/2014,28.75,909.62K,-2.71%
8/1/2014,29.55,935.27K,0.34%
7/1/2014,29.45,729.87K,0.34%
6/1/2014,29.35,945.88K,-0.17%
3/1/2014,29.4,917.93K,-1.34%
2/1/2014,29.8,1.06M,4.75%
31/12/2013,28.45,921.48K,3.08%
30/12/2013,27.6,731.15K,-3.16%
27/12/2013,28.5,659.67K,-0.35%
26/12/2013,28.6,632.60K,2.88%
24/12/2013,27.8,874.48K,1.65%
23/12/2013,27.35,1.04M,-0.36%
20/12/2013,27.45,2.23M,1.10%
19/12/2013,27.15,1.10M,-0.73%
18/12/2013,27.35,1.67M,-1.62%
17/12/2013,27.8,738.33K,0.18%
16/12/2013,27.75,1.06M,-1.60%
13/12/2013,28.2,757.36K,0.71%
12/12/2013,28,1.15M,-1.58%
11/12/2013,28.45,997.57K,-4.69%
10/12/2013,29.85,1.17M,4.37%
9/12/2013,28.6,960.57K,2.88%
6/12/2013,27.8,832.07K,0.72%
5/12/2013,27.6,922.50K,-2.99%
4/12/2013,28.45,1.52M,3.08%
3/12/2013,27.6,1.25M,-1.95%
2/12/2013,28.15,1.55M,-7.86%
29/11/2013,30.55,484.72K,3.74%
27/11/2013,29.45,742.03K,1.38%
26/11/2013,29.05,1.27M,-3.97%
25/11/2013,30.25,1.34M,1.85%
22/11/2013,29.7,859.67K,-1.82%
21/11/2013,30.25,1.21M,-0.82%
20/11/2013,30.5,1.29M,-3.94%
19/11/2013,31.75,490.95K,0.16%
18/11/2013,31.7,796.21K,-3.06%
15/11/2013,32.7,839.58K,-1.95%
14/11/2013,33.35,1.19M,2.93%
13/11/2013,32.4,707.93K,-0.31%
12/11/2013,32.5,879.54K,-2.69%
11/11/2013,33.4,1.16M,3.41%
8/11/2013,32.3,1.58M,-0.92%
7/11/2013,32.6,1.32M,-5.37%
6/11/2013,34.45,914.78K,3.14%
5/11/2013,33.4,818.96K,-1.62%
4/11/2013,33.95,636.88K,3.19%
1/11/2013,32.9,898.52K,-2.52%
31/10/2013,33.75,1.17M,-4.80%
30/10/2013,35.45,1.96M,3.05%
29/10/2013,34.4,1.36M,-4.04%
28/10/2013,35.85,1.42M,3.17%
25/10/2013,34.75,1.17M,0.87%
24/10/2013,34.45,1.71M,5.19%
23/10/2013,32.75,1.81M,0.00%
22/10/2013,32.75,1.15M,3.80%
21/10/2013,31.55,697.01K,3.44%
18/10/2013,30.5,1.05M,-1.61%
17/10/2013,31,2.08M,9.54%
16/10/2013,28.3,1.85M,-2.41%
15/10/2013,29,1.92M,0.17%
14/10/2013,28.95,813.53K,0.00%
11/10/2013,28.95,1.29M,-4.46%
10/10/2013,30.3,766.65K,-0.82%
9/10/2013,30.55,1.62M,0.16%
8/10/2013,30.5,1.46M,-5.86%
7/10/2013,32.4,902.83K,1.41%
4/10/2013,31.95,865.09K,-0.31%
3/10/2013,32.05,868.80K,-2.14%
2/10/2013,32.75,1.22M,-0.61%
1/10/2013,32.95,1.19M,-1.79%
30/09/2013,33.55,973.80K,0.90%
27/09/2013,33.25,1.36M,-0.45%
26/09/2013,33.4,956.06K,-1.18%
25/09/2013,33.8,1.06M,1.05%
24/09/2013,33.45,1.48M,-0.74%
23/09/2013,33.7,1.31M,-2.18%
20/09/2013,34.45,4.48M,-8.98%
19/09/2013,37.85,1.61M,-3.44%
18/09/2013,39.2,2.88M,8.14%
17/09/2013,36.25,1.06M,1.97%
16/09/2013,35.55,1.56M,0.85%
13/09/2013,35.25,1.54M,1.00%
12/9/2013,34.9,1.53M,-7.67%
11/9/2013,37.8,1.36M,0.00%
10/9/2013,37.8,1.81M,-6.32%
9/9/2013,40.35,1.32M,-4.27%
6/9/2013,42.15,1.25M,1.69%
5/9/2013,41.45,1.58M,-5.37%
4/9/2013,43.8,976.30K,0.11%
3/9/2013,43.75,1.37M,2.34%
30/08/2013,42.75,898.65K,-1.04%
29/08/2013,43.2,1.90M,0.93%
28/08/2013,42.8,1.88M,-3.06%
27/08/2013,44.15,2.26M,-4.64%
26/08/2013,46.3,1.34M,0.54%
23/08/2013,46.05,1.21M,2.22%
22/08/2013,45.05,898.49K,2.39%
21/08/2013,44,1.37M,-4.03%
20/08/2013,45.85,1.29M,3.27%
19/08/2013,44.4,1.58M,-2.31%
16/08/2013,45.45,1.77M,-1.41%
15/08/2013,46.1,2.57M,7.46%
14/08/2013,42.9,1.78M,4.51%
13/08/2013,41.05,1.39M,-3.41%
12/8/2013,42.5,1.58M,7.73%
9/8/2013,39.45,1.71M,1.02%
8/8/2013,39.05,1.59M,10.94%
7/8/2013,35.2,888.24K,0.72%
6/8/2013,34.95,1.22M,-5.03%
5/8/2013,36.8,674.19K,0.00%
2/8/2013,36.8,1.30M,-1.87%
1/8/2013,37.5,1.46M,-5.06%
31/07/2013,39.5,1.97M,-1.25%
30/07/2013,40,1.04M,-2.68%
29/07/2013,41.1,1.51M,1.73%
26/07/2013,40.4,807.58K,2.67%
25/07/2013,39.35,1.34M,2.61%
24/07/2013,38.35,1.49M,-5.43%
23/07/2013,40.55,1.56M,3.84%
22/07/2013,39.05,1.65M,9.54%
19/07/2013,35.65,715.75K,5.47%
18/07/2013,33.8,821.90K,-0.15%
17/07/2013,33.85,1.27M,-2.59%
16/07/2013,34.75,1.05M,7.09%
15/07/2013,32.45,569.25K,0.15%
12/7/2013,32.4,741.35K,-3.14%
11/7/2013,33.45,1.21M,10.76%
10/7/2013,30.2,861.44K,-0.66%
9/7/2013,30.4,667.00K,2.70%
8/7/2013,29.6,631.38K,-1.66%
5/7/2013,30.1,854.73K,-1.63%
3/7/2013,30.6,645.36K,3.03%
2/7/2013,29.7,1.12M,-5.26%
1/7/2013,31.35,1.01M,1.46%
28/06/2013,30.9,1.69M,7.67%
27/06/2013,28.7,1.49M,1.41%
26/06/2013,28.3,1.35M,-3.74%
25/06/2013,29.4,1.24M,-1.51%
24/06/2013,29.85,1.43M,-4.33%
21/06/2013,31.2,1.29M,1.46%
20/06/2013,30.75,2.14M,-9.02%
19/06/2013,33.8,1.28M,-4.11%
18/06/2013,35.25,904.21K,-3.95%
17/06/2013,36.7,534.24K,0.27%
14/06/2013,36.6,477.35K,-2.27%
13/06/2013,37.45,763.24K,1.08%
12/6/2013,37.05,846.90K,0.41%
11/6/2013,36.9,1.29M,-5.51%
10/6/2013,39.05,669.33K,-0.51%
7/6/2013,39.25,1.13M,-4.96%
6/6/2013,41.3,1.24M,1.98%
5/6/2013,40.5,820.46K,0.75%
4/6/2013,40.2,1.08M,-1.95%
3/6/2013,41,1.24M,2.89%
31/05/2013,39.85,1.31M,-0.87%
30/05/2013,40.2,1.55M,6.77%
29/05/2013,37.65,1.13M,4.87%
28/05/2013,35.9,880.18K,-1.64%
24/05/2013,36.5,748.72K,1.11%
23/05/2013,36.1,730.04K,0.56%
22/05/2013,35.9,1.22M,2.87%
21/05/2013,34.9,1.16M,-5.42%
20/05/2013,36.9,991.01K,9.99%
17/05/2013,33.55,741.25K,-4.14%
16/05/2013,35,916.16K,1.60%
15/05/2013,34.45,874.12K,-4.44%
14/05/2013,36.05,749.04K,-1.37%
13/05/2013,36.55,545.55K,-3.18%
10/5/2013,37.75,891.10K,0.94%
9/5/2013,37.4,893.69K,-1.84%
8/5/2013,38.1,859.43K,6.42%
7/5/2013,35.8,742.20K,-2.98%
6/5/2013,36.9,772.00K,-1.73%
3/5/2013,37.55,983.29K,-1.05%
2/5/2013,37.95,738.80K,1.20%
1/5/2013,37.5,1.29M,-5.30%
30/04/2013,39.6,1.29M,5.88%
29/04/2013,37.4,628.95K,1.77%
26/04/2013,36.75,1.16M,-3.42%
25/04/2013,38.05,1.56M,0.79%
24/04/2013,37.75,1.13M,6.19%
23/04/2013,35.55,1.26M,-4.05%
22/04/2013,37.05,1.52M,5.11%
19/04/2013,35.25,1.67M,1.15%
18/04/2013,34.85,1.85M,5.13%
17/04/2013,33.15,2.23M,-4.74%
16/04/2013,34.8,1.48M,0.58%
15/04/2013,34.6,2.53M,-8.34%
12/4/2013,37.75,1.96M,-5.15%
11/4/2013,39.8,861.89K,-1.49%
10/4/2013,40.4,858.57K,-5.16%
9/4/2013,42.6,1.16M,5.58%
8/4/2013,40.35,699.09K,-1.10%
5/4/2013,40.8,1.45M,-0.61%
4/4/2013,41.05,1.51M,1.48%
3/4/2013,40.45,2.33M,-4.82%
2/4/2013,42.5,1.73M,-9.38%
1/4/2013,46.9,499.20K,-1.57%
28/03/2013,47.65,604.00K,-1.14%
27/03/2013,48.2,889.03K,2.66%
26/03/2013,46.95,775.22K,-2.29%
25/03/2013,48.05,958.52K,-1.54%
22/03/2013,48.8,1.26M,1.04%
21/03/2013,48.3,994.55K,2.11%
20/03/2013,47.3,530.24K,0.00%
19/03/2013,47.3,986.02K,-1.97%
18/03/2013,48.25,820.87K,1.69%
15/03/2013,47.45,2.88M,0.85%
14/03/2013,47.05,798.31K,0.75%
13/03/2013,46.7,752.21K,-3.21%
12/3/2013,48.25,1.06M,3.43%
11/3/2013,46.65,738.11K,-1.89%
8/3/2013,47.55,1.03M,-0.63%
7/3/2013,47.85,704.48K,-1.75%
6/3/2013,48.7,1.57M,2.20%
5/3/2013,47.65,622.40K,-0.31%
4/3/2013,47.8,784.75K,-4.11%
1/3/2013,49.85,815.34K,1.53%
28/02/2013,49.1,796.74K,-2.29%
27/02/2013,50.25,887.29K,-3.09%
26/02/2013,51.85,1.22M,2.07%
25/02/2013,50.8,1.23M,5.72%
22/02/2013,48.05,696.40K,-2.04%
21/02/2013,49.05,1.10M,3.92%
20/02/2013,47.2,1.09M,-5.13%
19/02/2013,49.75,1.01M,-1.09%
15/02/2013,50.3,1.18M,-5.81%
14/02/2013,53.4,434.27K,0.19%
13/02/2013,53.3,668.66K,-3.09%
12/2/2013,55,657.86K,0.64%
11/2/2013,54.65,592.91K,-2.58%
8/2/2013,56.1,298.58K,-1.23%
7/2/2013,56.8,820.00K,0.44%
6/2/2013,56.55,299.25K,0.00%
5/2/2013,56.55,626.93K,0.44%
4/2/2013,56.3,679.46K,-0.71%
1/2/2013,56.7,622.50K,1.25%
31/01/2013,56,643.04K,-1.67%
30/01/2013,56.95,727.67K,-0.87%
29/01/2013,57.45,853.95K,-1.03%
28/01/2013,58.05,950.85K,1.31%
25/01/2013,57.3,1.32M,-5.91%
24/01/2013,60.9,593.71K,-5.14%
23/01/2013,64.2,469.56K,-2.21%
22/01/2013,65.65,556.35K,2.34%
18/01/2013,64.15,306.76K,0.16%
17/01/2013,64.05,446.41K,-0.85%
16/01/2013,64.6,303.45K,-1.52%
15/01/2013,65.6,534.32K,0.69%
14/01/2013,65.15,469.35K,-0.15%
11/1/2013,65.25,715.21K,1.64%
10/1/2013,64.2,638.39K,4.05%
9/1/2013,61.7,712.76K,-0.72%
8/1/2013,62.15,552.74K,0.32%
7/1/2013,61.95,462.81K,-2.13%
4/1/2013,63.3,596.03K,-0.08%
3/1/2013,63.35,649.96K,-4.45%
2/1/2013,66.3,456.91K,2.95%
31/12/2012,64.4,485.26K,2.63%
28/12/2012,62.75,350.28K,-1.34%
27/12/2012,63.6,691.45K,0.00%
26/12/2012,63.6,265.99K,0.16%
24/12/2012,63.5,164.95K,-0.16%
21/12/2012,63.6,570.54K,0.47%
20/12/2012,63.3,703.50K,-0.47%
19/12/2012,63.6,509.26K,-2.68%
18/12/2012,65.35,834.80K,-3.90%
17/12/2012,68,552.95K,1.12%
14/12/2012,67.25,442.20K,0.98%
13/12/2012,66.6,560.40K,-3.20%
12/12/2012,68.8,913.68K,2.69%
11/12/2012,67,383.81K,-0.81%
10/12/2012,67.55,536.00K,-0.22%
7/12/2012,67.7,479.88K,-0.29%
6/12/2012,67.9,734.00K,1.72%
5/12/2012,66.75,1.23M,-4.78%
4/12/2012,70.1,803.40K,-0.43%
3/12/2012,70.4,663.32K,-2.76%
30/11/2012,72.4,683.11K,-0.21%
29/11/2012,72.55,1.03M,-2.22%
28/11/2012,74.2,972.18K,-0.87%
27/11/2012,74.85,586.85K,-3.04%
26/11/2012,77.2,678.32K,0.06%
23/11/2012,77.15,452.79K,1.85%
21/11/2012,75.75,675.01K,2.78%
20/11/2012,73.7,637.99K,-1.01%
19/11/2012,74.45,701.59K,5.60%
16/11/2012,70.5,678.43K,0.07%
15/11/2012,70.45,796.04K,-2.69%
14/11/2012,72.4,604.33K,-1.96%
13/11/2012,73.85,478.68K,1.23%
12/11/2012,72.95,439.18K,-2.15%
9/11/2012,74.55,511.96K,-1.84%
8/11/2012,75.95,624.62K,2.43%
7/11/2012,74.15,667.18K,1.37%
6/11/2012,73.15,784.31K,4.28%
5/11/2012,70.15,446.01K,-1.68%
2/11/2012,71.35,928.69K,-3.52%
1/11/2012,73.95,497.91K,-0.20%
31/10/2012,74.1,730.98K,6.16%
26/10/2012,69.8,633.54K,-1.69%
25/10/2012,71,619.35K,2.53%
24/10/2012,69.25,694.20K,-2.12%
23/10/2012,70.75,728.99K,-2.55%
22/10/2012,72.6,689.66K,1.26%
19/10/2012,71.7,697.88K,1.06%
18/10/2012,70.95,801.34K,-4.25%
17/10/2012,74.1,676.79K,2.28%
16/10/2012,72.45,789.63K,2.11%
15/10/2012,70.95,735.15K,1.36%
12/10/2012,70,701.24K,-1.55%
11/10/2012,71.1,563.03K,0.21%
10/10/2012,70.95,1.37M,-0.91%
9/10/2012,71.6,795.77K,-2.92%
8/10/2012,73.75,397.54K,-1.07%
5/10/2012,74.55,915.53K,-1.91%
4/10/2012,76,828.23K,1.88%
3/10/2012,74.6,793.73K,-2.23%
2/10/2012,76.3,684.34K,-0.78%
1/10/2012,76.9,973.53K,0.92%
28/09/2012,76.2,803.35K,0.66%
27/09/2012,75.7,752.22K,3.06%
26/09/2012,73.45,1.50M,-0.07%
25/09/2012,73.5,1.14M,-2.00%
24/09/2012,75,964.92K,-3.54%
21/09/2012,77.75,2.75M,-0.83%
20/09/2012,78.4,1.64M,-1.75%
19/09/2012,79.8,1.20M,2.37%
18/09/2012,77.95,1.56M,-1.95%
17/09/2012,79.5,1.21M,0.95%
14/09/2012,78.75,1.68M,4.24%
13/09/2012,75.55,1.73M,4.42%
12/9/2012,72.35,958.58K,-0.55%
11/9/2012,72.75,890.25K,2.75%
10/9/2012,70.8,737.89K,-3.54%
7/9/2012,73.4,1.53M,6.53%
6/9/2012,68.9,641.79K,1.70%
5/9/2012,67.75,469.42K,0.00%
4/9/2012,67.75,729.86K,2.03%
31/08/2012,66.4,1.01M,3.83%
30/08/2012,63.95,528.01K,-0.08%
29/08/2012,64,505.10K,-0.31%
28/08/2012,64.2,378.16K,0.23%
27/08/2012,64.05,662.99K,-1.54%
24/08/2012,65.05,519.64K,-0.08%
23/08/2012,65.1,1.17M,-0.76%
22/08/2012,65.6,1.26M,4.54%
21/08/2012,62.75,1.09M,5.29%
20/08/2012,59.6,415.06K,0.93%
17/08/2012,59.05,457.03K,-0.67%
16/08/2012,59.45,617.98K,4.57%
15/08/2012,56.85,290.94K,1.34%
14/08/2012,56.1,328.11K,-0.71%
13/08/2012,56.5,444.69K,-1.22%
10/8/2012,57.2,323.20K,0.88%
9/8/2012,56.7,310.61K,1.89%
8/8/2012,55.65,716.49K,-3.05%
7/8/2012,57.4,936.26K,3.70%
6/8/2012,55.35,568.16K,2.22%
3/8/2012,54.15,759.98K,3.24%
2/8/2012,52.45,732.12K,-1.50%
1/8/2012,53.25,884.67K,-1.48%
31/07/2012,54.05,823.58K,-4.76%
30/07/2012,56.75,760.17K,2.99%
27/07/2012,55.1,1.19M,6.06%
26/07/2012,51.95,812.79K,0.00%
25/07/2012,51.95,679.70K,2.36%
24/07/2012,50.75,921.39K,3.57%
23/07/2012,49,873.27K,-5.22%
20/07/2012,51.7,517.94K,-1.15%
19/07/2012,52.3,381.58K,1.06%
18/07/2012,51.75,385.42K,-0.19%
17/07/2012,51.85,670.12K,-2.90%
16/07/2012,53.4,493.29K,-0.93%
13/07/2012,53.9,526.29K,0.19%
12/7/2012,53.8,1.23M,-2.62%
11/7/2012,55.25,1.26M,-3.41%
10/7/2012,57.2,801.20K,-5.45%
9/7/2012,60.5,552.62K,-0.82%
6/7/2012,61,804.25K,-2.24%
5/7/2012,62.4,974.56K,-3.55%
3/7/2012,64.7,527.05K,2.13%
2/7/2012,63.35,394.42K,2.84%
29/06/2012,61.6,738.31K,2.50%
28/06/2012,60.1,625.55K,-1.39%
27/06/2012,60.95,637.22K,-0.33%
26/06/2012,61.15,539.24K,-0.73%
25/06/2012,61.6,696.21K,-0.56%
22/06/2012,61.95,619.84K,1.14%
21/06/2012,61.25,1.07M,-5.41%
20/06/2012,64.75,886.16K,-0.15%
19/06/2012,64.85,775.84K,-1.44%
18/06/2012,65.8,886.37K,2.33%
15/06/2012,64.3,2.66M,2.14%
14/06/2012,62.95,1.15M,1.61%
13/06/2012,61.95,1.13M,2.14%
12/6/2012,60.65,595.81K,4.48%
11/6/2012,58.05,612.13K,-1.36%
8/6/2012,58.85,1.19M,-2.00%
7/6/2012,60.05,966.52K,-3.46%
6/6/2012,62.2,1.31M,3.15%
5/6/2012,60.3,944.38K,0.42%
4/6/2012,60.05,1.11M,5.07%
1/6/2012,57.15,1.32M,3.63%
31/05/2012,55.15,1.04M,-3.75%
30/05/2012,57.3,1.19M,-1.55%
29/05/2012,58.2,1.11M,0.17%
25/05/2012,58.1,701.04K,-0.09%
24/05/2012,58.15,1.28M,2.02%
23/05/2012,57,1.64M,3.07%
22/05/2012,55.3,762.89K,-1.16%
21/05/2012,55.95,495.35K,2.47%
18/05/2012,54.6,1.22M,1.39%
17/05/2012,53.85,1.61M,5.07%
16/05/2012,51.25,1.33M,-0.29%
15/05/2012,51.4,1.39M,-5.77%
14/05/2012,54.55,954.09K,-4.88%
11/5/2012,57.35,1.01M,-2.71%
10/5/2012,58.95,975.95K,-0.51%
9/5/2012,59.25,1.45M,1.54%
8/5/2012,58.35,1.70M,-8.97%
7/5/2012,64.1,723.69K,-2.81%
4/5/2012,65.95,782.60K,0.61%
3/5/2012,65.55,1.10M,-5.00%
2/5/2012,69,522.37K,-2.13%
1/5/2012,70.5,543.82K,-0.56%
30/04/2012,70.9,646.50K,-1.12%
27/04/2012,71.7,553.24K,0.91%
26/04/2012,71.05,810.42K,1.65%
25/04/2012,69.9,965.06K,5.03%
24/04/2012,66.55,849.70K,1.14%
23/04/2012,65.8,1.33M,-5.73%
20/04/2012,69.8,510.70K,-2.04%
19/04/2012,71.25,684.19K,0.21%
18/04/2012,71.1,661.82K,-1.86%
17/04/2012,72.45,691.99K,1.83%
16/04/2012,71.15,773.60K,-1.52%
13/04/2012,72.25,1.58M,0.35%
12/4/2012,72,2.28M,12.06%
11/4/2012,64.25,577.82K,0.31%
10/4/2012,64.05,813.74K,0.47%
9/4/2012,63.75,601.38K,-0.70%
5/4/2012,64.2,764.88K,-1.38%
4/4/2012,65.1,1.04M,-5.03%
3/4/2012,68.55,1.34M,-2.42%
2/4/2012,70.25,654.51K,2.26%
30/03/2012,68.7,605.39K,2.54%
29/03/2012,67,689.46K,1.21%
28/03/2012,66.2,483.67K,-1.93%
27/03/2012,67.5,855.03K,-0.88%
26/03/2012,68.1,836.61K,1.64%
23/03/2012,67,887.91K,4.04%
22/03/2012,64.4,692.75K,-1.75%
21/03/2012,65.55,779.61K,-0.08%
20/03/2012,65.6,905.98K,-0.68%
19/03/2012,66.05,576.83K,-1.05%
16/03/2012,66.75,1.75M,-0.82%
15/03/2012,67.3,784.35K,0.15%
14/03/2012,67.2,1.26M,-5.02%
13/03/2012,70.75,591.14K,-0.42%
12/3/2012,71.05,594.82K,0.00%
9/3/2012,71.05,652.31K,0.57%
8/3/2012,70.65,554.94K,0.07%
7/3/2012,70.6,657.64K,0.21%
6/3/2012,70.45,772.15K,-1.33%
5/3/2012,71.4,822.82K,-4.16%
2/3/2012,74.5,620.24K,-3.25%
1/3/2012,77,683.07K,0.59%
29/02/2012,76.55,1.53M,-1.35%
28/02/2012,77.6,837.11K,2.11%
27/02/2012,76,840.06K,0.86%
24/02/2012,75.35,803.87K,1.28%
23/02/2012,74.4,1.03M,0.74%
22/02/2012,73.85,1.10M,2.57%
21/02/2012,72,1.10M,6.27%
17/02/2012,67.75,471.15K,-0.51%
16/02/2012,68.1,590.85K,1.95%
15/02/2012,66.8,711.82K,2.14%
14/02/2012,65.4,755.26K,-1.88%
13/02/2012,66.65,565.41K,-1.04%
10/2/2012,67.35,595.62K,-2.95%
9/2/2012,69.4,659.93K,-1.28%
8/2/2012,70.3,539.81K,-2.97%
7/2/2012,72.45,532.76K,-0.62%
6/2/2012,72.9,426.44K,-1.22%
3/2/2012,73.8,700.88K,-4.77%
2/2/2012,77.5,682.21K,2.24%
1/2/2012,75.8,617.23K,0.33%
31/01/2012,75.55,735.51K,1.89%
30/01/2012,74.15,695.08K,-1.46%
27/01/2012,75.25,993.37K,6.36%
26/01/2012,70.75,1.04M,0.64%
25/01/2012,70.3,1.37M,5.56%
24/01/2012,66.6,503.86K,-2.27%
23/01/2012,68.15,615.09K,0.29%
20/01/2012,67.95,528.75K,-0.95%
19/01/2012,68.6,498.98K,-1.93%
18/01/2012,69.95,506.73K,-0.21%
17/01/2012,70.1,503.09K,0.14%
13/01/2012,70,504.04K,-0.92%
12/1/2012,70.65,629.14K,-1.46%
11/1/2012,71.7,641.86K,-0.21%
10/1/2012,71.85,626.35K,-0.14%
9/1/2012,71.95,615.83K,0.00%
6/1/2012,71.95,461.45K,-1.71%
5/1/2012,73.2,534.35K,0.14%
4/1/2012,73.1,743.48K,-0.81%
3/1/2012,73.7,695.39K,7.51%
