Date,SP_Close,SP_Change
3/7/2024,"5,537.02",0.51%
2/7/2024,"5,509.01",0.62%
1/7/2024,"5,475.09",0.27%
28/06/2024,"5,460.48",-0.41%
27/06/2024,"5,482.87",0.09%
26/06/2024,"5,477.90",0.16%
25/06/2024,"5,469.30",0.39%
24/06/2024,"5,447.87",-0.31%
21/06/2024,"5,464.62",-0.16%
20/06/2024,"5,473.17",-0.25%
18/06/2024,"5,487.03",0.25%
17/06/2024,"5,473.23",0.77%
14/06/2024,"5,431.60",-0.04%
13/06/2024,"5,433.74",0.23%
12/6/2024,"5,421.03",0.85%
11/6/2024,"5,375.32",0.27%
10/6/2024,"5,360.79",0.26%
7/6/2024,"5,346.99",-0.11%
6/6/2024,"5,352.96",-0.02%
5/6/2024,"5,354.03",1.18%
4/6/2024,"5,291.34",0.15%
3/6/2024,"5,283.40",0.11%
31/05/2024,"5,277.51",0.80%
30/05/2024,"5,235.48",-0.60%
29/05/2024,"5,266.95",-0.74%
28/05/2024,"5,306.04",0.02%
24/05/2024,"5,304.72",0.70%
23/05/2024,"5,267.84",-0.74%
22/05/2024,"5,307.01",-0.27%
21/05/2024,"5,321.41",0.25%
20/05/2024,"5,308.13",0.09%
17/05/2024,"5,303.27",0.12%
16/05/2024,"5,297.10",-0.21%
15/05/2024,"5,308.15",1.17%
14/05/2024,"5,246.68",0.48%
13/05/2024,"5,221.42",-0.02%
10/5/2024,"5,222.68",0.16%
9/5/2024,"5,214.08",0.51%
8/5/2024,"5,187.67",0.00%
7/5/2024,"5,187.70",0.13%
6/5/2024,"5,180.74",1.03%
3/5/2024,"5,127.79",1.26%
2/5/2024,"5,064.20",0.91%
1/5/2024,"5,018.39",-0.34%
30/04/2024,"5,035.69",-1.57%
29/04/2024,"5,116.17",0.32%
26/04/2024,"5,099.96",1.02%
25/04/2024,"5,048.42",-0.46%
24/04/2024,"5,071.63",0.02%
23/04/2024,"5,070.55",1.20%
22/04/2024,"5,010.60",0.87%
19/04/2024,"4,967.23",-0.88%
18/04/2024,"5,011.12",-0.22%
17/04/2024,"5,022.21",-0.58%
16/04/2024,"5,051.41",-0.21%
15/04/2024,"5,061.82",-1.20%
12/4/2024,"5,123.41",-1.46%
11/4/2024,"5,199.06",0.74%
10/4/2024,"5,160.64",-0.95%
9/4/2024,"5,209.91",0.14%
8/4/2024,"5,202.39",-0.04%
5/4/2024,"5,204.34",1.11%
4/4/2024,"5,147.21",-1.23%
3/4/2024,"5,211.49",0.11%
2/4/2024,"5,205.81",-0.72%
1/4/2024,"5,243.77",-0.20%
28/03/2024,"5,254.35",0.11%
27/03/2024,"5,248.49",0.86%
26/03/2024,"5,203.58",-0.28%
25/03/2024,"5,218.19",-0.31%
22/03/2024,"5,234.18",-0.14%
21/03/2024,"5,241.53",0.32%
20/03/2024,"5,224.62",0.89%
19/03/2024,"5,178.51",0.56%
18/03/2024,"5,149.42",0.63%
15/03/2024,"5,117.09",-0.65%
14/03/2024,"5,150.48",-0.29%
13/03/2024,"5,165.31",-0.19%
12/3/2024,"5,175.27",1.12%
11/3/2024,"5,117.94",-0.11%
8/3/2024,"5,123.69",-0.65%
7/3/2024,"5,157.36",1.03%
6/3/2024,"5,104.76",0.51%
5/3/2024,"5,078.65",-1.02%
4/3/2024,"5,130.95",-0.12%
1/3/2024,"5,137.08",0.80%
29/02/2024,"5,096.27",0.52%
28/02/2024,"5,069.76",-0.17%
27/02/2024,"5,078.18",0.17%
26/02/2024,"5,069.53",-0.38%
23/02/2024,"5,088.80",0.03%
22/02/2024,"5,087.03",2.11%
21/02/2024,"4,981.80",0.13%
20/02/2024,"4,975.51",-0.60%
16/02/2024,"5,005.57",-0.48%
15/02/2024,"5,029.73",0.58%
14/02/2024,"5,000.62",0.96%
13/02/2024,"4,953.17",-1.37%
12/2/2024,"5,021.84",-0.09%
9/2/2024,"5,026.61",0.57%
8/2/2024,"4,997.91",0.06%
7/2/2024,"4,995.06",0.82%
6/2/2024,"4,954.23",0.23%
5/2/2024,"4,942.81",-0.32%
2/2/2024,"4,958.61",1.07%
1/2/2024,"4,906.19",1.25%
31/01/2024,"4,845.65",-1.61%
30/01/2024,"4,924.97",-0.06%
29/01/2024,"4,927.93",0.76%
26/01/2024,"4,890.97",-0.07%
25/01/2024,"4,894.16",0.53%
24/01/2024,"4,868.55",0.08%
23/01/2024,"4,864.60",0.29%
22/01/2024,"4,850.43",0.22%
19/01/2024,"4,839.81",1.23%
18/01/2024,"4,780.94",0.88%
17/01/2024,"4,739.21",-0.56%
16/01/2024,"4,765.98",-0.37%
12/1/2024,"4,783.83",0.08%
11/1/2024,"4,780.24",-0.07%
10/1/2024,"4,783.45",0.57%
9/1/2024,"4,756.50",-0.15%
8/1/2024,"4,763.54",1.41%
5/1/2024,"4,697.24",0.18%
4/1/2024,"4,688.68",-0.34%
3/1/2024,"4,704.81",-0.80%
2/1/2024,"4,742.83",-0.57%
29/12/2023,"4,769.83",-0.28%
28/12/2023,"4,783.35",0.04%
27/12/2023,"4,781.58",0.14%
26/12/2023,"4,774.75",0.42%
22/12/2023,"4,754.63",0.17%
21/12/2023,"4,746.75",1.03%
20/12/2023,"4,698.35",-1.47%
19/12/2023,"4,768.37",0.59%
18/12/2023,"4,740.56",0.45%
15/12/2023,"4,719.19",-0.01%
14/12/2023,"4,719.55",0.26%
13/12/2023,"4,707.09",1.37%
12/12/2023,"4,643.70",0.46%
11/12/2023,"4,622.44",0.39%
8/12/2023,"4,604.37",0.41%
7/12/2023,"4,585.59",0.80%
6/12/2023,"4,549.34",-0.39%
5/12/2023,"4,567.18",-0.06%
4/12/2023,"4,569.78",-0.54%
1/12/2023,"4,594.63",0.59%
30/11/2023,"4,567.80",0.38%
29/11/2023,"4,550.58",-0.09%
28/11/2023,"4,554.89",0.10%
27/11/2023,"4,550.43",-0.20%
24/11/2023,"4,559.34",0.06%
22/11/2023,"4,556.62",0.41%
21/11/2023,"4,538.19",-0.20%
20/11/2023,"4,547.38",0.74%
17/11/2023,"4,514.02",0.13%
16/11/2023,"4,508.24",0.12%
15/11/2023,"4,502.88",0.16%
14/11/2023,"4,495.70",1.91%
13/11/2023,"4,411.55",-0.08%
10/11/2023,"4,415.24",1.56%
9/11/2023,"4,347.35",-0.81%
8/11/2023,"4,382.78",0.10%
7/11/2023,"4,378.38",0.28%
6/11/2023,"4,365.98",0.18%
3/11/2023,"4,358.34",0.94%
2/11/2023,"4,317.78",1.89%
1/11/2023,"4,237.86",1.05%
31/10/2023,"4,193.80",0.65%
30/10/2023,"4,166.82",1.20%
27/10/2023,"4,117.37",-0.48%
26/10/2023,"4,137.23",-1.18%
25/10/2023,"4,186.77",-1.43%
24/10/2023,"4,247.68",0.73%
23/10/2023,"4,217.04",-0.17%
20/10/2023,"4,224.16",-1.26%
19/10/2023,"4,278.00",-0.85%
18/10/2023,"4,314.60",-1.34%
17/10/2023,"4,373.20",-0.01%
16/10/2023,"4,373.63",1.06%
13/10/2023,"4,327.78",-0.50%
12/10/2023,"4,349.61",-0.62%
11/10/2023,"4,376.95",0.43%
10/10/2023,"4,358.24",0.52%
9/10/2023,"4,335.66",0.63%
6/10/2023,"4,308.50",1.18%
5/10/2023,"4,258.19",-0.13%
4/10/2023,"4,263.75",0.81%
3/10/2023,"4,229.45",-1.37%
2/10/2023,"4,288.39",0.01%
29/09/2023,"4,288.05",-0.27%
28/09/2023,"4,299.70",0.59%
27/09/2023,"4,274.51",0.02%
26/09/2023,"4,273.53",-1.47%
25/09/2023,"4,337.44",0.40%
22/09/2023,"4,320.06",-0.23%
21/09/2023,"4,330.00",-1.64%
20/09/2023,"4,402.20",-0.94%
19/09/2023,"4,443.95",-0.22%
18/09/2023,"4,453.53",0.07%
15/09/2023,"4,450.32",-1.22%
14/09/2023,"4,505.10",0.84%
13/09/2023,"4,467.44",0.12%
12/9/2023,"4,461.90",-0.57%
11/9/2023,"4,487.46",0.67%
8/9/2023,"4,457.49",0.14%
7/9/2023,"4,451.14",-0.32%
6/9/2023,"4,465.48",-0.70%
5/9/2023,"4,496.83",-0.42%
1/9/2023,"4,515.77",0.18%
31/08/2023,"4,507.66",-0.16%
30/08/2023,"4,514.87",0.38%
29/08/2023,"4,497.63",1.45%
28/08/2023,"4,433.31",0.63%
25/08/2023,"4,405.71",0.67%
24/08/2023,"4,376.31",-1.35%
23/08/2023,"4,436.01",1.10%
22/08/2023,"4,387.55",-0.28%
21/08/2023,"4,399.77",0.69%
18/08/2023,"4,369.71",-0.01%
17/08/2023,"4,370.36",-0.77%
16/08/2023,"4,404.33",-0.76%
15/08/2023,"4,437.86",-1.16%
14/08/2023,"4,489.72",0.58%
11/8/2023,"4,464.05",-0.11%
10/8/2023,"4,468.83",0.03%
9/8/2023,"4,467.71",-0.70%
8/8/2023,"4,499.38",-0.42%
7/8/2023,"4,518.44",0.90%
4/8/2023,"4,478.03",-0.53%
3/8/2023,"4,501.89",-0.25%
2/8/2023,"4,513.39",-1.38%
1/8/2023,"4,576.73",-0.27%
31/07/2023,"4,588.96",0.15%
28/07/2023,"4,582.23",0.99%
27/07/2023,"4,537.41",-0.64%
26/07/2023,"4,566.75",-0.02%
25/07/2023,"4,567.46",0.28%
24/07/2023,"4,554.64",0.40%
21/07/2023,"4,536.34",0.03%
20/07/2023,"4,534.87",-0.68%
19/07/2023,"4,565.72",0.24%
18/07/2023,"4,554.98",0.71%
17/07/2023,"4,522.79",0.39%
14/07/2023,"4,505.42",-0.10%
13/07/2023,"4,510.04",0.85%
12/7/2023,"4,472.16",0.74%
11/7/2023,"4,439.26",0.67%
10/7/2023,"4,409.53",0.24%
7/7/2023,"4,398.95",-0.29%
6/7/2023,"4,411.59",-0.79%
5/7/2023,"4,446.82",-0.20%
3/7/2023,"4,455.59",0.12%
30/06/2023,"4,450.38",1.23%
29/06/2023,"4,396.44",0.45%
28/06/2023,"4,376.86",-0.04%
27/06/2023,"4,378.41",1.15%
26/06/2023,"4,328.82",-0.45%
23/06/2023,"4,348.33",-0.77%
22/06/2023,"4,381.89",0.37%
21/06/2023,"4,365.69",-0.52%
20/06/2023,"4,388.71",-0.47%
16/06/2023,"4,409.59",-0.37%
15/06/2023,"4,425.84",1.22%
14/06/2023,"4,372.59",0.08%
13/06/2023,"4,369.01",0.69%
12/6/2023,"4,338.93",0.93%
9/6/2023,"4,298.86",0.11%
8/6/2023,"4,293.93",0.62%
7/6/2023,"4,267.52",-0.38%
6/6/2023,"4,283.85",0.24%
5/6/2023,"4,273.79",-0.20%
2/6/2023,"4,282.37",1.45%
1/6/2023,"4,221.02",0.99%
31/05/2023,"4,179.83",-0.61%
30/05/2023,"4,205.52",0.00%
26/05/2023,"4,205.45",1.30%
25/05/2023,"4,151.28",0.88%
24/05/2023,"4,115.24",-0.73%
23/05/2023,"4,145.58",-1.12%
22/05/2023,"4,192.63",0.02%
19/05/2023,"4,191.98",-0.14%
18/05/2023,"4,198.05",0.94%
17/05/2023,"4,158.77",1.19%
16/05/2023,"4,109.90",-0.64%
15/05/2023,"4,136.28",0.30%
12/5/2023,"4,124.08",-0.16%
11/5/2023,"4,130.62",-0.17%
10/5/2023,"4,137.64",0.45%
9/5/2023,"4,119.17",-0.46%
8/5/2023,"4,138.12",0.05%
5/5/2023,"4,136.25",1.85%
4/5/2023,"4,061.22",-0.72%
3/5/2023,"4,090.75",-0.70%
2/5/2023,"4,119.58",-1.16%
1/5/2023,"4,167.87",-0.04%
28/04/2023,"4,169.48",0.83%
27/04/2023,"4,135.35",1.96%
26/04/2023,"4,055.99",-0.38%
25/04/2023,"4,071.63",-1.58%
24/04/2023,"4,137.04",0.09%
21/04/2023,"4,133.52",0.09%
20/04/2023,"4,129.79",-0.60%
19/04/2023,"4,154.52",-0.01%
18/04/2023,"4,154.87",0.09%
17/04/2023,"4,151.32",0.33%
14/04/2023,"4,137.64",-0.21%
13/04/2023,"4,146.22",1.33%
12/4/2023,"4,091.95",-0.41%
11/4/2023,"4,108.94",0.00%
10/4/2023,"4,109.11",0.10%
6/4/2023,"4,105.02",0.36%
5/4/2023,"4,090.38",-0.25%
4/4/2023,"4,100.60",-0.58%
3/4/2023,"4,124.51",0.37%
31/03/2023,"4,109.31",1.44%
30/03/2023,"4,050.83",0.57%
29/03/2023,"4,027.81",1.42%
28/03/2023,"3,971.27",-0.16%
27/03/2023,"3,977.53",0.16%
24/03/2023,"3,970.99",0.56%
23/03/2023,"3,948.72",0.30%
22/03/2023,"3,936.97",-1.65%
21/03/2023,"4,002.87",1.30%
20/03/2023,"3,951.57",0.89%
17/03/2023,"3,916.64",-1.10%
16/03/2023,"3,960.28",1.76%
15/03/2023,"3,891.93",-0.70%
14/03/2023,"3,919.29",1.65%
13/03/2023,"3,855.76",-0.15%
10/3/2023,"3,861.59",-1.45%
9/3/2023,"3,918.32",-1.85%
8/3/2023,"3,992.01",0.14%
7/3/2023,"3,986.37",-1.53%
6/3/2023,"4,048.42",0.07%
3/3/2023,"4,045.64",1.61%
2/3/2023,"3,981.35",0.76%
1/3/2023,"3,951.39",-0.47%
28/02/2023,"3,970.15",-0.30%
27/02/2023,"3,982.24",0.31%
24/02/2023,"3,970.04",-1.05%
23/02/2023,"4,012.32",0.53%
22/02/2023,"3,991.05",-0.16%
21/02/2023,"3,997.34",-2.00%
17/02/2023,"4,079.09",-0.28%
16/02/2023,"4,090.41",-1.38%
15/02/2023,"4,147.60",0.28%
14/02/2023,"4,136.13",-0.03%
13/02/2023,"4,137.29",1.14%
10/2/2023,"4,090.46",0.22%
9/2/2023,"4,081.50",-0.88%
8/2/2023,"4,117.86",-1.11%
7/2/2023,"4,164.00",1.29%
6/2/2023,"4,111.08",-0.61%
3/2/2023,"4,136.48",-1.04%
2/2/2023,"4,179.76",1.47%
1/2/2023,"4,119.21",1.05%
31/01/2023,"4,076.60",1.46%
30/01/2023,"4,017.77",-1.30%
27/01/2023,"4,070.56",0.25%
26/01/2023,"4,060.43",1.10%
25/01/2023,"4,016.22",-0.02%
24/01/2023,"4,016.95",-0.07%
23/01/2023,"4,019.81",1.19%
20/01/2023,"3,972.61",1.89%
19/01/2023,"3,898.85",-0.76%
18/01/2023,"3,928.86",-1.56%
17/01/2023,"3,990.97",-0.20%
13/01/2023,"3,999.09",0.40%
12/1/2023,"3,983.17",0.34%
11/1/2023,"3,969.61",1.28%
10/1/2023,"3,919.25",0.70%
9/1/2023,"3,892.09",-0.08%
6/1/2023,"3,895.08",2.28%
5/1/2023,"3,808.10",-1.16%
4/1/2023,"3,852.97",0.75%
3/1/2023,"3,824.14",-0.40%
30/12/2022,"3,839.50",-0.25%
29/12/2022,"3,849.28",1.75%
28/12/2022,"3,783.22",-1.20%
27/12/2022,"3,829.25",-0.40%
23/12/2022,"3,844.82",0.59%
22/12/2022,"3,822.39",-1.45%
21/12/2022,"3,878.44",1.49%
20/12/2022,"3,821.62",0.10%
19/12/2022,"3,817.66",-0.90%
16/12/2022,"3,852.36",-1.11%
15/12/2022,"3,895.75",-2.49%
14/12/2022,"3,995.32",-0.61%
13/12/2022,"4,019.65",0.73%
12/12/2022,"3,990.56",1.43%
9/12/2022,"3,934.38",-0.73%
8/12/2022,"3,963.51",0.75%
7/12/2022,"3,933.92",-0.19%
6/12/2022,"3,941.26",-1.44%
5/12/2022,"3,998.84",-1.79%
2/12/2022,"4,071.70",-0.12%
1/12/2022,"4,076.57",-0.09%
30/11/2022,"4,080.11",3.09%
29/11/2022,"3,957.63",-0.16%
28/11/2022,"3,963.94",-1.54%
25/11/2022,"4,026.12",-0.03%
23/11/2022,"4,027.26",0.59%
22/11/2022,"4,003.58",1.36%
21/11/2022,"3,949.94",-0.39%
18/11/2022,"3,965.34",0.48%
17/11/2022,"3,946.56",-0.31%
16/11/2022,"3,958.79",-0.83%
15/11/2022,"3,991.73",0.87%
14/11/2022,"3,957.25",-0.89%
11/11/2022,"3,992.93",0.92%
10/11/2022,"3,956.37",5.54%
9/11/2022,"3,748.57",-2.08%
8/11/2022,"3,828.11",0.56%
7/11/2022,"3,806.80",0.96%
4/11/2022,"3,770.55",1.36%
3/11/2022,"3,719.89",-1.06%
2/11/2022,"3,759.69",-2.50%
1/11/2022,"3,856.10",-0.41%
31/10/2022,"3,871.98",-0.75%
28/10/2022,"3,901.06",2.46%
27/10/2022,"3,807.30",-0.61%
26/10/2022,"3,830.60",-0.74%
25/10/2022,"3,859.11",1.63%
24/10/2022,"3,797.34",1.19%
21/10/2022,"3,752.75",2.37%
20/10/2022,"3,665.78",-0.80%
19/10/2022,"3,695.16",-0.67%
18/10/2022,"3,719.98",1.14%
17/10/2022,"3,677.95",2.65%
14/10/2022,"3,583.07",-2.37%
13/10/2022,"3,669.91",2.60%
12/10/2022,"3,577.03",-0.33%
11/10/2022,"3,588.84",-0.65%
10/10/2022,"3,612.39",-0.75%
7/10/2022,"3,639.66",-2.80%
6/10/2022,"3,744.52",-1.02%
5/10/2022,"3,783.28",-0.20%
4/10/2022,"3,790.93",3.06%
3/10/2022,"3,678.43",2.59%
30/09/2022,"3,585.62",-1.51%
29/09/2022,"3,640.47",-2.11%
28/09/2022,"3,719.04",1.97%
27/09/2022,"3,647.29",-0.21%
26/09/2022,"3,655.04",-1.03%
23/09/2022,"3,693.23",-1.72%
22/09/2022,"3,757.99",-0.84%
21/09/2022,"3,789.93",-1.71%
20/09/2022,"3,855.93",-1.13%
19/09/2022,"3,899.89",0.69%
16/09/2022,"3,873.33",-0.72%
15/09/2022,"3,901.35",-1.13%
14/09/2022,"3,946.01",0.34%
13/09/2022,"3,932.69",-4.32%
12/9/2022,"4,110.41",1.06%
9/9/2022,"4,067.36",1.53%
8/9/2022,"4,006.18",0.66%
7/9/2022,"3,979.87",1.83%
6/9/2022,"3,908.19",-0.41%
2/9/2022,"3,924.26",-1.07%
1/9/2022,"3,966.85",0.30%
31/08/2022,"3,955.00",-0.78%
30/08/2022,"3,986.16",-1.10%
29/08/2022,"4,030.61",-0.67%
26/08/2022,"4,057.66",-3.37%
25/08/2022,"4,199.12",1.41%
24/08/2022,"4,140.77",0.29%
23/08/2022,"4,128.73",-0.22%
22/08/2022,"4,137.99",-2.14%
19/08/2022,"4,228.48",-1.29%
18/08/2022,"4,283.74",0.23%
17/08/2022,"4,274.04",-0.72%
16/08/2022,"4,305.20",0.19%
15/08/2022,"4,297.14",0.40%
12/8/2022,"4,280.15",1.73%
11/8/2022,"4,207.27",-0.07%
10/8/2022,"4,210.24",2.13%
9/8/2022,"4,122.47",-0.42%
8/8/2022,"4,140.06",-0.12%
5/8/2022,"4,145.19",-0.16%
4/8/2022,"4,151.94",-0.08%
3/8/2022,"4,155.17",1.56%
2/8/2022,"4,091.19",-0.67%
1/8/2022,"4,118.63",-0.28%
29/07/2022,"4,130.29",1.42%
28/07/2022,"4,072.43",1.21%
27/07/2022,"4,023.61",2.62%
26/07/2022,"3,921.05",-1.15%
25/07/2022,"3,966.84",0.13%
22/07/2022,"3,961.63",-0.93%
21/07/2022,"3,998.95",0.99%
20/07/2022,"3,959.90",0.59%
19/07/2022,"3,936.69",2.76%
18/07/2022,"3,830.85",-0.84%
15/07/2022,"3,863.16",1.92%
14/07/2022,"3,790.38",-0.30%
13/07/2022,"3,801.78",-0.45%
12/7/2022,"3,818.80",-0.92%
11/7/2022,"3,854.43",-1.15%
8/7/2022,"3,899.38",-0.08%
7/7/2022,"3,902.62",1.50%
6/7/2022,"3,845.08",0.36%
5/7/2022,"3,831.39",0.16%
1/7/2022,"3,825.33",1.06%
30/06/2022,"3,785.38",-0.88%
29/06/2022,"3,818.83",-0.07%
28/06/2022,"3,821.55",-2.01%
27/06/2022,"3,900.11",-0.30%
24/06/2022,"3,911.74",3.06%
23/06/2022,"3,795.73",0.95%
22/06/2022,"3,759.89",-0.13%
21/06/2022,"3,764.79",2.45%
17/06/2022,"3,674.84",0.22%
16/06/2022,"3,666.77",-3.25%
15/06/2022,"3,789.99",1.46%
14/06/2022,"3,735.48",-0.38%
13/06/2022,"3,749.63",-3.88%
10/6/2022,"3,900.86",-2.91%
9/6/2022,"4,017.82",-2.38%
8/6/2022,"4,115.77",-1.08%
7/6/2022,"4,160.68",0.95%
6/6/2022,"4,121.43",0.31%
3/6/2022,"4,108.54",-1.63%
2/6/2022,"4,176.82",1.84%
1/6/2022,"4,101.23",-0.75%
31/05/2022,"4,132.15",-0.63%
27/05/2022,"4,158.24",2.47%
26/05/2022,"4,057.84",1.99%
25/05/2022,"3,978.73",0.95%
24/05/2022,"3,941.48",-0.81%
23/05/2022,"3,973.75",1.86%
20/05/2022,"3,901.36",0.01%
19/05/2022,"3,900.79",-0.58%
18/05/2022,"3,923.68",-4.04%
17/05/2022,"4,088.85",2.02%
16/05/2022,"4,008.01",-0.39%
13/05/2022,"4,023.89",2.39%
12/5/2022,"3,930.08",-0.13%
11/5/2022,"3,935.18",-1.65%
10/5/2022,"4,001.05",0.25%
9/5/2022,"3,991.24",-3.20%
6/5/2022,"4,123.34",-0.57%
5/5/2022,"4,146.87",-3.56%
4/5/2022,"4,300.17",2.99%
3/5/2022,"4,175.48",0.48%
2/5/2022,"4,155.38",0.57%
29/04/2022,"4,131.93",-3.63%
28/04/2022,"4,287.50",2.47%
27/04/2022,"4,183.96",0.21%
26/04/2022,"4,175.20",-2.81%
25/04/2022,"4,296.12",0.57%
22/04/2022,"4,271.78",-2.77%
21/04/2022,"4,393.66",-1.48%
20/04/2022,"4,459.45",-0.06%
19/04/2022,"4,462.21",1.61%
18/04/2022,"4,391.69",-0.02%
14/04/2022,"4,392.59",-1.21%
13/04/2022,"4,446.59",1.12%
12/4/2022,"4,397.45",-0.34%
11/4/2022,"4,412.53",-1.69%
8/4/2022,"4,488.28",-0.27%
7/4/2022,"4,500.21",0.43%
6/4/2022,"4,481.15",-0.97%
5/4/2022,"4,525.12",-1.26%
4/4/2022,"4,582.64",0.81%
1/4/2022,"4,545.86",0.34%
31/03/2022,"4,530.41",-1.57%
30/03/2022,"4,602.45",-0.63%
29/03/2022,"4,631.60",1.23%
28/03/2022,"4,575.52",0.71%
25/03/2022,"4,543.06",0.51%
24/03/2022,"4,520.16",1.43%
23/03/2022,"4,456.24",-1.23%
22/03/2022,"4,511.61",1.13%
21/03/2022,"4,461.18",-0.04%
18/03/2022,"4,463.12",1.17%
17/03/2022,"4,411.67",1.23%
16/03/2022,"4,357.86",2.24%
15/03/2022,"4,262.45",2.14%
14/03/2022,"4,173.11",-0.74%
11/3/2022,"4,204.31",-1.30%
10/3/2022,"4,259.52",-0.43%
9/3/2022,"4,277.88",2.57%
8/3/2022,"4,170.70",-0.72%
7/3/2022,"4,201.09",-2.95%
4/3/2022,"4,328.87",-0.79%
3/3/2022,"4,363.49",-0.53%
2/3/2022,"4,386.54",1.86%
1/3/2022,"4,306.26",-1.55%
28/02/2022,"4,373.94",-0.24%
25/02/2022,"4,384.65",2.24%
24/02/2022,"4,288.70",1.50%
23/02/2022,"4,225.50",-1.84%
22/02/2022,"4,304.76",-1.01%
18/02/2022,"4,348.87",-0.72%
17/02/2022,"4,380.26",-2.12%
16/02/2022,"4,475.01",0.09%
15/02/2022,"4,471.07",1.58%
14/02/2022,"4,401.67",-0.38%
11/2/2022,"4,418.64",-1.90%
10/2/2022,"4,504.10",-1.81%
9/2/2022,"4,587.20",1.45%
8/2/2022,"4,521.50",0.84%
7/2/2022,"4,483.90",-0.37%
4/2/2022,"4,500.50",0.52%
3/2/2022,"4,477.40",-2.44%
2/2/2022,"4,589.40",0.94%
1/2/2022,"4,546.50",0.68%
31/01/2022,"4,515.60",1.89%
28/01/2022,"4,431.90",2.44%
27/01/2022,"4,326.50",-0.54%
26/01/2022,"4,349.90",-0.15%
25/01/2022,"4,356.40",-1.22%
24/01/2022,"4,410.10",0.28%
21/01/2022,"4,397.90",-1.89%
20/01/2022,"4,482.70",-1.11%
19/01/2022,"4,532.80",-0.97%
18/01/2022,"4,577.10",-1.84%
14/01/2022,"4,662.90",0.08%
13/01/2022,"4,659.00",-1.43%
12/1/2022,"4,726.40",0.28%
11/1/2022,"4,713.10",0.92%
10/1/2022,"4,670.30",-0.14%
7/1/2022,"4,677.00",-0.41%
6/1/2022,"4,696.10",-0.10%
5/1/2022,"4,700.60",-1.94%
4/1/2022,"4,793.50",-0.06%
3/1/2022,"4,796.60",0.64%
31/12/2021,"4,766.20",-0.26%
30/12/2021,"4,778.70",-0.30%
29/12/2021,"4,793.10",0.14%
28/12/2021,"4,786.40",-0.10%
27/12/2021,"4,791.20",1.38%
23/12/2021,"4,725.80",0.62%
22/12/2021,"4,696.60",1.02%
21/12/2021,"4,649.20",1.78%
20/12/2021,"4,568.00",-1.14%
17/12/2021,"4,620.60",-1.03%
16/12/2021,"4,668.70",-0.87%
15/12/2021,"4,709.90",1.64%
14/12/2021,"4,634.10",-0.75%
13/12/2021,"4,669.00",-0.91%
10/12/2021,"4,712.00",0.96%
9/12/2021,"4,667.40",-0.72%
8/12/2021,"4,701.20",0.31%
7/12/2021,"4,686.80",2.07%
6/12/2021,"4,591.70",1.17%
3/12/2021,"4,538.40",-0.85%
2/12/2021,"4,577.10",1.42%
1/12/2021,"4,513.00",-1.18%
30/11/2021,"4,567.00",-1.90%
29/11/2021,"4,655.30",1.32%
26/11/2021,"4,594.60",-2.27%
24/11/2021,"4,701.50",0.23%
23/11/2021,"4,690.70",0.17%
22/11/2021,"4,682.90",-0.32%
19/11/2021,"4,698.00",-0.14%
18/11/2021,"4,704.50",0.34%
17/11/2021,"4,688.70",-0.26%
16/11/2021,"4,700.90",0.39%
15/11/2021,"4,682.80",0.00%
12/11/2021,"4,682.90",0.72%
11/11/2021,"4,649.30",0.06%
10/11/2021,"4,646.70",-0.82%
9/11/2021,"4,685.20",-0.35%
8/11/2021,"4,701.70",0.09%
5/11/2021,"4,697.50",0.37%
4/11/2021,"4,680.10",0.42%
3/11/2021,"4,660.60",0.65%
2/11/2021,"4,630.60",0.37%
1/11/2021,"4,613.70",0.18%
29/10/2021,"4,605.40",0.20%
28/10/2021,"4,596.40",0.98%
27/10/2021,"4,551.70",-0.50%
26/10/2021,"4,574.80",0.18%
25/10/2021,"4,566.50",0.48%
22/10/2021,"4,544.90",-0.11%
21/10/2021,"4,549.80",0.30%
20/10/2021,"4,536.20",0.37%
19/10/2021,"4,519.60",0.74%
18/10/2021,"4,486.50",0.34%
15/10/2021,"4,471.40",0.75%
14/10/2021,"4,438.30",1.71%
13/10/2021,"4,363.80",0.30%
12/10/2021,"4,350.60",-0.24%
11/10/2021,"4,361.20",-0.69%
8/10/2021,"4,391.30",-0.19%
7/10/2021,"4,399.80",0.83%
6/10/2021,"4,363.60",0.41%
5/10/2021,"4,345.70",1.05%
4/10/2021,"4,300.50",-1.30%
1/10/2021,"4,357.00",1.15%
30/09/2021,"4,307.50",-1.19%
29/09/2021,"4,359.50",0.16%
28/09/2021,"4,352.60",-2.04%
27/09/2021,"4,443.10",-0.28%
24/09/2021,"4,455.50",0.15%
23/09/2021,"4,449.00",1.21%
22/09/2021,"4,395.60",0.95%
21/09/2021,"4,354.20",-0.08%
20/09/2021,"4,357.70",-1.70%
17/09/2021,"4,433.00",-0.91%
16/09/2021,"4,473.80",-0.15%
15/09/2021,"4,480.70",0.85%
14/09/2021,"4,443.10",-0.57%
13/09/2021,"4,468.70",0.23%
10/9/2021,"4,458.60",-0.77%
9/9/2021,"4,493.30",-0.46%
8/9/2021,"4,514.10",-0.13%
7/9/2021,"4,520.00",-0.34%
3/9/2021,"4,535.40",-0.03%
2/9/2021,"4,536.90",0.28%
1/9/2021,"4,524.10",0.03%
31/08/2021,"4,522.70",-0.13%
30/08/2021,"4,528.80",0.43%
27/08/2021,"4,509.40",0.88%
26/08/2021,"4,470.00",-0.58%
25/08/2021,"4,496.20",0.22%
24/08/2021,"4,486.20",0.15%
23/08/2021,"4,479.50",0.85%
20/08/2021,"4,441.70",0.81%
19/08/2021,"4,405.80",0.12%
18/08/2021,"4,400.30",-1.07%
17/08/2021,"4,448.10",-0.71%
16/08/2021,"4,479.70",0.26%
13/08/2021,"4,468.00",0.16%
12/8/2021,"4,460.80",0.29%
11/8/2021,"4,447.70",0.25%
10/8/2021,"4,436.80",0.10%
9/8/2021,"4,432.40",-0.09%
6/8/2021,"4,436.50",0.17%
5/8/2021,"4,429.10",0.60%
4/8/2021,"4,402.70",-0.46%
3/8/2021,"4,423.10",0.82%
2/8/2021,"4,387.20",-0.18%
30/07/2021,"4,395.30",-0.54%
29/07/2021,"4,419.10",0.42%
28/07/2021,"4,400.60",-0.02%
27/07/2021,"4,401.50",-0.47%
26/07/2021,"4,422.30",0.24%
23/07/2021,"4,411.80",1.01%
22/07/2021,"4,367.50",0.20%
21/07/2021,"4,358.70",0.82%
20/07/2021,"4,323.10",1.52%
19/07/2021,"4,258.50",-1.59%
16/07/2021,"4,327.20",-0.75%
15/07/2021,"4,360.00",-0.33%
14/07/2021,"4,374.30",0.12%
13/07/2021,"4,369.20",-0.35%
12/7/2021,"4,384.60",0.34%
9/7/2021,"4,369.60",1.13%
8/7/2021,"4,320.80",-0.86%
7/7/2021,"4,358.10",0.34%
6/7/2021,"4,343.50",-0.20%
2/7/2021,"4,352.30",0.75%
1/7/2021,"4,319.90",0.52%
30/06/2021,"4,297.50",0.13%
29/06/2021,"4,291.80",0.03%
28/06/2021,"4,290.60",0.23%
25/06/2021,"4,280.70",0.33%
24/06/2021,"4,266.50",0.58%
23/06/2021,"4,241.80",-0.11%
22/06/2021,"4,246.40",0.51%
21/06/2021,"4,224.80",1.40%
18/06/2021,"4,166.40",-1.31%
17/06/2021,"4,221.90",-0.04%
16/06/2021,"4,223.70",-0.54%
15/06/2021,"4,246.60",-0.20%
14/06/2021,"4,255.10",0.18%
11/6/2021,"4,247.40",0.19%
10/6/2021,"4,239.20",0.46%
9/6/2021,"4,219.60",-0.18%
8/6/2021,"4,227.30",0.02%
7/6/2021,"4,226.50",-0.08%
4/6/2021,"4,229.90",0.88%
3/6/2021,"4,192.90",-0.36%
2/6/2021,"4,208.10",0.15%
1/6/2021,"4,202.00",-0.05%
28/05/2021,"4,204.10",0.08%
27/05/2021,"4,200.90",0.12%
26/05/2021,"4,196.00",0.19%
25/05/2021,"4,188.10",-0.21%
24/05/2021,"4,197.10",0.99%
21/05/2021,"4,155.90",-0.08%
20/05/2021,"4,159.10",1.05%
19/05/2021,"4,115.70",-0.29%
18/05/2021,"4,127.80",-0.85%
17/05/2021,"4,163.30",-0.25%
14/05/2021,"4,173.90",1.49%
13/05/2021,"4,112.50",1.22%
12/5/2021,"4,063.00",-2.15%
11/5/2021,"4,152.10",-0.87%
10/5/2021,"4,188.40",-1.04%
7/5/2021,"4,232.60",0.74%
6/5/2021,"4,201.60",0.82%
5/5/2021,"4,167.60",0.07%
4/5/2021,"4,164.70",-0.67%
3/5/2021,"4,192.70",0.28%
30/04/2021,"4,181.20",-0.72%
29/04/2021,"4,211.50",0.68%
28/04/2021,"4,183.20",-0.08%
27/04/2021,"4,186.70",-0.02%
26/04/2021,"4,187.60",0.18%
23/04/2021,"4,180.20",1.09%
22/04/2021,"4,135.00",-0.92%
21/04/2021,"4,173.40",0.93%
20/04/2021,"4,134.90",-0.68%
19/04/2021,"4,163.30",-0.53%
16/04/2021,"4,185.50",0.36%
15/04/2021,"4,170.40",1.11%
14/04/2021,"4,124.70",-0.41%
13/04/2021,"4,141.60",0.33%
12/4/2021,"4,128.00",-0.02%
9/4/2021,"4,128.80",0.77%
8/4/2021,"4,097.20",0.42%
7/4/2021,"4,079.90",0.15%
6/4/2021,"4,073.90",-0.10%
5/4/2021,"4,077.90",1.44%
1/4/2021,"4,019.90",1.18%
31/03/2021,"3,972.90",0.36%
30/03/2021,"3,958.60",-0.31%
29/03/2021,"3,971.10",-0.09%
26/03/2021,"3,974.50",1.66%
25/03/2021,"3,909.50",0.52%
24/03/2021,"3,889.10",-0.55%
23/03/2021,"3,910.50",-0.76%
22/03/2021,"3,940.60",0.70%
19/03/2021,"3,913.10",-0.06%
18/03/2021,"3,915.50",-1.47%
17/03/2021,"3,974.10",0.29%
16/03/2021,"3,962.70",-0.16%
15/03/2021,"3,968.90",0.65%
12/3/2021,"3,943.30",0.10%
11/3/2021,"3,939.30",1.04%
10/3/2021,"3,898.80",0.60%
9/3/2021,"3,875.40",1.42%
8/3/2021,"3,821.30",-0.54%
5/3/2021,"3,841.90",1.95%
4/3/2021,"3,768.50",-1.34%
3/3/2021,"3,819.70",-1.31%
2/3/2021,"3,870.30",-0.81%
1/3/2021,"3,901.80",2.38%
26/02/2021,"3,811.20",-0.47%
25/02/2021,"3,829.30",-2.45%
24/02/2021,"3,925.40",1.13%
23/02/2021,"3,881.40",0.13%
22/02/2021,"3,876.50",-0.77%
19/02/2021,"3,906.70",-0.19%
18/02/2021,"3,914.00",-0.44%
17/02/2021,"3,931.30",-0.03%
16/02/2021,"3,932.60",-0.06%
12/2/2021,"3,934.80",0.47%
11/2/2021,"3,916.40",0.17%
10/2/2021,"3,909.90",-0.03%
9/2/2021,"3,911.20",-0.11%
8/2/2021,"3,915.60",0.74%
5/2/2021,"3,886.80",0.39%
4/2/2021,"3,871.70",1.08%
3/2/2021,"3,830.20",0.10%
2/2/2021,"3,826.30",1.39%
1/2/2021,"3,773.90",1.61%
29/01/2021,"3,714.20",-1.93%
28/01/2021,"3,787.40",0.98%
27/01/2021,"3,750.80",-2.57%
26/01/2021,"3,849.60",-0.15%
25/01/2021,"3,855.40",0.36%
22/01/2021,"3,841.50",-0.30%
21/01/2021,"3,853.10",0.03%
20/01/2021,"3,851.80",1.39%
19/01/2021,"3,798.90",0.81%
15/01/2021,"3,768.20",-0.72%
14/01/2021,"3,795.50",-0.38%
13/01/2021,"3,809.80",0.23%
12/1/2021,"3,801.20",0.04%
11/1/2021,"3,799.60",-0.66%
8/1/2021,"3,824.70",0.55%
7/1/2021,"3,803.80",1.49%
6/1/2021,"3,748.10",0.57%
5/1/2021,"3,726.90",0.71%
4/1/2021,"3,700.70",-1.47%
31/12/2020,"3,756.10",0.65%
30/12/2020,"3,732.00",0.13%
29/12/2020,"3,727.00",-0.22%
28/12/2020,"3,735.40",0.87%
24/12/2020,"3,703.10",0.36%
23/12/2020,"3,690.00",0.07%
22/12/2020,"3,687.30",-0.21%
21/12/2020,"3,694.90",-0.39%
18/12/2020,"3,709.40",-0.35%
17/12/2020,"3,722.50",0.58%
16/12/2020,"3,701.20",0.18%
15/12/2020,"3,694.60",1.29%
14/12/2020,"3,647.50",-0.44%
11/12/2020,"3,663.50",-0.13%
10/12/2020,"3,668.10",-0.13%
9/12/2020,"3,672.80",-0.79%
8/12/2020,"3,702.20",0.28%
7/12/2020,"3,692.00",-0.19%
4/12/2020,"3,699.10",0.88%
3/12/2020,"3,666.70",-0.06%
2/12/2020,"3,669.00",0.18%
1/12/2020,"3,662.40",1.13%
30/11/2020,"3,621.60",-0.46%
27/11/2020,"3,638.30",0.24%
25/11/2020,"3,629.70",-0.16%
24/11/2020,"3,635.40",1.62%
23/11/2020,"3,577.60",0.57%
20/11/2020,"3,557.50",-0.68%
19/11/2020,"3,581.90",0.40%
18/11/2020,"3,567.80",-1.16%
17/11/2020,"3,609.50",-0.48%
16/11/2020,"3,626.90",1.16%
13/11/2020,"3,585.20",1.36%
12/11/2020,"3,537.00",-1.00%
11/11/2020,"3,572.70",0.77%
10/11/2020,"3,545.50",-0.14%
9/11/2020,"3,550.50",1.17%
6/11/2020,"3,509.40",-0.03%
5/11/2020,"3,510.40",1.95%
4/11/2020,"3,443.40",2.20%
3/11/2020,"3,369.20",1.78%
2/11/2020,"3,310.20",1.23%
30/10/2020,"3,270.00",-1.21%
29/10/2020,"3,310.10",1.20%
28/10/2020,"3,271.00",-3.53%
27/10/2020,"3,390.70",-0.30%
26/10/2020,"3,401.00",-1.86%
23/10/2020,"3,465.40",0.34%
22/10/2020,"3,453.50",0.52%
21/10/2020,"3,435.60",-0.22%
20/10/2020,"3,443.10",0.47%
19/10/2020,"3,426.90",-1.63%
16/10/2020,"3,483.80",0.01%
15/10/2020,"3,483.30",-0.15%
14/10/2020,"3,488.70",-0.66%
13/10/2020,"3,511.90",-0.63%
12/10/2020,"3,534.20",1.64%
9/10/2020,"3,477.10",0.88%
8/10/2020,"3,446.80",0.80%
7/10/2020,"3,419.40",1.74%
6/10/2020,"3,360.90",-1.40%
5/10/2020,"3,408.60",1.80%
2/10/2020,"3,348.40",-0.96%
1/10/2020,"3,380.80",0.53%
30/09/2020,"3,363.00",0.82%
29/09/2020,"3,335.50",-0.48%
28/09/2020,"3,351.60",1.61%
25/09/2020,"3,298.50",1.60%
24/09/2020,"3,246.60",0.30%
23/09/2020,"3,236.90",-2.37%
22/09/2020,"3,315.60",1.05%
21/09/2020,"3,281.10",-1.16%
18/09/2020,"3,319.50",-1.12%
17/09/2020,"3,357.00",-0.84%
16/09/2020,"3,385.50",-0.46%
15/09/2020,"3,401.20",0.52%
14/09/2020,"3,383.50",1.27%
11/9/2020,"3,341.00",0.05%
10/9/2020,"3,339.20",-1.76%
9/9/2020,"3,399.00",2.02%
8/9/2020,"3,331.80",-2.78%
4/9/2020,"3,427.00",-0.81%
3/9/2020,"3,455.10",-3.51%
2/9/2020,"3,580.80",1.53%
1/9/2020,"3,526.70",0.75%
31/08/2020,"3,500.30",-0.22%
28/08/2020,"3,508.00",0.67%
27/08/2020,"3,484.60",0.17%
26/08/2020,"3,478.70",1.02%
25/08/2020,"3,443.60",0.36%
24/08/2020,"3,431.30",1.00%
21/08/2020,"3,397.20",0.35%
20/08/2020,"3,385.50",0.32%
19/08/2020,"3,374.80",-0.44%
18/08/2020,"3,389.80",0.23%
17/08/2020,"3,382.00",0.27%
14/08/2020,"3,372.80",-0.02%
13/08/2020,"3,373.40",-0.20%
12/8/2020,"3,380.30",1.40%
11/8/2020,"3,333.70",-0.80%
10/8/2020,"3,360.50",0.27%
7/8/2020,"3,351.30",0.06%
6/8/2020,"3,349.20",0.64%
5/8/2020,"3,327.80",0.64%
4/8/2020,"3,306.50",0.36%
3/8/2020,"3,294.60",0.72%
31/07/2020,"3,271.10",0.77%
30/07/2020,"3,246.20",-0.37%
29/07/2020,"3,258.40",1.24%
28/07/2020,"3,218.40",-0.65%
27/07/2020,"3,239.40",0.74%
24/07/2020,"3,215.60",-0.62%
23/07/2020,"3,235.70",-1.23%
22/07/2020,"3,276.00",0.57%
21/07/2020,"3,257.30",0.17%
20/07/2020,"3,251.80",0.84%
17/07/2020,"3,224.70",0.28%
16/07/2020,"3,215.60",-0.34%
15/07/2020,"3,226.60",0.91%
14/07/2020,"3,197.50",1.34%
13/07/2020,"3,155.20",-0.94%
10/7/2020,"3,185.00",1.04%
9/7/2020,"3,152.10",-0.56%
8/7/2020,"3,169.90",0.78%
7/7/2020,"3,145.30",-1.08%
6/7/2020,"3,179.70",1.59%
2/7/2020,"3,130.00",0.45%
1/7/2020,"3,115.90",0.50%
30/06/2020,"3,100.30",1.54%
29/06/2020,"3,053.20",1.47%
26/06/2020,"3,009.10",-2.42%
25/06/2020,"3,083.80",1.10%
24/06/2020,"3,050.30",-2.59%
23/06/2020,"3,131.30",0.43%
22/06/2020,"3,117.90",0.65%
19/06/2020,"3,097.70",-0.56%
18/06/2020,"3,115.30",0.06%
17/06/2020,"3,113.50",-0.36%
16/06/2020,"3,124.70",1.89%
15/06/2020,"3,066.60",0.83%
12/6/2020,"3,041.30",1.31%
11/6/2020,"3,002.10",-5.89%
10/6/2020,"3,190.10",-0.53%
9/6/2020,"3,207.20",-0.78%
8/6/2020,"3,232.40",1.21%
5/6/2020,"3,193.90",2.62%
4/6/2020,"3,112.30",-0.34%
3/6/2020,"3,122.90",1.37%
2/6/2020,"3,080.80",0.82%
1/6/2020,"3,055.70",0.37%
29/05/2020,"3,044.30",0.48%
28/05/2020,"3,029.70",-0.21%
27/05/2020,"3,036.10",1.48%
26/05/2020,"2,991.80",1.23%
22/05/2020,"2,955.40",0.23%
21/05/2020,"2,948.50",-0.78%
20/05/2020,"2,971.60",1.67%
19/05/2020,"2,922.90",-1.05%
18/05/2020,"2,953.90",3.15%
15/05/2020,"2,863.70",0.39%
14/05/2020,"2,852.50",1.15%
13/05/2020,"2,820.00",-1.75%
12/5/2020,"2,870.10",-2.05%
11/5/2020,"2,930.30",0.02%
8/5/2020,"2,929.80",1.69%
7/5/2020,"2,881.20",1.15%
6/5/2020,"2,848.40",-0.70%
5/5/2020,"2,868.40",0.90%
4/5/2020,"2,842.70",0.42%
1/5/2020,"2,830.70",-2.81%
30/04/2020,"2,912.40",-0.92%
29/04/2020,"2,939.50",2.66%
28/04/2020,"2,863.40",-0.52%
27/04/2020,"2,878.50",1.47%
24/04/2020,"2,836.70",1.39%
23/04/2020,"2,797.80",-0.05%
22/04/2020,"2,799.30",2.29%
21/04/2020,"2,736.60",-3.07%
20/04/2020,"2,823.20",-1.79%
17/04/2020,"2,874.60",2.68%
16/04/2020,"2,799.60",0.58%
15/04/2020,"2,783.40",-2.20%
14/04/2020,"2,846.10",3.06%
13/04/2020,"2,761.60",-1.01%
9/4/2020,"2,789.80",1.45%
8/4/2020,"2,750.00",3.41%
7/4/2020,"2,659.40",-0.16%
6/4/2020,"2,663.70",7.03%
3/4/2020,"2,488.70",-1.51%
2/4/2020,"2,526.90",2.28%
1/4/2020,"2,470.50",-4.41%
31/03/2020,"2,584.60",-1.60%
30/03/2020,"2,626.70",3.35%
27/03/2020,"2,541.50",-3.37%
26/03/2020,"2,630.10",6.24%
25/03/2020,"2,475.60",1.16%
24/03/2020,"2,447.30",9.38%
23/03/2020,"2,237.40",-2.93%
20/03/2020,"2,304.90",-4.34%
19/03/2020,"2,409.40",0.47%
18/03/2020,"2,398.10",-5.18%
17/03/2020,"2,529.20",6.00%
16/03/2020,"2,386.10",-11.98%
13/03/2020,"2,711.00",9.29%
12/3/2020,"2,480.60",-9.51%
11/3/2020,"2,741.40",-4.89%
10/3/2020,"2,882.20",4.94%
9/3/2020,"2,746.60",-7.60%
6/3/2020,"2,972.40",-1.70%
5/3/2020,"3,023.90",-3.39%
4/3/2020,"3,130.10",4.22%
3/3/2020,"3,003.40",-2.81%
2/3/2020,"3,090.20",4.60%
28/02/2020,"2,954.20",-0.83%
27/02/2020,"2,978.80",-4.42%
26/02/2020,"3,116.40",-0.38%
25/02/2020,"3,128.20",-3.03%
24/02/2020,"3,225.90",-3.35%
21/02/2020,"3,337.80",-1.05%
20/02/2020,"3,373.20",-0.38%
19/02/2020,"3,386.20",0.47%
18/02/2020,"3,370.30",-0.29%
14/02/2020,"3,380.20",0.19%
13/02/2020,"3,373.90",-0.16%
12/2/2020,"3,379.40",0.64%
11/2/2020,"3,357.80",0.17%
10/2/2020,"3,352.10",0.73%
7/2/2020,"3,327.70",-0.54%
6/2/2020,"3,345.80",0.33%
5/2/2020,"3,334.70",1.13%
4/2/2020,"3,297.60",1.50%
3/2/2020,"3,248.90",0.73%
31/01/2020,"3,225.50",-1.77%
30/01/2020,"3,283.70",0.31%
29/01/2020,"3,273.40",-0.09%
28/01/2020,"3,276.20",1.01%
27/01/2020,"3,243.60",-1.57%
24/01/2020,"3,295.50",-0.90%
23/01/2020,"3,325.50",0.11%
22/01/2020,"3,321.80",0.03%
21/01/2020,"3,320.80",-0.26%
17/01/2020,"3,329.60",0.39%
16/01/2020,"3,316.80",0.84%
15/01/2020,"3,289.30",0.19%
14/01/2020,"3,283.20",-0.15%
13/01/2020,"3,288.10",0.70%
10/1/2020,"3,265.30",-0.29%
9/1/2020,"3,274.70",0.66%
8/1/2020,"3,253.10",0.49%
7/1/2020,"3,237.20",-0.28%
6/1/2020,"3,246.30",0.36%
3/1/2020,"3,234.80",-0.71%
2/1/2020,"3,257.80",0.84%
31/12/2019,"3,230.80",0.29%
30/12/2019,"3,221.30",-0.58%
27/12/2019,"3,240.00",0.00%
26/12/2019,"3,239.90",0.51%
24/12/2019,"3,223.40",-0.02%
23/12/2019,"3,224.00",0.09%
20/12/2019,"3,221.20",0.49%
19/12/2019,"3,205.40",0.45%
18/12/2019,"3,191.10",-0.04%
17/12/2019,"3,192.50",0.03%
16/12/2019,"3,191.40",0.71%
13/12/2019,"3,168.80",0.01%
12/12/2019,"3,168.60",0.86%
11/12/2019,"3,141.60",0.29%
10/12/2019,"3,132.50",-0.11%
9/12/2019,"3,136.00",-0.31%
6/12/2019,"3,145.90",0.91%
5/12/2019,"3,117.40",0.15%
4/12/2019,"3,112.80",0.63%
3/12/2019,"3,093.20",-0.66%
2/12/2019,"3,113.90",-0.86%
29/11/2019,"3,141.00",-0.40%
27/11/2019,"3,153.60",0.42%
26/11/2019,"3,140.50",0.22%
25/11/2019,"3,133.60",0.75%
22/11/2019,"3,110.30",0.22%
21/11/2019,"3,103.50",-0.16%
20/11/2019,"3,108.50",-0.37%
19/11/2019,"3,120.20",-0.06%
18/11/2019,"3,122.00",0.05%
15/11/2019,"3,120.50",0.77%
14/11/2019,"3,096.60",0.08%
13/11/2019,"3,094.00",0.07%
12/11/2019,"3,091.80",0.16%
11/11/2019,"3,087.00",-0.20%
8/11/2019,"3,093.10",0.26%
7/11/2019,"3,085.20",0.27%
6/11/2019,"3,076.80",0.07%
5/11/2019,"3,074.60",-0.12%
4/11/2019,"3,078.30",0.37%
1/11/2019,"3,066.90",0.96%
31/10/2019,"3,037.60",-0.30%
30/10/2019,"3,046.80",0.33%
29/10/2019,"3,036.90",-0.08%
28/10/2019,"3,039.40",0.56%
25/10/2019,"3,022.60",0.41%
24/10/2019,"3,010.30",0.19%
23/10/2019,"3,004.50",0.28%
22/10/2019,"2,996.00",-0.36%
21/10/2019,"3,006.70",0.69%
18/10/2019,"2,986.20",-0.39%
17/10/2019,"2,997.90",0.27%
16/10/2019,"2,989.70",-0.20%
15/10/2019,"2,995.70",0.99%
14/10/2019,"2,966.20",-0.14%
11/10/2019,"2,970.30",1.10%
10/10/2019,"2,938.10",0.64%
9/10/2019,"2,919.40",0.91%
8/10/2019,"2,893.10",-1.56%
7/10/2019,"2,938.80",-0.45%
4/10/2019,"2,952.00",1.42%
3/10/2019,"2,910.60",0.80%
2/10/2019,"2,887.60",-1.79%
1/10/2019,"2,940.20",-1.23%
30/09/2019,"2,976.70",0.50%
27/09/2019,"2,961.80",-0.53%
26/09/2019,"2,977.60",-0.24%
25/09/2019,"2,984.90",0.62%
24/09/2019,"2,966.60",-0.84%
23/09/2019,"2,991.80",-0.01%
20/09/2019,"2,992.10",-0.49%
19/09/2019,"3,006.80",0.00%
18/09/2019,"3,006.70",0.03%
17/09/2019,"3,005.70",0.26%
16/09/2019,"2,998.00",-0.31%
13/09/2019,"3,007.40",-0.07%
12/9/2019,"3,009.60",0.29%
11/9/2019,"3,000.90",0.72%
10/9/2019,"2,979.40",0.03%
9/9/2019,"2,978.40",-0.01%
6/9/2019,"2,978.70",0.09%
5/9/2019,"2,976.00",1.30%
4/9/2019,"2,937.80",1.08%
3/9/2019,"2,906.30",-0.69%
30/08/2019,"2,926.50",0.06%
29/08/2019,"2,924.60",1.27%
28/08/2019,"2,887.90",0.65%
27/08/2019,"2,869.20",-0.32%
26/08/2019,"2,878.40",1.10%
23/08/2019,"2,847.10",-2.59%
22/08/2019,"2,922.90",-0.05%
21/08/2019,"2,924.40",0.82%
20/08/2019,"2,900.50",-0.79%
19/08/2019,"2,923.70",1.21%
16/08/2019,"2,888.70",1.44%
15/08/2019,"2,847.60",0.25%
14/08/2019,"2,840.60",-2.93%
13/08/2019,"2,926.30",1.47%
12/8/2019,"2,883.80",-1.20%
9/8/2019,"2,918.70",-0.66%
8/8/2019,"2,938.10",1.88%
7/8/2019,"2,884.00",0.08%
6/8/2019,"2,881.80",1.30%
5/8/2019,"2,844.70",-2.98%
2/8/2019,"2,932.10",-0.73%
1/8/2019,"2,953.60",-0.90%
31/07/2019,"2,980.40",-1.09%
30/07/2019,"3,013.20",-0.26%
29/07/2019,"3,021.00",-0.16%
26/07/2019,"3,025.90",0.74%
25/07/2019,"3,003.70",-0.53%
24/07/2019,"3,019.60",0.47%
23/07/2019,"3,005.50",0.69%
22/07/2019,"2,985.00",0.28%
19/07/2019,"2,976.60",-0.62%
18/07/2019,"2,995.10",0.36%
17/07/2019,"2,984.40",-0.65%
16/07/2019,"3,004.00",-0.34%
15/07/2019,"3,014.30",0.02%
12/7/2019,"3,013.80",0.46%
11/7/2019,"2,999.90",0.23%
10/7/2019,"2,993.10",0.45%
9/7/2019,"2,979.60",0.12%
8/7/2019,"2,975.90",-0.48%
5/7/2019,"2,990.40",-0.18%
3/7/2019,"2,995.80",0.77%
2/7/2019,"2,973.00",0.29%
1/7/2019,"2,964.30",0.76%
28/06/2019,"2,941.80",0.58%
27/06/2019,"2,924.90",0.38%
26/06/2019,"2,913.80",-0.12%
25/06/2019,"2,917.40",-0.95%
24/06/2019,"2,945.30",-0.18%
21/06/2019,"2,950.50",-0.13%
20/06/2019,"2,954.20",0.95%
19/06/2019,"2,926.50",0.30%
18/06/2019,"2,917.80",0.97%
17/06/2019,"2,889.70",0.09%
14/06/2019,"2,887.00",-0.16%
13/06/2019,"2,891.60",0.41%
12/6/2019,"2,879.80",-0.20%
11/6/2019,"2,885.70",-0.03%
10/6/2019,"2,886.70",0.47%
7/6/2019,"2,873.30",1.05%
6/6/2019,"2,843.50",0.61%
5/6/2019,"2,826.20",0.82%
4/6/2019,"2,803.30",2.15%
3/6/2019,"2,744.40",-0.28%
31/05/2019,"2,752.10",-1.32%
30/05/2019,"2,788.90",0.21%
29/05/2019,"2,783.00",-0.69%
28/05/2019,"2,802.40",-0.84%
24/05/2019,"2,826.10",0.14%
23/05/2019,"2,822.20",-1.19%
22/05/2019,"2,856.30",-0.28%
21/05/2019,"2,864.40",0.85%
20/05/2019,"2,840.20",-0.67%
17/05/2019,"2,859.50",-0.58%
16/05/2019,"2,876.30",0.89%
15/05/2019,"2,851.00",0.59%
14/05/2019,"2,834.40",0.80%
13/05/2019,"2,811.90",-2.41%
10/5/2019,"2,881.40",0.37%
9/5/2019,"2,870.70",-0.30%
8/5/2019,"2,879.40",-0.16%
7/5/2019,"2,884.10",-1.65%
6/5/2019,"2,932.50",-0.44%
3/5/2019,"2,945.60",0.96%
2/5/2019,"2,917.50",-0.21%
1/5/2019,"2,923.70",-0.75%
30/04/2019,"2,945.80",0.10%
29/04/2019,"2,943.00",0.11%
26/04/2019,"2,939.90",0.47%
25/04/2019,"2,926.20",-0.03%
24/04/2019,"2,927.20",-0.22%
23/04/2019,"2,933.70",0.88%
22/04/2019,"2,908.00",0.10%
18/04/2019,"2,905.00",0.16%
17/04/2019,"2,900.40",-0.23%
16/04/2019,"2,907.10",0.05%
15/04/2019,"2,905.60",-0.06%
12/4/2019,"2,907.40",0.66%
11/4/2019,"2,888.30",0.00%
10/4/2019,"2,888.20",0.35%
9/4/2019,"2,878.20",-0.61%
8/4/2019,"2,895.80",0.11%
5/4/2019,"2,892.70",0.46%
4/4/2019,"2,879.40",0.21%
3/4/2019,"2,873.40",0.22%
2/4/2019,"2,867.20",0.00%
1/4/2019,"2,867.20",1.16%
29/03/2019,"2,834.40",0.67%
28/03/2019,"2,815.40",0.36%
27/03/2019,"2,805.40",-0.46%
26/03/2019,"2,818.50",0.72%
25/03/2019,"2,798.40",-0.08%
22/03/2019,"2,800.70",-1.90%
21/03/2019,"2,854.90",1.09%
20/03/2019,"2,824.20",-0.30%
19/03/2019,"2,832.60",-0.01%
18/03/2019,"2,832.90",0.37%
15/03/2019,"2,822.50",0.50%
14/03/2019,"2,808.50",-0.09%
13/03/2019,"2,810.90",0.69%
12/3/2019,"2,791.50",0.29%
11/3/2019,"2,783.30",1.47%
8/3/2019,"2,743.10",-0.21%
7/3/2019,"2,748.90",-0.81%
6/3/2019,"2,771.40",-0.66%
5/3/2019,"2,789.70",-0.11%
4/3/2019,"2,792.80",-0.39%
1/3/2019,"2,803.70",0.69%
28/02/2019,"2,784.50",-0.28%
27/02/2019,"2,792.40",-0.05%
26/02/2019,"2,793.90",-0.08%
25/02/2019,"2,796.10",0.12%
22/02/2019,"2,792.70",0.64%
21/02/2019,"2,774.90",-0.35%
20/02/2019,"2,784.70",0.18%
19/02/2019,"2,779.80",0.15%
15/02/2019,"2,775.60",1.09%
14/02/2019,"2,745.70",-0.27%
13/02/2019,"2,753.00",0.30%
12/2/2019,"2,744.70",1.29%
11/2/2019,"2,709.80",0.07%
8/2/2019,"2,707.90",0.07%
7/2/2019,"2,706.10",-0.93%
6/2/2019,"2,731.60",-0.22%
5/2/2019,"2,737.70",0.47%
4/2/2019,"2,724.90",0.68%
1/2/2019,"2,706.50",0.09%
31/01/2019,"2,704.10",0.86%
30/01/2019,"2,681.10",1.56%
29/01/2019,"2,640.00",-0.14%
28/01/2019,"2,643.80",-0.79%
25/01/2019,"2,664.80",0.85%
24/01/2019,"2,642.30",0.14%
23/01/2019,"2,638.70",0.22%
22/01/2019,"2,632.90",-1.42%
18/01/2019,"2,670.70",1.32%
17/01/2019,"2,636.00",0.76%
16/01/2019,"2,616.10",0.22%
15/01/2019,"2,610.30",1.07%
14/01/2019,"2,582.60",-0.53%
11/1/2019,"2,596.30",-0.01%
10/1/2019,"2,596.60",0.45%
9/1/2019,"2,585.00",0.41%
8/1/2019,"2,574.40",0.97%
7/1/2019,"2,549.70",0.70%
4/1/2019,"2,531.90",3.43%
3/1/2019,"2,447.90",-2.47%
2/1/2019,"2,510.00",0.13%
31/12/2018,"2,506.80",0.85%
28/12/2018,"2,485.70",-0.12%
27/12/2018,"2,488.80",0.86%
26/12/2018,"2,467.70",4.96%
24/12/2018,"2,351.10",-2.71%
21/12/2018,"2,416.60",-2.06%
20/12/2018,"2,467.40",-1.58%
19/12/2018,"2,507.00",-1.54%
18/12/2018,"2,546.20",0.01%
17/12/2018,"2,545.90",-2.08%
14/12/2018,"2,599.90",-1.91%
13/12/2018,"2,650.50",-0.02%
12/12/2018,"2,651.10",0.54%
11/12/2018,"2,636.80",-0.03%
10/12/2018,"2,637.70",0.17%
7/12/2018,"2,633.10",-2.33%
6/12/2018,"2,695.90",-0.16%
4/12/2018,"2,700.10",-3.24%
3/12/2018,"2,790.40",1.09%
30/11/2018,"2,760.20",0.82%
29/11/2018,"2,737.80",-0.22%
28/11/2018,"2,743.80",2.30%
27/11/2018,"2,682.20",0.33%
26/11/2018,"2,673.40",1.55%
23/11/2018,"2,632.60",-0.65%
21/11/2018,"2,649.90",0.30%
20/11/2018,"2,641.90",-1.81%
19/11/2018,"2,690.70",-1.67%
16/11/2018,"2,736.30",0.22%
15/11/2018,"2,730.20",1.06%
14/11/2018,"2,701.60",-0.76%
13/11/2018,"2,722.20",-0.15%
12/11/2018,"2,726.20",-1.97%
9/11/2018,"2,781.00",-0.92%
8/11/2018,"2,806.80",-0.25%
7/11/2018,"2,813.90",2.12%
6/11/2018,"2,755.40",0.62%
5/11/2018,"2,738.30",0.56%
2/11/2018,"2,723.10",-0.63%
1/11/2018,"2,740.40",1.06%
31/10/2018,"2,711.70",1.08%
30/10/2018,"2,682.60",1.57%
29/10/2018,"2,641.20",-0.66%
26/10/2018,"2,658.70",-1.73%
25/10/2018,"2,705.60",1.86%
24/10/2018,"2,656.10",-3.09%
23/10/2018,"2,740.70",-0.55%
22/10/2018,"2,755.90",-0.43%
19/10/2018,"2,767.80",-0.04%
18/10/2018,"2,768.80",-1.44%
17/10/2018,"2,809.20",-0.02%
16/10/2018,"2,809.90",2.15%
15/10/2018,"2,750.80",-0.59%
12/10/2018,"2,767.10",1.42%
11/10/2018,"2,728.40",-2.06%
10/10/2018,"2,785.70",-3.28%
9/10/2018,"2,880.30",-0.14%
8/10/2018,"2,884.40",-0.04%
5/10/2018,"2,885.60",-0.55%
4/10/2018,"2,901.60",-0.82%
3/10/2018,"2,925.50",0.07%
2/10/2018,"2,923.40",-0.04%
1/10/2018,"2,924.60",0.36%
28/09/2018,"2,914.00",0.00%
27/09/2018,"2,914.00",0.28%
26/09/2018,"2,906.00",-0.33%
25/09/2018,"2,915.60",-0.13%
24/09/2018,"2,919.40",-0.35%
21/09/2018,"2,929.70",-0.04%
20/09/2018,"2,930.80",0.79%
19/09/2018,"2,907.90",0.12%
18/09/2018,"2,904.30",0.54%
17/09/2018,"2,888.80",-0.56%
14/09/2018,"2,905.00",0.03%
13/09/2018,"2,904.20",0.53%
12/9/2018,"2,888.90",0.03%
11/9/2018,"2,887.90",0.38%
10/9/2018,"2,877.10",0.19%
7/9/2018,"2,871.70",-0.22%
6/9/2018,"2,878.10",-0.36%
5/9/2018,"2,888.60",-0.28%
4/9/2018,"2,896.70",-0.17%
31/08/2018,"2,901.50",0.01%
30/08/2018,"2,901.10",-0.44%
29/08/2018,"2,914.00",0.57%
28/08/2018,"2,897.50",0.03%
27/08/2018,"2,896.70",0.77%
24/08/2018,"2,874.70",0.62%
23/08/2018,"2,857.00",-0.17%
22/08/2018,"2,861.80",-0.04%
21/08/2018,"2,863.00",0.21%
20/08/2018,"2,857.10",0.25%
17/08/2018,"2,850.10",0.33%
16/08/2018,"2,840.70",0.79%
15/08/2018,"2,818.40",-0.76%
14/08/2018,"2,840.00",0.64%
13/08/2018,"2,821.90",-0.40%
10/8/2018,"2,833.30",-0.71%
9/8/2018,"2,853.60",-0.14%
8/8/2018,"2,857.70",-0.02%
7/8/2018,"2,858.40",0.28%
6/8/2018,"2,850.40",0.36%
3/8/2018,"2,840.30",0.46%
2/8/2018,"2,827.20",0.49%
1/8/2018,"2,813.40",-0.10%
31/07/2018,"2,816.30",0.49%
30/07/2018,"2,802.60",-0.57%
27/07/2018,"2,818.80",-0.66%
26/07/2018,"2,837.40",-0.31%
25/07/2018,"2,846.10",0.91%
24/07/2018,"2,820.40",0.48%
23/07/2018,"2,807.00",0.19%
20/07/2018,"2,801.80",-0.10%
19/07/2018,"2,804.50",-0.39%
18/07/2018,"2,815.60",0.21%
17/07/2018,"2,809.60",0.40%
16/07/2018,"2,798.40",-0.10%
13/07/2018,"2,801.30",0.11%
12/7/2018,"2,798.30",0.88%
11/7/2018,"2,774.00",-0.71%
10/7/2018,"2,793.80",0.34%
9/7/2018,"2,784.20",0.88%
6/7/2018,"2,759.80",0.85%
5/7/2018,"2,736.60",0.86%
3/7/2018,"2,713.20",-0.50%
2/7/2018,"2,726.70",0.31%
29/06/2018,"2,718.40",0.08%
28/06/2018,"2,716.30",0.62%
27/06/2018,"2,699.60",-0.86%
26/06/2018,"2,723.10",0.22%
25/06/2018,"2,717.10",-1.37%
22/06/2018,"2,754.90",0.19%
21/06/2018,"2,749.80",-0.63%
20/06/2018,"2,767.30",0.17%
19/06/2018,"2,762.60",-0.40%
18/06/2018,"2,773.80",-0.21%
15/06/2018,"2,779.70",-0.10%
14/06/2018,"2,782.50",0.25%
13/06/2018,"2,775.60",-0.40%
12/6/2018,"2,786.80",0.17%
11/6/2018,"2,782.00",0.11%
8/6/2018,"2,779.00",0.31%
7/6/2018,"2,770.40",-0.07%
6/6/2018,"2,772.30",0.85%
5/6/2018,"2,748.80",0.07%
4/6/2018,"2,746.90",0.45%
1/6/2018,"2,734.60",1.08%
31/05/2018,"2,705.30",-0.69%
30/05/2018,"2,724.00",1.27%
29/05/2018,"2,689.90",-1.15%
25/05/2018,"2,721.30",-0.24%
24/05/2018,"2,727.80",-0.20%
23/05/2018,"2,733.30",0.33%
22/05/2018,"2,724.40",-0.31%
21/05/2018,"2,733.00",0.74%
18/05/2018,"2,713.00",-0.26%
17/05/2018,"2,720.10",-0.09%
16/05/2018,"2,722.50",0.41%
15/05/2018,"2,711.40",-0.68%
14/05/2018,"2,730.10",0.09%
11/5/2018,"2,727.70",0.17%
10/5/2018,"2,723.10",0.94%
9/5/2018,"2,697.80",0.97%
8/5/2018,"2,671.90",-0.03%
7/5/2018,"2,672.60",0.35%
4/5/2018,"2,663.40",1.28%
3/5/2018,"2,629.70",-0.23%
2/5/2018,"2,635.70",-0.72%
1/5/2018,"2,654.80",0.25%
30/04/2018,"2,648.10",-0.82%
27/04/2018,"2,669.90",0.11%
26/04/2018,"2,666.90",1.04%
25/04/2018,"2,639.40",0.18%
24/04/2018,"2,634.60",-1.34%
23/04/2018,"2,670.30",0.01%
20/04/2018,"2,670.10",-0.85%
19/04/2018,"2,693.10",-0.57%
18/04/2018,"2,708.60",0.08%
17/04/2018,"2,706.40",1.07%
16/04/2018,"2,677.80",0.81%
13/04/2018,"2,656.30",-0.29%
12/4/2018,"2,664.00",0.83%
11/4/2018,"2,642.20",-0.55%
10/4/2018,"2,656.90",1.67%
9/4/2018,"2,613.20",0.33%
6/4/2018,"2,604.50",-2.19%
5/4/2018,"2,662.80",0.68%
4/4/2018,"2,644.70",1.16%
3/4/2018,"2,614.40",1.26%
2/4/2018,"2,581.90",-2.23%
29/03/2018,"2,640.90",1.38%
28/03/2018,"2,605.00",-0.29%
27/03/2018,"2,612.60",-1.73%
26/03/2018,"2,658.60",2.72%
23/03/2018,"2,588.30",-2.10%
22/03/2018,"2,643.70",-2.51%
21/03/2018,"2,711.90",-0.18%
20/03/2018,"2,716.90",0.15%
19/03/2018,"2,712.90",-1.42%
16/03/2018,"2,752.00",0.17%
15/03/2018,"2,747.30",-0.08%
14/03/2018,"2,749.50",-0.57%
13/03/2018,"2,765.30",-0.64%
12/3/2018,"2,783.00",-0.13%
9/3/2018,"2,786.60",1.74%
8/3/2018,"2,739.00",0.45%
7/3/2018,"2,726.80",-0.05%
6/3/2018,"2,728.10",0.26%
5/3/2018,"2,720.90",1.10%
2/3/2018,"2,691.20",0.50%
1/3/2018,"2,677.70",-1.33%
28/02/2018,"2,713.80",-1.11%
27/02/2018,"2,744.30",-1.27%
26/02/2018,"2,779.60",1.18%
23/02/2018,"2,747.30",1.60%
22/02/2018,"2,704.00",0.10%
21/02/2018,"2,701.30",-0.55%
20/02/2018,"2,716.30",-0.58%
16/02/2018,"2,732.20",0.04%
15/02/2018,"2,731.20",1.21%
14/02/2018,"2,698.60",1.34%
13/02/2018,"2,662.90",0.26%
12/2/2018,"2,656.00",1.39%
9/2/2018,"2,619.60",1.50%
8/2/2018,"2,581.00",-3.76%
7/2/2018,"2,681.70",-0.50%
6/2/2018,"2,695.10",1.74%
5/2/2018,"2,648.90",-4.10%
2/2/2018,"2,762.10",-2.12%
1/2/2018,"2,822.00",-0.06%
31/01/2018,"2,823.80",0.05%
30/01/2018,"2,822.40",-1.09%
29/01/2018,"2,853.50",-0.68%
26/01/2018,"2,872.90",1.19%
25/01/2018,"2,839.20",0.06%
24/01/2018,"2,837.50",-0.06%
23/01/2018,"2,839.10",0.22%
22/01/2018,"2,833.00",0.81%
19/01/2018,"2,810.30",0.44%
18/01/2018,"2,798.00",-0.16%
17/01/2018,"2,802.60",0.94%
16/01/2018,"2,776.40",-0.35%
12/1/2018,"2,786.20",0.67%
11/1/2018,"2,767.60",0.71%
10/1/2018,"2,748.20",-0.11%
9/1/2018,"2,751.30",0.13%
8/1/2018,"2,747.70",0.16%
5/1/2018,"2,743.20",0.70%
4/1/2018,"2,724.00",0.40%
3/1/2018,"2,713.10",0.64%
2/1/2018,"2,695.80",0.83%
29/12/2017,"2,673.60",-0.52%
28/12/2017,"2,687.50",0.18%
27/12/2017,"2,682.60",0.08%
26/12/2017,"2,680.50",-0.10%
22/12/2017,"2,683.30",-0.05%
21/12/2017,"2,684.60",0.20%
20/12/2017,"2,679.20",-0.09%
19/12/2017,"2,681.50",-0.32%
18/12/2017,"2,690.20",0.54%
15/12/2017,"2,675.80",0.90%
14/12/2017,"2,652.00",-0.41%
13/12/2017,"2,662.80",-0.05%
12/12/2017,"2,664.10",0.15%
11/12/2017,"2,660.00",0.32%
8/12/2017,"2,651.50",0.55%
7/12/2017,"2,637.00",0.29%
6/12/2017,"2,629.30",-0.01%
5/12/2017,"2,629.60",-0.37%
4/12/2017,"2,639.40",-0.11%
1/12/2017,"2,642.20",-0.20%
30/11/2017,"2,647.60",0.82%
29/11/2017,"2,626.10",-0.03%
28/11/2017,"2,627.00",0.98%
27/11/2017,"2,601.40",-0.04%
24/11/2017,"2,602.40",0.20%
22/11/2017,"2,597.10",-0.07%
21/11/2017,"2,599.00",0.65%
20/11/2017,"2,582.10",0.13%
17/11/2017,"2,578.80",-0.26%
16/11/2017,"2,585.60",0.82%
15/11/2017,"2,564.60",-0.55%
14/11/2017,"2,578.90",-0.23%
13/11/2017,"2,584.80",0.10%
10/11/2017,"2,582.30",-0.09%
9/11/2017,"2,584.60",-0.38%
8/11/2017,"2,594.40",0.15%
7/11/2017,"2,590.60",-0.02%
6/11/2017,"2,591.10",0.13%
3/11/2017,"2,587.80",0.31%
2/11/2017,"2,579.80",0.02%
1/11/2017,"2,579.40",0.16%
31/10/2017,"2,575.30",0.10%
30/10/2017,"2,572.80",-0.32%
27/10/2017,"2,581.10",0.81%
26/10/2017,"2,560.40",0.13%
25/10/2017,"2,557.20",-0.46%
24/10/2017,"2,569.10",0.16%
23/10/2017,"2,565.00",-0.40%
20/10/2017,"2,575.20",0.51%
19/10/2017,"2,562.10",0.03%
18/10/2017,"2,561.30",0.07%
17/10/2017,"2,559.40",0.07%
16/10/2017,"2,557.60",0.17%
13/10/2017,"2,553.20",0.09%
12/10/2017,"2,550.90",-0.17%
11/10/2017,"2,555.20",0.18%
10/10/2017,"2,550.60",0.23%
9/10/2017,"2,544.70",-0.18%
6/10/2017,"2,549.30",-0.11%
5/10/2017,"2,552.10",0.57%
4/10/2017,"2,537.70",0.12%
3/10/2017,"2,534.60",0.22%
2/10/2017,"2,529.10",0.39%
29/09/2017,"2,519.40",0.37%
28/09/2017,"2,510.10",0.12%
27/09/2017,"2,507.00",0.41%
26/09/2017,"2,496.80",0.00%
25/09/2017,"2,496.70",-0.22%
22/09/2017,"2,502.20",0.06%
21/09/2017,"2,500.60",-0.30%
20/09/2017,"2,508.20",0.06%
19/09/2017,"2,506.70",0.11%
18/09/2017,"2,503.90",0.15%
15/09/2017,"2,500.20",0.18%
14/09/2017,"2,495.60",-0.11%
13/09/2017,"2,498.40",0.08%
12/9/2017,"2,496.50",0.34%
11/9/2017,"2,488.10",1.08%
8/9/2017,"2,461.40",-0.15%
7/9/2017,"2,465.10",-0.02%
6/9/2017,"2,465.50",0.31%
5/9/2017,"2,457.80",-0.76%
1/9/2017,"2,476.60",0.20%
31/08/2017,"2,471.70",0.57%
30/08/2017,"2,457.60",0.46%
29/08/2017,"2,446.30",0.09%
28/08/2017,"2,444.20",0.05%
25/08/2017,"2,443.10",0.17%
24/08/2017,"2,439.00",-0.20%
23/08/2017,"2,444.00",-0.35%
22/08/2017,"2,452.50",0.99%
21/08/2017,"2,428.40",0.12%
18/08/2017,"2,425.60",-0.18%
17/08/2017,"2,430.00",-1.54%
16/08/2017,"2,468.10",0.14%
15/08/2017,"2,464.60",-0.05%
14/08/2017,"2,465.80",1.00%
11/8/2017,"2,441.30",0.13%
10/8/2017,"2,438.20",-1.45%
9/8/2017,"2,474.00",-0.04%
8/8/2017,"2,474.90",-0.24%
7/8/2017,"2,480.90",0.17%
4/8/2017,"2,476.80",0.19%
3/8/2017,"2,472.20",-0.22%
2/8/2017,"2,477.60",0.05%
1/8/2017,"2,476.30",0.24%
31/07/2017,"2,470.30",-0.07%
28/07/2017,"2,472.10",-0.13%
27/07/2017,"2,475.40",-0.10%
26/07/2017,"2,477.80",0.03%
25/07/2017,"2,477.10",0.29%
24/07/2017,"2,469.90",-0.11%
21/07/2017,"2,472.50",-0.04%
20/07/2017,"2,473.40",-0.02%
19/07/2017,"2,473.80",0.54%
18/07/2017,"2,460.60",0.06%
17/07/2017,"2,459.10",-0.01%
14/07/2017,"2,459.30",0.47%
13/07/2017,"2,447.80",0.19%
12/7/2017,"2,443.20",0.73%
11/7/2017,"2,425.50",-0.08%
10/7/2017,"2,427.40",0.09%
7/7/2017,"2,425.20",0.64%
6/7/2017,"2,409.80",-0.93%
5/7/2017,"2,432.50",0.14%
3/7/2017,"2,429.00",0.23%
30/06/2017,"2,423.40",0.15%
29/06/2017,"2,419.70",-0.86%
28/06/2017,"2,440.70",0.88%
27/06/2017,"2,419.40",-0.81%
26/06/2017,"2,439.10",0.03%
23/06/2017,"2,438.30",0.16%
22/06/2017,"2,434.50",-0.05%
21/06/2017,"2,435.60",-0.06%
20/06/2017,"2,437.00",-0.67%
19/06/2017,"2,453.50",0.83%
16/06/2017,"2,433.20",0.03%
15/06/2017,"2,432.50",-0.22%
14/06/2017,"2,437.90",-0.10%
13/06/2017,"2,440.30",0.45%
12/6/2017,"2,429.40",-0.10%
9/6/2017,"2,431.80",-0.08%
8/6/2017,"2,433.80",0.03%
7/6/2017,"2,433.10",0.16%
6/6/2017,"2,429.30",-0.28%
5/6/2017,"2,436.10",-0.12%
2/6/2017,"2,439.10",0.37%
1/6/2017,"2,430.10",0.76%
31/05/2017,"2,411.80",-0.05%
30/05/2017,"2,412.90",-0.12%
26/05/2017,"2,415.80",0.03%
25/05/2017,"2,415.10",0.45%
24/05/2017,"2,404.40",0.25%
23/05/2017,"2,398.40",0.18%
22/05/2017,"2,394.00",0.52%
19/05/2017,"2,381.70",0.68%
18/05/2017,"2,365.70",0.37%
17/05/2017,"2,357.00",-1.82%
16/05/2017,"2,400.70",-0.07%
15/05/2017,"2,402.30",0.48%
12/5/2017,"2,390.90",-0.15%
11/5/2017,"2,394.40",-0.22%
10/5/2017,"2,399.60",0.11%
9/5/2017,"2,396.90",-0.10%
8/5/2017,"2,399.40",0.00%
5/5/2017,"2,399.30",0.41%
4/5/2017,"2,389.50",0.06%
3/5/2017,"2,388.10",-0.13%
2/5/2017,"2,391.20",0.12%
1/5/2017,"2,388.30",0.17%
28/04/2017,"2,384.20",-0.19%
27/04/2017,"2,388.80",0.06%
26/04/2017,"2,387.40",-0.05%
25/04/2017,"2,388.60",0.61%
24/04/2017,"2,374.20",1.09%
21/04/2017,"2,348.70",-0.30%
20/04/2017,"2,355.80",0.75%
19/04/2017,"2,338.20",-0.17%
18/04/2017,"2,342.20",-0.29%
17/04/2017,"2,349.00",0.86%
13/04/2017,"2,328.90",-0.68%
12/4/2017,"2,344.90",-0.38%
11/4/2017,"2,353.80",-0.14%
10/4/2017,"2,357.20",0.07%
7/4/2017,"2,355.50",-0.08%
6/4/2017,"2,357.50",0.20%
5/4/2017,"2,352.90",-0.31%
4/4/2017,"2,360.20",0.06%
3/4/2017,"2,358.80",-0.17%
31/03/2017,"2,362.70",-0.23%
30/03/2017,"2,368.10",0.30%
29/03/2017,"2,361.10",0.11%
28/03/2017,"2,358.60",0.73%
27/03/2017,"2,341.60",-0.10%
24/03/2017,"2,344.00",-0.09%
23/03/2017,"2,346.00",-0.10%
22/03/2017,"2,348.40",0.19%
21/03/2017,"2,344.00",-1.24%
20/03/2017,"2,373.50",-0.20%
17/03/2017,"2,378.20",-0.13%
16/03/2017,"2,381.40",-0.16%
15/03/2017,"2,385.30",0.84%
14/03/2017,"2,365.40",-0.34%
13/03/2017,"2,373.50",0.04%
10/3/2017,"2,372.60",0.33%
9/3/2017,"2,364.90",0.08%
8/3/2017,"2,363.00",-0.23%
7/3/2017,"2,368.40",-0.29%
6/3/2017,"2,375.30",-0.33%
3/3/2017,"2,383.10",0.05%
2/3/2017,"2,381.90",-0.59%
1/3/2017,"2,396.00",1.37%
28/02/2017,"2,363.60",-0.26%
27/02/2017,"2,369.80",0.11%
24/02/2017,"2,367.30",0.15%
23/02/2017,"2,363.80",0.04%
22/02/2017,"2,362.80",-0.11%
21/02/2017,"2,365.40",0.60%
17/02/2017,"2,351.20",0.17%
16/02/2017,"2,347.20",-0.09%
15/02/2017,"2,349.20",0.50%
14/02/2017,"2,337.60",0.40%
13/02/2017,"2,328.20",0.52%
10/2/2017,"2,316.10",0.36%
9/2/2017,"2,307.90",0.58%
8/2/2017,"2,294.70",0.07%
7/2/2017,"2,293.10",0.02%
6/2/2017,"2,292.60",-0.21%
3/2/2017,"2,297.40",0.73%
2/2/2017,"2,280.80",0.05%
1/2/2017,"2,279.60",0.03%
31/01/2017,"2,278.90",-0.09%
30/01/2017,"2,280.90",-0.60%
27/01/2017,"2,294.70",-0.09%
26/01/2017,"2,296.70",-0.07%
25/01/2017,"2,298.40",0.80%
24/01/2017,"2,280.10",0.66%
23/01/2017,"2,265.20",-0.27%
20/01/2017,"2,271.30",0.34%
19/01/2017,"2,263.70",-0.36%
18/01/2017,"2,271.90",0.18%
17/01/2017,"2,267.90",-0.29%
13/01/2017,"2,274.60",0.18%
12/1/2017,"2,270.40",-0.22%
11/1/2017,"2,275.30",0.28%
10/1/2017,"2,268.90",0.00%
9/1/2017,"2,268.90",-0.36%
6/1/2017,"2,277.00",0.35%
5/1/2017,"2,269.00",-0.08%
4/1/2017,"2,270.80",0.58%
3/1/2017,"2,257.80",0.85%
30/12/2016,"2,238.80",-0.47%
29/12/2016,"2,249.30",-0.03%
28/12/2016,"2,249.90",-0.84%
27/12/2016,"2,268.90",0.23%
23/12/2016,"2,263.80",0.12%
22/12/2016,"2,261.00",-0.19%
21/12/2016,"2,265.20",-0.25%
20/12/2016,"2,270.80",0.37%
19/12/2016,"2,262.50",0.19%
16/12/2016,"2,258.10",-0.17%
15/12/2016,"2,262.00",0.39%
14/12/2016,"2,253.30",-0.81%
13/12/2016,"2,271.70",0.65%
12/12/2016,"2,257.00",-0.11%
9/12/2016,"2,259.50",0.59%
8/12/2016,"2,246.20",0.22%
7/12/2016,"2,241.30",1.32%
6/12/2016,"2,212.20",0.34%
5/12/2016,"2,204.70",0.58%
2/12/2016,"2,191.90",0.04%
1/12/2016,"2,191.10",-0.35%
30/11/2016,"2,198.80",-0.27%
29/11/2016,"2,204.70",0.14%
28/11/2016,"2,201.70",-0.52%
25/11/2016,"2,213.30",0.39%
23/11/2016,"2,204.70",0.08%
22/11/2016,"2,202.90",0.21%
21/11/2016,"2,198.20",0.75%
18/11/2016,"2,181.90",-0.24%
17/11/2016,"2,187.10",0.47%
16/11/2016,"2,176.90",-0.16%
15/11/2016,"2,180.40",0.75%
14/11/2016,"2,164.20",-0.01%
11/11/2016,"2,164.40",-0.14%
10/11/2016,"2,167.50",0.19%
9/11/2016,"2,163.30",1.11%
8/11/2016,"2,139.60",0.38%
7/11/2016,"2,131.50",2.22%
4/11/2016,"2,085.20",-0.17%
3/11/2016,"2,088.70",-0.44%
2/11/2016,"2,097.90",-0.65%
1/11/2016,"2,111.70",-0.68%
31/10/2016,"2,126.20",-0.01%
28/10/2016,"2,126.40",-0.31%
27/10/2016,"2,133.00",-0.30%
26/10/2016,"2,139.40",-0.18%
25/10/2016,"2,143.20",-0.38%
24/10/2016,"2,151.30",0.47%
21/10/2016,"2,141.20",0.00%
20/10/2016,"2,141.30",-0.14%
19/10/2016,"2,144.30",0.22%
18/10/2016,"2,139.60",0.62%
17/10/2016,"2,126.50",-0.30%
14/10/2016,"2,133.00",0.02%
13/10/2016,"2,132.60",-0.31%
12/10/2016,"2,139.20",0.12%
11/10/2016,"2,136.70",-1.25%
10/10/2016,"2,163.70",0.46%
7/10/2016,"2,153.70",-0.33%
6/10/2016,"2,160.80",0.05%
5/10/2016,"2,159.70",0.43%
4/10/2016,"2,150.50",-0.50%
3/10/2016,"2,161.20",-0.33%
30/09/2016,"2,168.30",0.80%
29/09/2016,"2,151.10",-0.93%
28/09/2016,"2,171.40",0.53%
27/09/2016,"2,159.90",0.64%
26/09/2016,"2,146.10",-0.86%
23/09/2016,"2,164.70",-0.57%
22/09/2016,"2,177.20",0.65%
21/09/2016,"2,163.10",1.09%
20/09/2016,"2,139.80",0.03%
19/09/2016,"2,139.10",0.00%
16/09/2016,"2,139.20",-0.38%
15/09/2016,"2,147.30",1.01%
14/09/2016,"2,125.80",-0.06%
13/09/2016,"2,127.00",-1.48%
12/9/2016,"2,159.00",1.47%
9/9/2016,"2,127.80",-2.45%
8/9/2016,"2,181.30",-0.22%
7/9/2016,"2,186.20",-0.01%
6/9/2016,"2,186.50",0.30%
2/9/2016,"2,180.00",0.42%
1/9/2016,"2,170.90",0.00%
31/08/2016,"2,170.90",-0.24%
30/08/2016,"2,176.10",-0.20%
29/08/2016,"2,180.40",0.53%
26/08/2016,"2,169.00",-0.16%
25/08/2016,"2,172.50",-0.13%
24/08/2016,"2,175.40",-0.53%
23/08/2016,"2,186.90",0.20%
22/08/2016,"2,182.60",-0.06%
19/08/2016,"2,183.90",-0.14%
18/08/2016,"2,187.00",0.22%
17/08/2016,"2,182.20",0.18%
16/08/2016,"2,178.20",-0.55%
15/08/2016,"2,190.20",0.28%
12/8/2016,"2,184.10",-0.08%
11/8/2016,"2,185.80",0.47%
10/8/2016,"2,175.50",-0.28%
9/8/2016,"2,181.70",0.04%
8/8/2016,"2,180.90",-0.09%
5/8/2016,"2,182.90",0.86%
4/8/2016,"2,164.20",0.02%
3/8/2016,"2,163.80",0.32%
2/8/2016,"2,157.00",-0.64%
1/8/2016,"2,170.80",-0.13%
29/07/2016,"2,173.60",0.16%
28/07/2016,"2,170.10",0.16%
27/07/2016,"2,166.60",-0.12%
26/07/2016,"2,169.20",0.03%
25/07/2016,"2,168.50",-0.30%
22/07/2016,"2,175.00",0.45%
21/07/2016,"2,165.20",-0.36%
20/07/2016,"2,173.00",0.43%
19/07/2016,"2,163.80",-0.14%
18/07/2016,"2,166.90",0.24%
15/07/2016,"2,161.70",-0.10%
14/07/2016,"2,163.80",0.53%
13/07/2016,"2,152.40",0.01%
12/7/2016,"2,152.10",0.70%
11/7/2016,"2,137.20",0.34%
8/7/2016,"2,129.90",1.53%
7/7/2016,"2,097.90",-0.09%
6/7/2016,"2,099.70",0.53%
5/7/2016,"2,088.60",-0.68%
1/7/2016,"2,102.90",0.19%
30/06/2016,"2,098.90",1.36%
29/06/2016,"2,070.80",1.70%
28/06/2016,"2,036.10",1.78%
27/06/2016,"2,000.50",-1.81%
24/06/2016,"2,037.40",-3.59%
23/06/2016,"2,113.30",1.34%
22/06/2016,"2,085.40",-0.17%
21/06/2016,"2,088.90",0.27%
20/06/2016,"2,083.20",0.58%
17/06/2016,"2,071.20",-0.33%
16/06/2016,"2,078.00",0.31%
15/06/2016,"2,071.50",-0.18%
14/06/2016,"2,075.30",-0.18%
13/06/2016,"2,079.10",-0.81%
10/6/2016,"2,096.10",-0.92%
9/6/2016,"2,115.50",-0.17%
8/6/2016,"2,119.10",0.33%
7/6/2016,"2,112.10",0.13%
6/6/2016,"2,109.40",0.49%
3/6/2016,"2,099.10",-0.29%
2/6/2016,"2,105.30",0.29%
1/6/2016,"2,099.30",0.11%
31/05/2016,"2,097.00",-0.10%
27/05/2016,"2,099.10",0.43%
26/05/2016,"2,090.10",-0.02%
25/05/2016,"2,090.50",0.69%
24/05/2016,"2,076.10",1.37%
23/05/2016,"2,048.00",-0.21%
20/05/2016,"2,052.30",0.60%
19/05/2016,"2,040.00",-0.37%
18/05/2016,"2,047.60",0.02%
17/05/2016,"2,047.20",-0.94%
16/05/2016,"2,066.70",0.98%
13/05/2016,"2,046.60",-0.85%
12/5/2016,"2,064.10",-0.02%
11/5/2016,"2,064.50",-0.95%
10/5/2016,"2,084.40",1.25%
9/5/2016,"2,058.70",0.08%
6/5/2016,"2,057.10",0.32%
5/5/2016,"2,050.60",-0.02%
4/5/2016,"2,051.10",-0.60%
3/5/2016,"2,063.40",-0.86%
2/5/2016,"2,081.40",0.78%
29/04/2016,"2,065.30",-0.51%
28/04/2016,"2,075.80",-0.93%
27/04/2016,"2,095.20",0.17%
26/04/2016,"2,091.70",0.19%
25/04/2016,"2,087.80",-0.18%
22/04/2016,"2,091.60",0.00%
21/04/2016,"2,091.50",-0.52%
20/04/2016,"2,102.40",0.08%
19/04/2016,"2,100.80",0.31%
18/04/2016,"2,094.30",0.65%
15/04/2016,"2,080.70",-0.10%
14/04/2016,"2,082.80",0.02%
13/04/2016,"2,082.40",1.00%
12/4/2016,"2,061.70",0.96%
11/4/2016,"2,042.00",-0.27%
8/4/2016,"2,047.60",0.28%
7/4/2016,"2,041.90",-1.20%
6/4/2016,"2,066.70",1.05%
5/4/2016,"2,045.20",-1.01%
4/4/2016,"2,066.10",-0.32%
1/4/2016,"2,072.80",0.64%
31/03/2016,"2,059.70",-0.20%
30/03/2016,"2,063.90",0.43%
29/03/2016,"2,055.00",0.88%
28/03/2016,"2,037.00",0.05%
24/03/2016,"2,035.90",-0.04%
23/03/2016,"2,036.70",-0.64%
22/03/2016,"2,049.80",-0.09%
21/03/2016,"2,051.60",0.10%
18/03/2016,"2,049.60",0.44%
17/03/2016,"2,040.60",0.66%
16/03/2016,"2,027.20",0.56%
15/03/2016,"2,015.90",-0.18%
14/03/2016,"2,019.60",-0.13%
11/3/2016,"2,022.20",1.64%
10/3/2016,"1,989.60",0.02%
9/3/2016,"1,989.30",0.51%
8/3/2016,"1,979.30",-1.12%
7/3/2016,"2,001.80",0.09%
4/3/2016,"2,000.00",0.33%
3/3/2016,"1,993.40",0.35%
2/3/2016,"1,986.50",0.41%
1/3/2016,"1,978.30",2.39%
29/02/2016,"1,932.20",-0.81%
26/02/2016,"1,948.00",-0.19%
25/02/2016,"1,951.70",1.13%
24/02/2016,"1,929.80",0.44%
23/02/2016,"1,921.30",-1.24%
22/02/2016,"1,945.50",1.44%
19/02/2016,"1,917.80",0.00%
18/02/2016,"1,917.80",-0.47%
17/02/2016,"1,926.80",1.65%
16/02/2016,"1,895.60",1.65%
12/2/2016,"1,864.80",1.95%
11/2/2016,"1,829.10",-1.23%
10/2/2016,"1,851.90",-0.02%
9/2/2016,"1,852.20",-0.06%
8/2/2016,"1,853.40",-1.41%
5/2/2016,"1,880.00",-1.85%
4/2/2016,"1,915.50",0.16%
3/2/2016,"1,912.50",0.50%
2/2/2016,"1,903.00",-1.88%
1/2/2016,"1,939.40",-0.04%
29/01/2016,"1,940.20",2.47%
28/01/2016,"1,893.40",0.55%
27/01/2016,"1,883.00",-1.08%
26/01/2016,"1,903.60",1.41%
25/01/2016,"1,877.10",-1.56%
22/01/2016,"1,906.90",2.03%
21/01/2016,"1,869.00",0.52%
20/01/2016,"1,859.30",-1.17%
19/01/2016,"1,881.30",0.05%
15/01/2016,"1,880.30",-2.16%
14/01/2016,"1,921.80",1.67%
13/01/2016,"1,890.30",-2.50%
12/1/2016,"1,938.70",0.78%
11/1/2016,"1,923.70",0.09%
8/1/2016,"1,922.00",-1.09%
7/1/2016,"1,943.10",-2.37%
6/1/2016,"1,990.30",-1.31%
5/1/2016,"2,016.70",0.20%
4/1/2016,"2,012.70",-1.53%
31/12/2015,"2,043.90",-0.95%
30/12/2015,"2,063.40",-0.72%
29/12/2015,"2,078.40",1.06%
28/12/2015,"2,056.50",-0.22%
24/12/2015,"2,061.00",-0.16%
23/12/2015,"2,064.30",1.24%
22/12/2015,"2,039.00",0.88%
21/12/2015,"2,021.20",0.78%
18/12/2015,"2,005.50",-1.78%
17/12/2015,"2,041.90",-1.50%
16/12/2015,"2,073.10",1.45%
15/12/2015,"2,043.40",1.06%
14/12/2015,"2,021.90",0.47%
11/12/2015,"2,012.40",-1.94%
10/12/2015,"2,052.20",0.22%
9/12/2015,"2,047.60",-0.78%
8/12/2015,"2,063.60",-0.65%
7/12/2015,"2,077.10",-0.70%
4/12/2015,"2,091.70",2.05%
3/12/2015,"2,049.60",-1.44%
2/12/2015,"2,079.50",-1.10%
1/12/2015,"2,102.60",1.07%
30/11/2015,"2,080.40",-0.46%
27/11/2015,"2,090.10",0.06%
25/11/2015,"2,088.90",-0.01%
24/11/2015,"2,089.10",0.12%
23/11/2015,"2,086.60",-0.12%
20/11/2015,"2,089.20",0.38%
19/11/2015,"2,081.20",-0.12%
18/11/2015,"2,083.60",1.62%
17/11/2015,"2,050.40",-0.14%
16/11/2015,"2,053.20",1.49%
13/11/2015,"2,023.00",-1.12%
12/11/2015,"2,046.00",-1.40%
11/11/2015,"2,075.00",-0.32%
10/11/2015,"2,081.70",0.15%
9/11/2015,"2,078.60",-0.98%
6/11/2015,"2,099.20",-0.03%
5/11/2015,"2,099.90",-0.11%
4/11/2015,"2,102.30",-0.36%
3/11/2015,"2,109.80",0.27%
2/11/2015,"2,104.10",1.19%
30/10/2015,"2,079.40",-0.48%
29/10/2015,"2,089.40",-0.04%
28/10/2015,"2,090.30",1.18%
27/10/2015,"2,065.90",-0.26%
26/10/2015,"2,071.20",-0.19%
23/10/2015,"2,075.20",1.11%
22/10/2015,"2,052.50",1.66%
21/10/2015,"2,018.90",-0.59%
20/10/2015,"2,030.80",-0.14%
19/10/2015,"2,033.70",0.03%
16/10/2015,"2,033.10",0.45%
15/10/2015,"2,023.90",1.49%
14/10/2015,"1,994.20",-0.47%
13/10/2015,"2,003.70",-0.68%
12/10/2015,"2,017.50",0.13%
9/10/2015,"2,014.90",0.07%
8/10/2015,"2,013.40",0.88%
7/10/2015,"1,995.80",0.80%
6/10/2015,"1,979.90",-0.36%
5/10/2015,"1,987.00",1.82%
2/10/2015,"1,951.40",1.43%
1/10/2015,"1,923.80",0.20%
30/09/2015,"1,920.00",1.91%
29/09/2015,"1,884.10",0.12%
28/09/2015,"1,881.80",-2.56%
25/09/2015,"1,931.30",-0.05%
24/09/2015,"1,932.20",-0.34%
23/09/2015,"1,938.80",-0.20%
22/09/2015,"1,942.70",-1.24%
21/09/2015,"1,967.00",0.46%
18/09/2015,"1,958.00",-1.62%
17/09/2015,"1,990.20",-0.26%
16/09/2015,"1,995.30",0.87%
15/09/2015,"1,978.10",1.29%
14/09/2015,"1,953.00",-0.41%
11/9/2015,"1,961.00",0.45%
10/9/2015,"1,952.30",0.53%
9/9/2015,"1,942.00",-1.39%
8/9/2015,"1,969.40",2.51%
4/9/2015,"1,921.20",-1.53%
3/9/2015,"1,951.10",0.11%
2/9/2015,"1,948.90",1.83%
1/9/2015,"1,913.80",-2.96%
31/08/2015,"1,972.20",-0.84%
28/08/2015,"1,988.90",0.06%
27/08/2015,"1,987.70",2.43%
26/08/2015,"1,940.50",3.90%
25/08/2015,"1,867.60",-1.35%
24/08/2015,"1,893.20",-3.94%
21/08/2015,"1,970.90",-3.18%
20/08/2015,"2,035.70",-2.11%
19/08/2015,"2,079.60",-0.83%
18/08/2015,"2,096.90",-0.26%
17/08/2015,"2,102.40",0.52%
14/08/2015,"2,091.50",0.39%
13/08/2015,"2,083.40",-0.13%
12/8/2015,"2,086.10",0.10%
11/8/2015,"2,084.10",-0.96%
10/8/2015,"2,104.20",1.28%
7/8/2015,"2,077.60",-0.29%
6/8/2015,"2,083.60",-0.77%
5/8/2015,"2,099.80",0.31%
4/8/2015,"2,093.30",-0.22%
3/8/2015,"2,098.00",-0.28%
31/07/2015,"2,103.80",-0.23%
30/07/2015,"2,108.60",0.00%
29/07/2015,"2,108.60",0.74%
28/07/2015,"2,093.20",1.24%
27/07/2015,"2,067.60",-0.58%
24/07/2015,"2,079.70",-1.07%
23/07/2015,"2,102.20",-0.57%
22/07/2015,"2,114.20",-0.24%
21/07/2015,"2,119.20",-0.43%
20/07/2015,"2,128.30",0.08%
17/07/2015,"2,126.60",0.11%
16/07/2015,"2,124.30",0.80%
15/07/2015,"2,107.40",-0.07%
14/07/2015,"2,108.90",0.44%
13/07/2015,"2,099.60",1.11%
10/7/2015,"2,076.60",1.23%
9/7/2015,"2,051.30",0.22%
8/7/2015,"2,046.70",-1.66%
7/7/2015,"2,081.30",0.60%
6/7/2015,"2,068.80",-0.39%
2/7/2015,"2,076.80",-0.03%
1/7/2015,"2,077.40",0.69%
30/06/2015,"2,063.10",0.27%
29/06/2015,"2,057.60",-2.09%
26/06/2015,"2,101.50",-0.04%
25/06/2015,"2,102.30",-0.30%
24/06/2015,"2,108.60",-0.73%
23/06/2015,"2,124.20",0.07%
22/06/2015,"2,122.80",0.61%
19/06/2015,"2,110.00",-0.53%
18/06/2015,"2,121.20",0.99%
17/06/2015,"2,100.40",0.20%
16/06/2015,"2,096.30",0.57%
15/06/2015,"2,084.40",-0.46%
12/6/2015,"2,094.10",-0.70%
11/6/2015,"2,108.90",0.18%
10/6/2015,"2,105.20",1.20%
9/6/2015,"2,080.20",0.04%
8/6/2015,"2,079.30",-0.65%
5/6/2015,"2,092.80",-0.14%
4/6/2015,"2,095.80",-0.87%
3/6/2015,"2,114.10",0.21%
2/6/2015,"2,109.60",-0.10%
1/6/2015,"2,111.70",0.20%
29/05/2015,"2,107.40",-0.63%
28/05/2015,"2,120.80",-0.13%
27/05/2015,"2,123.50",0.92%
26/05/2015,"2,104.20",-1.03%
22/05/2015,"2,126.10",-0.22%
21/05/2015,"2,130.80",0.24%
20/05/2015,"2,125.80",-0.09%
19/05/2015,"2,127.80",-0.07%
18/05/2015,"2,129.20",0.31%
15/05/2015,"2,122.70",0.08%
14/05/2015,"2,121.10",1.08%
13/05/2015,"2,098.50",-0.03%
12/5/2015,"2,099.10",-0.29%
11/5/2015,"2,105.30",-0.51%
8/5/2015,"2,116.10",1.35%
7/5/2015,"2,088.00",0.37%
6/5/2015,"2,080.20",-0.45%
5/5/2015,"2,089.50",-1.18%
4/5/2015,"2,114.50",0.29%
1/5/2015,"2,108.30",1.09%
30/04/2015,"2,085.50",-1.01%
29/04/2015,"2,106.80",-0.38%
28/04/2015,"2,114.80",0.28%
27/04/2015,"2,108.90",-0.42%
24/04/2015,"2,117.70",0.23%
23/04/2015,"2,112.90",0.23%
22/04/2015,"2,108.00",0.51%
21/04/2015,"2,097.30",-0.15%
20/04/2015,"2,100.40",0.92%
17/04/2015,"2,081.20",-1.13%
16/04/2015,"2,105.00",-0.08%
15/04/2015,"2,106.60",0.52%
14/04/2015,"2,095.80",0.16%
13/04/2015,"2,092.40",-0.46%
10/4/2015,"2,102.10",0.52%
9/4/2015,"2,091.20",0.45%
8/4/2015,"2,081.90",0.27%
7/4/2015,"2,076.30",-0.21%
6/4/2015,"2,080.60",0.66%
2/4/2015,"2,067.00",0.35%
1/4/2015,"2,059.70",-0.40%
31/03/2015,"2,067.90",-0.88%
30/03/2015,"2,086.20",1.22%
27/03/2015,"2,061.00",0.23%
26/03/2015,"2,056.20",-0.24%
25/03/2015,"2,061.10",-1.45%
24/03/2015,"2,091.50",-0.61%
23/03/2015,"2,104.40",-0.18%
20/03/2015,"2,108.10",0.90%
19/03/2015,"2,089.30",-0.49%
18/03/2015,"2,099.50",1.21%
17/03/2015,"2,074.30",-0.33%
16/03/2015,"2,081.20",1.35%
13/03/2015,"2,053.40",-0.61%
12/3/2015,"2,065.90",1.26%
11/3/2015,"2,040.20",-0.20%
10/3/2015,"2,044.20",-1.69%
9/3/2015,"2,079.40",0.39%
6/3/2015,"2,071.30",-1.41%
5/3/2015,"2,101.00",0.12%
4/3/2015,"2,098.50",-0.44%
3/3/2015,"2,107.80",-0.45%
2/3/2015,"2,117.40",0.61%
27/02/2015,"2,104.50",-0.29%
26/02/2015,"2,110.70",-0.15%
25/02/2015,"2,113.90",-0.08%
24/02/2015,"2,115.50",0.27%
23/02/2015,"2,109.70",-0.03%
20/02/2015,"2,110.30",0.62%
19/02/2015,"2,097.40",-0.11%
18/02/2015,"2,099.70",-0.03%
17/02/2015,"2,100.30",0.16%
13/02/2015,"2,097.00",0.41%
12/2/2015,"2,088.50",0.97%
11/2/2015,"2,068.50",0.00%
10/2/2015,"2,068.60",1.07%
9/2/2015,"2,046.70",-0.43%
6/2/2015,"2,055.50",-0.34%
5/2/2015,"2,062.50",1.03%
4/2/2015,"2,041.50",-0.41%
3/2/2015,"2,050.00",1.44%
2/2/2015,"2,020.80",1.29%
30/01/2015,"1,995.00",-1.30%
29/01/2015,"2,021.20",0.95%
28/01/2015,"2,002.20",-1.35%
27/01/2015,"2,029.50",-1.34%
26/01/2015,"2,057.10",0.26%
23/01/2015,"2,051.80",-0.55%
22/01/2015,"2,063.20",1.53%
21/01/2015,"2,032.10",0.47%
20/01/2015,"2,022.50",0.15%
16/01/2015,"2,019.40",1.34%
15/01/2015,"1,992.70",-0.92%
14/01/2015,"2,011.30",-0.58%
13/01/2015,"2,023.00",-0.26%
12/1/2015,"2,028.30",-0.81%
9/1/2015,"2,044.80",-0.84%
8/1/2015,"2,062.10",1.79%
7/1/2015,"2,025.90",1.16%
6/1/2015,"2,002.60",-0.89%
5/1/2015,"2,020.60",-1.83%
2/1/2015,"2,058.20",-0.03%
31/12/2014,"2,058.90",-1.03%
30/12/2014,"2,080.30",-0.49%
29/12/2014,"2,090.60",0.09%
26/12/2014,"2,088.80",0.33%
24/12/2014,"2,081.90",-0.01%
23/12/2014,"2,082.20",0.18%
22/12/2014,"2,078.50",0.38%
19/12/2014,"2,070.70",0.46%
18/12/2014,"2,061.20",2.40%
17/12/2014,"2,012.90",2.04%
16/12/2014,"1,972.70",-0.85%
15/12/2014,"1,989.60",-0.63%
12/12/2014,"2,002.30",-1.62%
11/12/2014,"2,035.30",0.45%
10/12/2014,"2,026.10",-1.64%
9/12/2014,"2,059.80",-0.02%
8/12/2014,"2,060.30",-0.73%
5/12/2014,"2,075.40",0.17%
4/12/2014,"2,071.90",-0.12%
3/12/2014,"2,074.30",0.37%
2/12/2014,"2,066.60",0.64%
1/12/2014,"2,053.40",-0.69%
28/11/2014,"2,067.60",-0.25%
26/11/2014,"2,072.80",0.28%
25/11/2014,"2,067.00",-0.12%
24/11/2014,"2,069.40",0.29%
21/11/2014,"2,063.50",0.52%
20/11/2014,"2,052.80",0.20%
19/11/2014,"2,048.70",-0.15%
18/11/2014,"2,051.80",0.51%
17/11/2014,"2,041.30",0.07%
14/11/2014,"2,039.80",0.02%
13/11/2014,"2,039.30",0.05%
12/11/2014,"2,038.20",-0.07%
11/11/2014,"2,039.70",0.07%
10/11/2014,"2,038.30",0.31%
7/11/2014,"2,031.90",0.03%
6/11/2014,"2,031.20",0.38%
5/11/2014,"2,023.60",0.57%
4/11/2014,"2,012.10",-0.28%
3/11/2014,"2,017.80",-0.01%
31/10/2014,"2,018.00",1.17%
30/10/2014,"1,994.70",0.63%
29/10/2014,"1,982.30",-0.14%
28/10/2014,"1,985.00",1.19%
27/10/2014,"1,961.60",-0.15%
24/10/2014,"1,964.60",0.71%
23/10/2014,"1,950.80",1.23%
22/10/2014,"1,927.10",-0.73%
21/10/2014,"1,941.30",1.96%
20/10/2014,"1,904.00",0.91%
17/10/2014,"1,886.80",1.29%
16/10/2014,"1,862.80",0.02%
15/10/2014,"1,862.50",-0.81%
14/10/2014,"1,877.70",0.16%
13/10/2014,"1,874.70",-1.65%
10/10/2014,"1,906.10",-1.15%
9/10/2014,"1,928.20",-2.07%
8/10/2014,"1,968.90",1.75%
7/10/2014,"1,935.10",-1.51%
6/10/2014,"1,964.80",-0.16%
3/10/2014,"1,967.90",1.11%
2/10/2014,"1,946.20",0.00%
1/10/2014,"1,946.20",-1.32%
30/09/2014,"1,972.30",-0.28%
29/09/2014,"1,977.80",-0.25%
26/09/2014,"1,982.80",0.85%
25/09/2014,"1,966.00",-1.62%
24/09/2014,"1,998.30",0.78%
23/09/2014,"1,982.80",-0.58%
22/09/2014,"1,994.30",-0.80%
19/09/2014,"2,010.40",-0.05%
18/09/2014,"2,011.40",0.49%
17/09/2014,"2,001.60",0.13%
16/09/2014,"1,999.00",0.75%
15/09/2014,"1,984.10",-0.07%
12/9/2014,"1,985.50",-0.60%
11/9/2014,"1,997.50",0.09%
10/9/2014,"1,995.70",0.37%
9/9/2014,"1,988.40",-0.65%
8/9/2014,"2,001.50",-0.31%
5/9/2014,"2,007.70",0.50%
4/9/2014,"1,997.70",-0.15%
3/9/2014,"2,000.70",-0.08%
2/9/2014,"2,002.30",-0.05%
29/08/2014,"2,003.40",0.34%
28/08/2014,"1,996.70",-0.17%
27/08/2014,"2,000.10",0.00%
26/08/2014,"2,000.00",0.11%
25/08/2014,"1,997.90",0.48%
22/08/2014,"1,988.40",-0.20%
21/08/2014,"1,992.40",0.30%
20/08/2014,"1,986.50",0.25%
19/08/2014,"1,981.60",0.50%
18/08/2014,"1,971.70",0.85%
15/08/2014,"1,955.10",-0.01%
14/08/2014,"1,955.20",0.44%
13/08/2014,"1,946.70",0.67%
12/8/2014,"1,933.80",-0.16%
11/8/2014,"1,936.90",0.27%
8/8/2014,"1,931.60",1.15%
7/8/2014,"1,909.60",-0.55%
6/8/2014,"1,920.20",0.00%
5/8/2014,"1,920.20",-0.97%
4/8/2014,"1,939.00",0.72%
1/8/2014,"1,925.20",-0.28%
31/07/2014,"1,930.70",-2.00%
30/07/2014,"1,970.10",0.01%
29/07/2014,"1,970.00",-0.45%
28/07/2014,"1,978.90",0.03%
25/07/2014,"1,978.30",-0.49%
24/07/2014,"1,988.00",0.05%
23/07/2014,"1,987.00",0.18%
22/07/2014,"1,983.50",0.50%
21/07/2014,"1,973.60",-0.23%
18/07/2014,"1,978.20",1.03%
17/07/2014,"1,958.10",-1.19%
16/07/2014,"1,981.60",0.42%
15/07/2014,"1,973.30",-0.19%
14/07/2014,"1,977.10",0.48%
11/7/2014,"1,967.60",0.15%
10/7/2014,"1,964.70",-0.41%
9/7/2014,"1,972.80",0.46%
8/7/2014,"1,963.70",-0.71%
7/7/2014,"1,977.70",-0.39%
3/7/2014,"1,985.40",0.55%
2/7/2014,"1,974.60",0.07%
1/7/2014,"1,973.30",0.67%
30/06/2014,"1,960.20",-0.04%
27/06/2014,"1,961.00",0.19%
26/06/2014,"1,957.20",-0.12%
25/06/2014,"1,959.50",0.49%
24/06/2014,"1,950.00",-0.64%
23/06/2014,"1,962.60",-0.02%
20/06/2014,"1,962.90",0.17%
19/06/2014,"1,959.50",0.13%
18/06/2014,"1,957.00",0.77%
17/06/2014,"1,942.00",0.22%
16/06/2014,"1,937.80",0.08%
13/06/2014,"1,936.20",0.32%
12/6/2014,"1,930.10",-0.71%
11/6/2014,"1,943.90",-0.35%
10/6/2014,"1,950.80",-0.03%
9/6/2014,"1,951.30",0.10%
6/6/2014,"1,949.40",0.46%
5/6/2014,"1,940.50",0.65%
4/6/2014,"1,927.90",0.19%
3/6/2014,"1,924.20",-0.04%
2/6/2014,"1,925.00",0.07%
30/05/2014,"1,923.60",0.19%
29/05/2014,"1,920.00",0.53%
28/05/2014,"1,909.80",-0.11%
27/05/2014,"1,911.90",0.60%
23/05/2014,"1,900.50",0.42%
22/05/2014,"1,892.50",0.24%
21/05/2014,"1,888.00",0.81%
20/05/2014,"1,872.80",-0.65%
19/05/2014,"1,885.10",0.38%
16/05/2014,"1,877.90",0.38%
15/05/2014,"1,870.80",-0.94%
14/05/2014,"1,888.50",-0.47%
13/05/2014,"1,897.50",0.04%
12/5/2014,"1,896.70",0.97%
9/5/2014,"1,878.50",0.15%
8/5/2014,"1,875.60",-0.14%
7/5/2014,"1,878.20",0.56%
6/5/2014,"1,867.70",-0.90%
5/5/2014,"1,884.70",0.19%
2/5/2014,"1,881.10",-0.14%
1/5/2014,"1,883.70",-0.02%
30/04/2014,"1,884.00",0.30%
29/04/2014,"1,878.30",0.48%
28/04/2014,"1,869.40",0.32%
25/04/2014,"1,863.40",-0.81%
24/04/2014,"1,878.60",0.17%
23/04/2014,"1,875.40",-0.22%
22/04/2014,"1,879.50",0.41%
21/04/2014,"1,871.90",0.38%
17/04/2014,"1,864.80",0.13%
16/04/2014,"1,862.30",1.05%
15/04/2014,"1,843.00",0.68%
14/04/2014,"1,830.60",0.82%
11/4/2014,"1,815.70",-0.95%
10/4/2014,"1,833.10",-2.09%
9/4/2014,"1,872.20",1.09%
8/4/2014,"1,852.00",0.38%
7/4/2014,"1,845.00",-1.08%
4/4/2014,"1,865.10",-1.25%
3/4/2014,"1,888.80",-0.11%
2/4/2014,"1,890.90",0.29%
1/4/2014,"1,885.50",0.71%
31/03/2014,"1,872.30",0.79%
28/03/2014,"1,857.60",0.47%
27/03/2014,"1,849.00",-0.19%
26/03/2014,"1,852.60",-0.70%
25/03/2014,"1,865.60",0.44%
24/03/2014,"1,857.40",-0.49%
21/03/2014,"1,866.50",-0.29%
20/03/2014,"1,872.00",0.60%
19/03/2014,"1,860.80",-0.61%
18/03/2014,"1,872.20",0.72%
17/03/2014,"1,858.80",0.96%
14/03/2014,"1,841.10",-0.28%
13/03/2014,"1,846.30",-1.17%
12/3/2014,"1,868.20",0.03%
11/3/2014,"1,867.60",-0.51%
10/3/2014,"1,877.20",-0.04%
7/3/2014,"1,878.00",0.05%
6/3/2014,"1,877.00",0.17%
5/3/2014,"1,873.80",-0.01%
4/3/2014,"1,873.90",1.53%
3/3/2014,"1,845.70",-0.74%
28/02/2014,"1,859.50",0.28%
27/02/2014,"1,854.30",0.49%
26/02/2014,"1,845.20",0.01%
25/02/2014,"1,845.10",-0.14%
24/02/2014,"1,847.60",0.62%
21/02/2014,"1,836.20",-0.20%
20/02/2014,"1,839.80",0.60%
19/02/2014,"1,828.80",-0.65%
18/02/2014,"1,840.80",0.12%
14/02/2014,"1,838.60",0.48%
13/02/2014,"1,829.80",0.58%
12/2/2014,"1,819.30",-0.03%
11/2/2014,"1,819.80",1.11%
10/2/2014,"1,799.80",0.16%
7/2/2014,"1,797.00",1.33%
6/2/2014,"1,773.40",1.24%
5/2/2014,"1,751.60",-0.21%
4/2/2014,"1,755.20",0.76%
3/2/2014,"1,741.90",-2.28%
31/01/2014,"1,782.60",-0.65%
30/01/2014,"1,794.20",1.13%
29/01/2014,"1,774.20",-1.02%
28/01/2014,"1,792.50",0.61%
27/01/2014,"1,781.60",-0.49%
24/01/2014,"1,790.30",-2.09%
23/01/2014,"1,828.50",-0.89%
22/01/2014,"1,844.90",0.06%
21/01/2014,"1,843.80",0.28%
17/01/2014,"1,838.70",-0.39%
16/01/2014,"1,845.90",-0.14%
15/01/2014,"1,848.40",0.52%
14/01/2014,"1,838.90",1.08%
13/01/2014,"1,819.20",-1.26%
10/1/2014,"1,842.40",0.23%
9/1/2014,"1,838.10",0.03%
8/1/2014,"1,837.50",-0.02%
7/1/2014,"1,837.90",0.61%
6/1/2014,"1,826.80",-0.25%
3/1/2014,"1,831.40",-0.03%
2/1/2014,"1,832.00",-0.89%
31/12/2013,"1,848.40",0.40%
30/12/2013,"1,841.10",-0.02%
27/12/2013,"1,841.40",-0.03%
26/12/2013,"1,842.00",0.47%
24/12/2013,"1,833.30",0.29%
23/12/2013,"1,828.00",0.53%
20/12/2013,"1,818.30",0.48%
19/12/2013,"1,809.60",-0.06%
18/12/2013,"1,810.70",1.67%
17/12/2013,"1,781.00",-0.31%
16/12/2013,"1,786.50",0.63%
13/12/2013,"1,775.30",-0.01%
12/12/2013,"1,775.50",-0.38%
11/12/2013,"1,782.20",-1.13%
10/12/2013,"1,802.60",-0.32%
9/12/2013,"1,808.40",0.18%
6/12/2013,"1,805.10",1.13%
5/12/2013,"1,785.00",-0.44%
4/12/2013,"1,792.80",-0.13%
3/12/2013,"1,795.20",-0.32%
2/12/2013,"1,800.90",-0.27%
29/11/2013,"1,805.80",-0.08%
27/11/2013,"1,807.20",0.24%
26/11/2013,"1,802.80",0.02%
25/11/2013,"1,802.50",-0.13%
22/11/2013,"1,804.80",0.50%
21/11/2013,"1,795.80",0.81%
20/11/2013,"1,781.40",-0.36%
19/11/2013,"1,787.90",-0.20%
18/11/2013,"1,791.50",-0.37%
15/11/2013,"1,798.20",0.42%
14/11/2013,"1,790.60",0.48%
13/11/2013,"1,782.00",0.81%
12/11/2013,"1,767.70",-0.24%
11/11/2013,"1,771.90",0.07%
8/11/2013,"1,770.60",1.34%
7/11/2013,"1,747.20",-1.32%
6/11/2013,"1,770.50",0.43%
5/11/2013,"1,763.00",-0.28%
4/11/2013,"1,767.90",0.36%
1/11/2013,"1,761.60",0.29%
31/10/2013,"1,756.50",-0.39%
30/10/2013,"1,763.30",-0.49%
29/10/2013,"1,772.00",0.56%
28/10/2013,"1,762.10",0.13%
25/10/2013,"1,759.80",0.44%
24/10/2013,"1,752.10",0.33%
23/10/2013,"1,746.40",-0.47%
22/10/2013,"1,754.70",0.57%
21/10/2013,"1,744.70",0.01%
18/10/2013,"1,744.50",0.65%
17/10/2013,"1,733.20",0.68%
16/10/2013,"1,721.50",1.38%
15/10/2013,"1,698.10",-0.70%
14/10/2013,"1,710.10",0.41%
11/10/2013,"1,703.20",0.63%
10/10/2013,"1,692.60",2.19%
9/10/2013,"1,656.40",0.05%
8/10/2013,"1,655.50",-1.23%
7/10/2013,"1,676.10",-0.85%
4/10/2013,"1,690.50",0.70%
3/10/2013,"1,678.70",-0.90%
2/10/2013,"1,693.90",-0.06%
1/10/2013,"1,695.00",0.80%
30/09/2013,"1,681.50",-0.61%
27/09/2013,"1,691.80",-0.41%
26/09/2013,"1,698.70",0.35%
25/09/2013,"1,692.80",-0.27%
24/09/2013,"1,697.40",-0.26%
23/09/2013,"1,701.80",-0.47%
20/09/2013,"1,709.90",-0.72%
19/09/2013,"1,722.30",-0.19%
18/09/2013,"1,725.50",1.21%
17/09/2013,"1,704.80",0.42%
16/09/2013,"1,697.60",0.57%
13/09/2013,"1,688.00",0.27%
12/9/2013,"1,683.40",-0.34%
11/9/2013,"1,689.10",0.30%
10/9/2013,"1,684.00",0.74%
9/9/2013,"1,671.70",1.00%
6/9/2013,"1,655.20",0.01%
5/9/2013,"1,655.10",0.12%
4/9/2013,"1,653.10",0.81%
3/9/2013,"1,639.80",0.42%
30/08/2013,"1,633.00",-0.32%
29/08/2013,"1,638.20",0.20%
28/08/2013,"1,635.00",0.28%
27/08/2013,"1,630.50",-1.59%
26/08/2013,"1,656.80",-0.40%
23/08/2013,"1,663.50",0.39%
22/08/2013,"1,657.00",0.86%
21/08/2013,"1,642.80",-0.57%
20/08/2013,"1,652.30",0.38%
19/08/2013,"1,646.10",-0.59%
16/08/2013,"1,655.80",-0.33%
15/08/2013,"1,661.30",-1.43%
14/08/2013,"1,685.40",-0.52%
13/08/2013,"1,694.20",0.28%
12/8/2013,"1,689.50",-0.11%
9/8/2013,"1,691.40",-0.36%
8/8/2013,"1,697.50",0.39%
7/8/2013,"1,690.90",-0.38%
6/8/2013,"1,697.40",-0.57%
5/8/2013,"1,707.10",-0.15%
2/8/2013,"1,709.70",0.16%
1/8/2013,"1,706.90",1.26%
31/07/2013,"1,685.70",-0.02%
30/07/2013,"1,686.00",0.04%
29/07/2013,"1,685.30",-0.38%
26/07/2013,"1,691.70",0.09%
25/07/2013,"1,690.20",0.26%
24/07/2013,"1,685.90",-0.38%
23/07/2013,"1,692.40",-0.18%
22/07/2013,"1,695.50",0.20%
19/07/2013,"1,692.10",0.16%
18/07/2013,"1,689.40",0.51%
17/07/2013,"1,680.90",0.27%
16/07/2013,"1,676.30",-0.37%
15/07/2013,"1,682.50",0.14%
12/7/2013,"1,680.20",0.31%
11/7/2013,"1,675.00",1.36%
10/7/2013,"1,652.60",0.02%
9/7/2013,"1,652.30",0.72%
8/7/2013,"1,640.50",0.53%
5/7/2013,"1,631.90",1.02%
3/7/2013,"1,615.40",0.08%
2/7/2013,"1,614.10",-0.06%
1/7/2013,"1,615.00",0.54%
28/06/2013,"1,606.30",-0.43%
27/06/2013,"1,613.20",0.62%
26/06/2013,"1,603.30",0.96%
25/06/2013,"1,588.00",0.95%
24/06/2013,"1,573.10",-1.21%
21/06/2013,"1,592.40",0.26%
20/06/2013,"1,588.20",-2.50%
19/06/2013,"1,628.90",-1.39%
18/06/2013,"1,651.80",0.78%
17/06/2013,"1,639.00",0.76%
14/06/2013,"1,626.70",-0.59%
13/06/2013,"1,636.40",1.48%
12/6/2013,"1,612.50",-0.84%
11/6/2013,"1,626.10",-1.02%
10/6/2013,"1,642.80",-0.04%
7/6/2013,"1,643.40",1.28%
6/6/2013,"1,622.60",0.85%
5/6/2013,"1,608.90",-1.38%
4/6/2013,"1,631.40",-0.55%
3/6/2013,"1,640.40",0.59%
31/05/2013,"1,630.70",-1.43%
30/05/2013,"1,654.40",0.36%
29/05/2013,"1,648.40",-0.70%
28/05/2013,"1,660.10",0.64%
24/05/2013,"1,649.60",-0.05%
23/05/2013,"1,650.50",-0.29%
22/05/2013,"1,655.30",-0.83%
21/05/2013,"1,669.20",0.17%
20/05/2013,"1,666.30",-0.07%
17/05/2013,"1,667.50",1.03%
16/05/2013,"1,650.50",-0.50%
15/05/2013,"1,658.80",0.52%
14/05/2013,"1,650.30",1.01%
13/05/2013,"1,633.80",0.01%
10/5/2013,"1,633.70",0.43%
9/5/2013,"1,626.70",-0.37%
8/5/2013,"1,632.70",0.41%
7/5/2013,"1,626.00",0.53%
6/5/2013,"1,617.50",0.19%
3/5/2013,"1,614.40",1.05%
2/5/2013,"1,597.60",0.94%
1/5/2013,"1,582.70",-0.93%
30/04/2013,"1,597.60",0.25%
29/04/2013,"1,593.60",0.72%
26/04/2013,"1,582.20",-0.19%
25/04/2013,"1,585.20",0.41%
24/04/2013,"1,578.80",0.00%
23/04/2013,"1,578.80",1.04%
22/04/2013,"1,562.50",0.47%
19/04/2013,"1,555.20",0.88%
18/04/2013,"1,541.60",-0.67%
17/04/2013,"1,552.00",-1.44%
16/04/2013,"1,574.60",1.43%
15/04/2013,"1,552.40",-2.29%
12/4/2013,"1,588.80",-0.29%
11/4/2013,"1,593.40",0.36%
10/4/2013,"1,587.70",1.22%
9/4/2013,"1,568.60",0.35%
8/4/2013,"1,563.10",0.63%
5/4/2013,"1,553.30",-0.43%
4/4/2013,"1,560.00",0.41%
3/4/2013,"1,553.70",-1.05%
2/4/2013,"1,570.20",0.51%
1/4/2013,"1,562.20",-0.45%
28/03/2013,"1,569.20",0.41%
27/03/2013,"1,562.80",-0.06%
26/03/2013,"1,563.80",0.78%
25/03/2013,"1,551.70",-0.33%
22/03/2013,"1,556.90",0.72%
21/03/2013,"1,545.80",-0.83%
20/03/2013,"1,558.70",0.67%
19/03/2013,"1,548.30",-0.24%
18/03/2013,"1,552.10",-0.55%
15/03/2013,"1,560.70",-0.16%
14/03/2013,"1,563.20",0.56%
13/03/2013,"1,554.50",0.13%
12/3/2013,"1,552.50",-0.24%
11/3/2013,"1,556.20",0.32%
8/3/2013,"1,551.20",0.45%
7/3/2013,"1,544.30",0.18%
6/3/2013,"1,541.50",0.11%
5/3/2013,"1,539.80",0.96%
4/3/2013,"1,525.20",0.46%
1/3/2013,"1,518.20",0.23%
28/02/2013,"1,514.70",-0.09%
27/02/2013,"1,516.00",1.28%
26/02/2013,"1,496.90",0.61%
25/02/2013,"1,487.80",-1.83%
22/02/2013,"1,515.60",0.88%
21/02/2013,"1,502.40",-0.63%
20/02/2013,"1,512.00",-1.23%
19/02/2013,"1,530.90",0.73%
15/02/2013,"1,519.80",-0.11%
14/02/2013,"1,521.40",0.07%
13/02/2013,"1,520.30",0.06%
12/2/2013,"1,519.40",0.16%
11/2/2013,"1,517.00",-0.06%
8/2/2013,"1,517.90",0.56%
7/2/2013,"1,509.40",-0.18%
6/2/2013,"1,512.10",0.05%
5/2/2013,"1,511.30",1.04%
4/2/2013,"1,495.70",-1.16%
1/2/2013,"1,513.20",1.01%
31/01/2013,"1,498.10",-0.26%
30/01/2013,"1,502.00",-0.38%
29/01/2013,"1,507.80",0.51%
28/01/2013,"1,500.20",-0.19%
25/01/2013,"1,503.00",0.55%
24/01/2013,"1,494.80",0.00%
23/01/2013,"1,494.80",0.15%
22/01/2013,"1,492.60",0.44%
18/01/2013,"1,486.00",0.34%
17/01/2013,"1,480.90",0.56%
16/01/2013,"1,472.60",0.02%
15/01/2013,"1,472.30",0.11%
14/01/2013,"1,470.70",-0.09%
11/1/2013,"1,472.00",-0.01%
10/1/2013,"1,472.10",0.76%
9/1/2013,"1,461.00",0.26%
8/1/2013,"1,457.20",-0.32%
7/1/2013,"1,461.90",-0.31%
4/1/2013,"1,466.50",0.49%
3/1/2013,"1,459.40",-0.21%
2/1/2013,"1,462.40",2.54%
31/12/2012,"1,426.20",1.70%
28/12/2012,"1,402.40",-1.11%
27/12/2012,"1,418.10",-0.12%
26/12/2012,"1,419.80",-0.48%
24/12/2012,"1,426.70",-0.24%
21/12/2012,"1,430.20",-0.94%
20/12/2012,"1,443.70",0.55%
19/12/2012,"1,435.80",-0.76%
18/12/2012,"1,446.80",1.15%
17/12/2012,"1,430.40",1.19%
14/12/2012,"1,413.60",-0.42%
13/12/2012,"1,419.50",-0.63%
12/12/2012,"1,428.50",0.05%
11/12/2012,"1,427.80",0.66%
10/12/2012,"1,418.50",0.03%
7/12/2012,"1,418.10",0.30%
6/12/2012,"1,413.90",0.33%
5/12/2012,"1,409.30",0.16%
4/12/2012,"1,407.00",-0.18%
3/12/2012,"1,409.50",-0.47%
30/11/2012,"1,416.20",0.01%
29/11/2012,"1,416.00",0.43%
28/11/2012,"1,409.90",0.79%
27/11/2012,"1,398.90",-0.53%
26/11/2012,"1,406.30",-0.21%
23/11/2012,"1,409.20",1.31%
21/11/2012,"1,391.00",0.23%
20/11/2012,"1,387.80",0.06%
19/11/2012,"1,386.90",1.99%
16/11/2012,"1,359.90",0.49%
15/11/2012,"1,353.30",-0.16%
14/11/2012,"1,355.50",-1.38%
13/11/2012,"1,374.50",-0.40%
12/11/2012,"1,380.00",0.01%
9/11/2012,"1,379.80",0.17%
8/11/2012,"1,377.50",-1.22%
7/11/2012,"1,394.50",-2.37%
6/11/2012,"1,428.40",0.78%
5/11/2012,"1,417.30",0.22%
2/11/2012,"1,414.20",-0.94%
1/11/2012,"1,427.60",1.09%
31/10/2012,"1,412.20",0.02%
26/10/2012,"1,411.90",-0.08%
25/10/2012,"1,413.00",0.30%
24/10/2012,"1,408.80",-0.30%
23/10/2012,"1,413.10",-1.44%
22/10/2012,"1,433.80",0.04%
19/10/2012,"1,433.20",-1.65%
18/10/2012,"1,457.30",-0.25%
17/10/2012,"1,460.90",0.41%
16/10/2012,"1,454.90",1.03%
15/10/2012,"1,440.10",0.80%
12/10/2012,"1,428.60",-0.29%
11/10/2012,"1,432.80",0.01%
10/10/2012,"1,432.60",-0.62%
9/10/2012,"1,441.50",-0.99%
8/10/2012,"1,455.90",-0.34%
5/10/2012,"1,460.90",-0.03%
4/10/2012,"1,461.40",0.72%
3/10/2012,"1,451.00",0.36%
2/10/2012,"1,445.80",0.09%
1/10/2012,"1,444.50",0.26%
28/09/2012,"1,440.70",-0.45%
27/09/2012,"1,447.20",0.97%
26/09/2012,"1,433.30",-0.58%
25/09/2012,"1,441.60",-1.05%
24/09/2012,"1,456.90",-0.23%
21/09/2012,"1,460.20",-0.01%
20/09/2012,"1,460.30",-0.05%
19/09/2012,"1,461.00",0.12%
18/09/2012,"1,459.30",-0.13%
17/09/2012,"1,461.20",-0.31%
14/09/2012,"1,465.80",0.40%
13/09/2012,"1,460.00",1.63%
12/9/2012,"1,436.60",0.21%
11/9/2012,"1,433.60",0.31%
10/9/2012,"1,429.10",-0.61%
7/9/2012,"1,437.90",0.41%
6/9/2012,"1,432.10",2.05%
5/9/2012,"1,403.40",-0.11%
4/9/2012,"1,404.90",-0.12%
31/08/2012,"1,406.60",0.51%
30/08/2012,"1,399.50",-0.78%
29/08/2012,"1,410.50",0.09%
28/08/2012,"1,409.30",-0.08%
27/08/2012,"1,410.40",-0.05%
24/08/2012,"1,411.10",0.64%
23/08/2012,"1,402.10",-0.81%
22/08/2012,"1,413.50",0.02%
21/08/2012,"1,413.20",-0.35%
20/08/2012,"1,418.10",-0.01%
17/08/2012,"1,418.20",0.19%
16/08/2012,"1,415.50",0.71%
15/08/2012,"1,405.50",0.11%
14/08/2012,"1,403.90",-0.01%
13/08/2012,"1,404.10",-0.13%
10/8/2012,"1,405.90",0.22%
9/8/2012,"1,402.80",0.04%
8/8/2012,"1,402.20",0.06%
7/8/2012,"1,401.30",0.51%
6/8/2012,"1,394.20",0.23%
3/8/2012,"1,391.00",1.90%
2/8/2012,"1,365.00",-0.73%
1/8/2012,"1,375.10",-0.30%
31/07/2012,"1,379.30",-0.43%
30/07/2012,"1,385.30",-0.05%
27/07/2012,"1,386.00",1.91%
26/07/2012,"1,360.00",1.65%
25/07/2012,"1,337.90",-0.03%
24/07/2012,"1,338.30",-0.90%
23/07/2012,"1,350.50",-0.90%
20/07/2012,"1,362.70",-1.00%
19/07/2012,"1,376.50",0.27%
18/07/2012,"1,372.80",0.67%
17/07/2012,"1,363.70",0.75%
16/07/2012,"1,353.60",-0.24%
13/07/2012,"1,356.80",1.65%
12/7/2012,"1,334.80",-0.50%
11/7/2012,"1,341.50",0.00%
10/7/2012,"1,341.50",-0.81%
9/7/2012,"1,352.50",-0.16%
6/7/2012,"1,354.70",-0.94%
5/7/2012,"1,367.60",-0.47%
3/7/2012,"1,374.00",0.62%
2/7/2012,"1,365.50",0.24%
29/06/2012,"1,362.20",2.50%
28/06/2012,"1,329.00",-0.21%
27/06/2012,"1,331.80",0.89%
26/06/2012,"1,320.00",0.48%
25/06/2012,"1,313.70",-1.60%
22/06/2012,"1,335.00",0.72%
21/06/2012,"1,325.50",-2.23%
20/06/2012,"1,355.70",-0.17%
19/06/2012,"1,358.00",0.98%
18/06/2012,"1,344.80",0.15%
15/06/2012,"1,342.80",1.03%
14/06/2012,"1,329.10",1.08%
13/06/2012,"1,314.90",-0.70%
12/6/2012,"1,324.20",1.17%
11/6/2012,"1,308.90",-1.27%
8/6/2012,"1,325.70",0.81%
7/6/2012,"1,315.00",-0.01%
6/6/2012,"1,315.10",2.30%
5/6/2012,"1,285.50",0.57%
4/6/2012,"1,278.20",0.02%
1/6/2012,"1,278.00",-2.47%
31/05/2012,"1,310.30",-0.23%
30/05/2012,"1,313.30",-1.43%
29/05/2012,"1,332.40",1.11%
25/05/2012,"1,317.80",-0.22%
24/05/2012,"1,320.70",0.14%
23/05/2012,"1,318.90",0.17%
22/05/2012,"1,316.60",0.05%
21/05/2012,"1,316.00",1.61%
18/05/2012,"1,295.20",-0.74%
17/05/2012,"1,304.90",-1.50%
16/05/2012,"1,324.80",-0.44%
15/05/2012,"1,330.70",-0.57%
14/05/2012,"1,338.30",-1.12%
11/5/2012,"1,353.40",-0.34%
10/5/2012,"1,358.00",0.25%
9/5/2012,"1,354.60",-0.67%
8/5/2012,"1,363.70",-0.43%
7/5/2012,"1,369.60",0.04%
4/5/2012,"1,369.10",-1.62%
3/5/2012,"1,391.60",-0.76%
2/5/2012,"1,402.30",-0.25%
1/5/2012,"1,405.80",0.57%
30/04/2012,"1,397.90",-0.39%
27/04/2012,"1,403.40",0.24%
26/04/2012,"1,400.00",0.67%
25/04/2012,"1,390.70",1.36%
24/04/2012,"1,372.00",0.37%
23/04/2012,"1,366.90",-0.84%
20/04/2012,"1,378.50",0.12%
19/04/2012,"1,376.90",-0.59%
18/04/2012,"1,385.10",-0.41%
17/04/2012,"1,390.80",1.55%
16/04/2012,"1,369.60",-0.05%
13/04/2012,"1,370.30",-1.25%
12/4/2012,"1,387.60",1.38%
11/4/2012,"1,368.70",0.74%
10/4/2012,"1,358.60",-1.71%
9/4/2012,"1,382.20",-1.14%
5/4/2012,"1,398.10",-0.06%
4/4/2012,"1,399.00",-1.02%
3/4/2012,"1,413.40",-0.39%
2/4/2012,"1,419.00",0.75%
30/03/2012,"1,408.50",0.37%
29/03/2012,"1,403.30",-0.16%
28/03/2012,"1,405.50",-0.50%
27/03/2012,"1,412.50",-0.28%
26/03/2012,"1,416.50",1.39%
23/03/2012,"1,397.10",0.31%
22/03/2012,"1,392.80",-0.72%
21/03/2012,"1,402.90",-0.18%
20/03/2012,"1,405.50",-0.31%
19/03/2012,"1,409.80",0.40%
16/03/2012,"1,404.20",0.11%
15/03/2012,"1,402.60",0.60%
14/03/2012,"1,394.30",-0.12%
13/03/2012,"1,396.00",1.82%
12/3/2012,"1,371.10",0.01%
9/3/2012,"1,370.90",0.37%
8/3/2012,"1,365.90",0.98%
7/3/2012,"1,352.60",0.68%
6/3/2012,"1,343.40",-1.53%
5/3/2012,"1,364.30",-0.39%
2/3/2012,"1,369.60",-0.33%
1/3/2012,"1,374.10",0.62%
29/02/2012,"1,365.70",-0.47%
28/02/2012,"1,372.20",0.34%
27/02/2012,"1,367.60",0.14%
24/02/2012,"1,365.70",0.16%
23/02/2012,"1,363.50",0.43%
22/02/2012,"1,357.70",-0.33%
21/02/2012,"1,362.20",0.07%
17/02/2012,"1,361.20",0.24%
16/02/2012,"1,358.00",1.10%
15/02/2012,"1,343.20",-0.54%
14/02/2012,"1,350.50",-0.10%
13/02/2012,"1,351.80",0.69%
10/2/2012,"1,342.60",-0.70%
9/2/2012,"1,352.00",0.15%
8/2/2012,"1,350.00",0.22%
7/2/2012,"1,347.00",0.20%
6/2/2012,"1,344.30",-0.04%
3/2/2012,"1,344.90",1.46%
2/2/2012,"1,325.50",0.11%
1/2/2012,"1,324.10",0.89%
31/01/2012,"1,312.40",-0.05%
30/01/2012,"1,313.00",-0.25%
27/01/2012,"1,316.30",-0.16%
26/01/2012,"1,318.40",-0.57%
25/01/2012,"1,326.00",0.86%
24/01/2012,"1,314.70",-0.10%
23/01/2012,"1,316.00",0.05%
20/01/2012,"1,315.40",0.07%
19/01/2012,"1,314.50",0.50%
18/01/2012,"1,308.00",1.11%
17/01/2012,"1,293.70",0.36%
13/01/2012,"1,289.10",-0.49%
12/1/2012,"1,295.50",0.23%
11/1/2012,"1,292.50",0.03%
10/1/2012,"1,292.10",0.89%
9/1/2012,"1,280.70",0.23%
6/1/2012,"1,277.80",-0.26%
5/1/2012,"1,281.10",0.30%
4/1/2012,"1,277.30",0.02%
3/1/2012,"1,277.10",1.55%
