Date,USD_VND_Rate,USD_VND_Change
4/7/2024,"25,455.00",0.02%
3/7/2024,"25,450.00",0.00%
2/7/2024,"25,450.00",0.00%
1/7/2024,"25,450.00",0.02%
28/06/2024,"25,445.00",-0.04%
27/06/2024,"25,455.00",-0.04%
26/06/2024,"25,465.00",0.04%
25/06/2024,"25,455.00",0.00%
24/06/2024,"25,455.00",0.02%
21/06/2024,"25,450.00",0.00%
20/06/2024,"25,450.00",0.00%
19/06/2024,"25,450.00",0.02%
18/06/2024,"25,445.00",-0.02%
17/06/2024,"25,450.00",0.00%
14/06/2024,"25,450.00",0.06%
13/06/2024,"25,435.00",0.00%
12/6/2024,"25,435.00",0.00%
11/6/2024,"25,435.00",0.08%
10/6/2024,"25,415.00",0.06%
7/6/2024,"25,400.00",-0.08%
6/6/2024,"25,420.00",0.02%
5/6/2024,"25,415.00",0.02%
4/6/2024,"25,410.00",-0.09%
3/6/2024,"25,432.00",-0.03%
31/05/2024,"25,440.00",-0.04%
30/05/2024,"25,450.00",0.00%
29/05/2024,"25,450.00",0.01%
28/05/2024,"25,448.00",0.01%
27/05/2024,"25,445.00",-0.08%
24/05/2024,"25,465.00",-0.02%
23/05/2024,"25,469.00",0.02%
22/05/2024,"25,464.00",0.01%
21/05/2024,"25,461.00",0.04%
20/05/2024,"25,452.00",0.02%
17/05/2024,"25,448.00",0.07%
16/05/2024,"25,431.00",-0.06%
15/05/2024,"25,445.00",-0.02%
14/05/2024,"25,450.00",-0.01%
13/05/2024,"25,453.00",-0.01%
10/5/2024,"25,455.00",0.03%
9/5/2024,"25,447.50",0.06%
8/5/2024,"25,432.50",0.09%
7/5/2024,"25,410.00",0.16%
6/5/2024,"25,370.00",-0.12%
3/5/2024,"25,400.00",0.04%
2/5/2024,"25,390.00",0.24%
26/04/2024,"25,330.00",-0.08%
25/04/2024,"25,350.00",-0.22%
24/04/2024,"25,405.00",-0.14%
23/04/2024,"25,440.00",-0.06%
22/04/2024,"25,455.00",0.06%
19/04/2024,"25,440.00",0.16%
17/04/2024,"25,400.00",0.47%
16/04/2024,"25,280.00",0.40%
15/04/2024,"25,180.00",0.66%
12/4/2024,"25,015.00",0.14%
11/4/2024,"24,980.00",0.18%
10/4/2024,"24,935.00",-0.04%
9/4/2024,"24,945.00",-0.06%
8/4/2024,"24,960.00",0.04%
5/4/2024,"24,950.00",0.06%
4/4/2024,"24,935.00",-0.26%
3/4/2024,"25,000.00",0.40%
2/4/2024,"24,900.00",0.42%
1/4/2024,"24,795.00",-0.06%
29/03/2024,"24,810.00",0.08%
28/03/2024,"24,790.00",0.02%
27/03/2024,"24,785.00",0.06%
26/03/2024,"24,770.00",0.12%
25/03/2024,"24,740.00",-0.11%
22/03/2024,"24,768.00",-0.07%
21/03/2024,"24,785.00",0.04%
20/03/2024,"24,775.00",0.14%
19/03/2024,"24,740.00",0.10%
18/03/2024,"24,715.00",0.02%
15/03/2024,"24,710.00",0.08%
14/03/2024,"24,690.00",0.06%
13/03/2024,"24,675.00",0.12%
12/3/2024,"24,645.00",0.04%
11/3/2024,"24,635.00",-0.02%
8/3/2024,"24,640.00",-0.16%
7/3/2024,"24,680.00",0.06%
6/3/2024,"24,665.00",-0.10%
5/3/2024,"24,690.00",0.06%
4/3/2024,"24,676.00",0.15%
1/3/2024,"24,640.00",0.00%
29/02/2024,"24,640.00",0.08%
28/02/2024,"24,620.00",-0.02%
27/02/2024,"24,625.00",-0.14%
26/02/2024,"24,660.00",0.12%
23/02/2024,"24,630.00",0.16%
22/02/2024,"24,590.00",0.27%
21/02/2024,"24,525.00",0.00%
20/02/2024,"24,525.00",-0.02%
19/02/2024,"24,530.00",0.08%
16/02/2024,"24,510.00",0.25%
15/02/2024,"24,450.00",0.20%
7/2/2024,"24,400.00",0.18%
6/2/2024,"24,355.00",-0.06%
5/2/2024,"24,370.00",0.14%
2/2/2024,"24,335.00",-0.27%
1/2/2024,"24,400.00",-0.06%
31/01/2024,"24,415.00",0.08%
30/01/2024,"24,395.00",-0.55%
29/01/2024,"24,530.00",-0.26%
26/01/2024,"24,595.00",-0.04%
25/01/2024,"24,605.00",0.02%
24/01/2024,"24,600.00",0.14%
23/01/2024,"24,565.00",0.06%
22/01/2024,"24,550.00",0.04%
19/01/2024,"24,540.00",-0.02%
18/01/2024,"24,545.00",0.06%
17/01/2024,"24,530.00",0.12%
16/01/2024,"24,500.00",0.12%
15/01/2024,"24,470.00",-0.08%
12/1/2024,"24,490.00",0.06%
11/1/2024,"24,475.00",0.29%
10/1/2024,"24,405.00",0.18%
9/1/2024,"24,360.00",0.12%
8/1/2024,"24,330.00",-0.16%
5/1/2024,"24,370.00",0.04%
4/1/2024,"24,360.00",-0.04%
3/1/2024,"24,370.00",0.18%
2/1/2024,"24,325.00",0.27%
29/12/2023,"24,260.00",0.10%
28/12/2023,"24,235.00",-0.45%
27/12/2023,"24,345.00",0.08%
26/12/2023,"24,325.00",0.39%
25/12/2023,"24,230.00",-0.02%
22/12/2023,"24,235.00",-0.35%
21/12/2023,"24,320.00",-0.06%
20/12/2023,"24,335.00",-0.06%
19/12/2023,"24,350.00",0.00%
18/12/2023,"24,350.00",0.37%
15/12/2023,"24,260.00",0.06%
14/12/2023,"24,245.00",-0.14%
13/12/2023,"24,279.00",0.08%
12/12/2023,"24,260.00",0.04%
11/12/2023,"24,250.00",0.12%
8/12/2023,"24,220.00",-0.23%
7/12/2023,"24,275.00",0.00%
6/12/2023,"24,274.00",0.03%
5/12/2023,"24,266.00",0.07%
4/12/2023,"24,250.00",-0.16%
1/12/2023,"24,290.00",0.16%
30/11/2023,"24,250.00",-0.04%
29/11/2023,"24,260.00",0.12%
28/11/2023,"24,230.00",0.00%
27/11/2023,"24,230.00",-0.12%
24/11/2023,"24,260.00",0.08%
23/11/2023,"24,240.00",0.14%
22/11/2023,"24,205.00",0.31%
21/11/2023,"24,130.00",-0.17%
20/11/2023,"24,170.00",-0.33%
17/11/2023,"24,250.00",-0.16%
16/11/2023,"24,288.00",-0.01%
15/11/2023,"24,290.00",-0.27%
14/11/2023,"24,355.00",-0.11%
13/11/2023,"24,383.00",0.28%
10/11/2023,"24,315.00",-0.10%
9/11/2023,"24,340.00",-0.12%
8/11/2023,"24,370.00",0.25%
7/11/2023,"24,310.00",-0.10%
6/11/2023,"24,335.00",-0.75%
3/11/2023,"24,520.00",-0.20%
2/11/2023,"24,570.00",-0.06%
1/11/2023,"24,585.00",0.10%
31/10/2023,"24,560.00",0.01%
30/10/2023,"24,558.00",-0.05%
27/10/2023,"24,570.00",-0.08%
26/10/2023,"24,590.00",0.12%
25/10/2023,"24,560.00",0.04%
24/10/2023,"24,550.00",-0.16%
23/10/2023,"24,590.00",0.29%
20/10/2023,"24,520.00",-0.12%
19/10/2023,"24,550.00",-0.02%
18/10/2023,"24,555.00",0.27%
17/10/2023,"24,490.00",0.12%
16/10/2023,"24,460.00",0.08%
13/10/2023,"24,440.00",0.02%
12/10/2023,"24,435.00",-0.02%
11/10/2023,"24,440.00",0.21%
10/10/2023,"24,390.00",0.08%
9/10/2023,"24,370.00",0.04%
6/10/2023,"24,360.00",-0.08%
5/10/2023,"24,380.00",-0.16%
4/10/2023,"24,420.00",0.14%
3/10/2023,"24,385.00",0.18%
2/10/2023,"24,340.00",0.25%
29/09/2023,"24,280.00",-0.43%
28/09/2023,"24,385.00",0.00%
27/09/2023,"24,385.00",0.02%
26/09/2023,"24,380.00",0.00%
25/09/2023,"24,380.00",0.08%
22/09/2023,"24,360.00",0.21%
21/09/2023,"24,310.00",0.16%
20/09/2023,"24,270.00",-0.41%
19/09/2023,"24,370.00",0.00%
18/09/2023,"24,370.00",0.49%
15/09/2023,"24,250.00",0.12%
14/09/2023,"24,220.00",0.27%
13/09/2023,"24,155.00",0.23%
12/9/2023,"24,100.00",0.10%
11/9/2023,"24,075.00",0.08%
8/9/2023,"24,055.00",-0.02%
7/9/2023,"24,060.00",0.02%
6/9/2023,"24,055.00",0.02%
5/9/2023,"24,050.00",-0.04%
31/08/2023,"24,060.00",-0.21%
30/08/2023,"24,110.00",-0.29%
29/08/2023,"24,180.00",0.42%
28/08/2023,"24,080.00",0.23%
25/08/2023,"24,024.00",0.12%
24/08/2023,"23,995.00",0.04%
23/08/2023,"23,985.00",0.27%
22/08/2023,"23,920.00",0.48%
21/08/2023,"23,805.00",0.00%
18/08/2023,"23,805.00",-0.19%
17/08/2023,"23,850.00",-0.36%
16/08/2023,"23,935.00",-0.13%
15/08/2023,"23,965.00",0.63%
14/08/2023,"23,815.00",0.27%
11/8/2023,"23,750.00",0.04%
10/8/2023,"23,740.00",0.02%
9/8/2023,"23,735.00",0.02%
8/8/2023,"23,730.00",0.04%
7/8/2023,"23,720.00",-0.02%
4/8/2023,"23,725.00",-0.11%
3/8/2023,"23,750.00",0.06%
2/8/2023,"23,735.00",0.23%
1/8/2023,"23,680.00",0.00%
31/07/2023,"23,680.00",-0.02%
28/07/2023,"23,685.00",0.10%
27/07/2023,"23,661.00",-0.02%
26/07/2023,"23,665.00",0.04%
25/07/2023,"23,655.00",-0.04%
24/07/2023,"23,665.00",0.04%
21/07/2023,"23,656.00",0.04%
20/07/2023,"23,647.00",0.07%
19/07/2023,"23,630.00",-0.02%
18/07/2023,"23,635.00",0.02%
17/07/2023,"23,630.00",0.00%
14/07/2023,"23,630.00",-0.15%
13/07/2023,"23,665.00",0.02%
12/7/2023,"23,660.00",-0.13%
11/7/2023,"23,690.00",0.21%
10/7/2023,"23,640.00",0.02%
7/7/2023,"23,635.00",-0.32%
6/7/2023,"23,710.00",-0.15%
5/7/2023,"23,745.00",0.19%
4/7/2023,"23,700.00",0.02%
3/7/2023,"23,695.00",0.51%
30/06/2023,"23,575.00",0.03%
29/06/2023,"23,569.00",0.06%
28/06/2023,"23,555.00",0.15%
27/06/2023,"23,520.00",-0.04%
26/06/2023,"23,530.00",0.06%
23/06/2023,"23,515.00",0.00%
22/06/2023,"23,515.00",0.04%
21/06/2023,"23,505.00",-0.06%
20/06/2023,"23,520.00",0.00%
19/06/2023,"23,520.00",0.00%
16/06/2023,"23,520.00",-0.02%
15/06/2023,"23,525.00",0.11%
14/06/2023,"23,500.00",0.02%
13/06/2023,"23,495.00",0.06%
12/6/2023,"23,480.00",0.04%
9/6/2023,"23,470.00",-0.09%
8/6/2023,"23,490.00",0.02%
7/6/2023,"23,485.00",0.00%
6/6/2023,"23,485.00",-0.04%
5/6/2023,"23,495.00",0.09%
2/6/2023,"23,475.00",-0.04%
1/6/2023,"23,485.00",0.00%
31/05/2023,"23,485.00",0.02%
30/05/2023,"23,480.00",0.06%
29/05/2023,"23,465.00",-0.04%
26/05/2023,"23,475.00",0.02%
25/05/2023,"23,470.00",0.00%
24/05/2023,"23,470.00",0.00%
23/05/2023,"23,470.00",0.14%
22/05/2023,"23,438.00",-0.09%
19/05/2023,"23,460.00",0.04%
18/05/2023,"23,450.00",0.00%
17/05/2023,"23,450.00",0.00%
16/05/2023,"23,450.00",-0.03%
15/05/2023,"23,458.00",0.03%
12/5/2023,"23,450.00",-0.06%
11/5/2023,"23,465.00",0.00%
10/5/2023,"23,465.00",0.02%
9/5/2023,"23,460.00",0.07%
8/5/2023,"23,443.00",0.01%
5/5/2023,"23,440.00",-0.02%
4/5/2023,"23,445.00",-0.02%
28/04/2023,"23,450.00",0.02%
27/04/2023,"23,445.00",-0.09%
26/04/2023,"23,465.00",-0.03%
25/04/2023,"23,473.00",-0.09%
24/04/2023,"23,494.00",0.04%
21/04/2023,"23,485.00",-0.01%
20/04/2023,"23,488.00",-0.10%
19/04/2023,"23,511.00",0.03%
18/04/2023,"23,505.00",0.09%
17/04/2023,"23,485.00",0.19%
14/04/2023,"23,440.00",0.00%
13/04/2023,"23,440.00",-0.01%
12/4/2023,"23,442.00",-0.01%
11/4/2023,"23,445.00",0.02%
10/4/2023,"23,440.00",-0.01%
7/4/2023,"23,442.00",-0.04%
6/4/2023,"23,451.00",-0.06%
5/4/2023,"23,465.00",0.02%
4/4/2023,"23,460.00",-0.04%
3/4/2023,"23,470.00",0.09%
31/03/2023,"23,450.00",-0.09%
30/03/2023,"23,470.00",-0.04%
29/03/2023,"23,480.00",0.00%
28/03/2023,"23,480.00",-0.09%
27/03/2023,"23,500.00",-0.04%
24/03/2023,"23,510.00",0.09%
23/03/2023,"23,490.00",-0.09%
22/03/2023,"23,510.00",-0.25%
21/03/2023,"23,570.00",0.00%
20/03/2023,"23,570.00",0.00%
17/03/2023,"23,570.00",0.04%
16/03/2023,"23,560.00",-0.02%
15/03/2023,"23,565.00",-0.02%
14/03/2023,"23,570.00",0.00%
13/03/2023,"23,570.00",-0.38%
10/3/2023,"23,660.00",-0.08%
9/3/2023,"23,680.00",-0.13%
8/3/2023,"23,710.00",0.30%
7/3/2023,"23,640.00",-0.04%
6/3/2023,"23,650.00",-0.25%
3/3/2023,"23,710.00",0.04%
2/3/2023,"23,700.00",-0.04%
1/3/2023,"23,710.00",-0.13%
28/02/2023,"23,740.00",-0.27%
27/02/2023,"23,805.00",0.11%
24/02/2023,"23,780.00",-0.15%
23/02/2023,"23,815.00",0.15%
22/02/2023,"23,780.00",0.32%
21/02/2023,"23,705.00",-0.08%
20/02/2023,"23,725.00",-0.36%
17/02/2023,"23,810.00",0.55%
16/02/2023,"23,680.00",0.28%
15/02/2023,"23,615.00",0.06%
14/02/2023,"23,600.00",0.02%
13/02/2023,"23,595.00",0.13%
10/2/2023,"23,565.00",0.02%
9/2/2023,"23,560.00",-0.13%
8/2/2023,"23,590.00",-0.04%
7/2/2023,"23,600.00",0.51%
6/2/2023,"23,480.00",0.17%
3/2/2023,"23,440.00",-0.04%
2/2/2023,"23,449.00",0.04%
1/2/2023,"23,440.00",-0.02%
31/01/2023,"23,445.00",-0.11%
30/01/2023,"23,470.00",0.04%
27/01/2023,"23,460.00",0.09%
19/01/2023,"23,440.00",0.01%
18/01/2023,"23,437.00",0.04%
17/01/2023,"23,427.00",-0.08%
16/01/2023,"23,445.00",0.04%
13/01/2023,"23,435.00",-0.01%
12/1/2023,"23,438.00",-0.01%
11/1/2023,"23,440.00",-0.02%
10/1/2023,"23,445.00",-0.01%
9/1/2023,"23,447.00",-0.06%
6/1/2023,"23,460.00",-0.06%
5/1/2023,"23,475.00",-0.15%
4/1/2023,"23,510.00",-0.02%
3/1/2023,"23,515.00",-0.40%
30/12/2022,"23,610.00",0.04%
29/12/2022,"23,600.00",-0.08%
28/12/2022,"23,620.00",0.17%
27/12/2022,"23,580.00",-0.04%
26/12/2022,"23,590.00",0.13%
23/12/2022,"23,560.00",-0.30%
22/12/2022,"23,630.00",-0.30%
21/12/2022,"23,700.00",-0.13%
20/12/2022,"23,730.00",0.13%
19/12/2022,"23,700.00",0.51%
16/12/2022,"23,580.00",0.34%
15/12/2022,"23,500.00",-0.09%
14/12/2022,"23,520.00",-0.34%
13/12/2022,"23,600.00",-0.34%
12/12/2022,"23,680.00",0.55%
9/12/2022,"23,550.00",-0.21%
8/12/2022,"23,600.00",-1.26%
7/12/2022,"23,900.00",-0.33%
6/12/2022,"23,980.00",0.00%
5/12/2022,"23,980.00",-1.52%
2/12/2022,"24,350.00",-0.61%
1/12/2022,"24,500.00",-0.53%
30/11/2022,"24,630.00",-0.48%
29/11/2022,"24,750.00",-0.08%
28/11/2022,"24,770.00",0.04%
25/11/2022,"24,760.00",-0.29%
24/11/2022,"24,833.00",-0.04%
23/11/2022,"24,844.00",-0.02%
22/11/2022,"24,850.00",0.06%
21/11/2022,"24,835.00",0.14%
18/11/2022,"24,800.00",-0.02%
17/11/2022,"24,805.00",0.12%
16/11/2022,"24,775.00",0.04%
15/11/2022,"24,765.00",0.12%
14/11/2022,"24,735.00",-0.28%
11/11/2022,"24,805.00",-0.24%
10/11/2022,"24,865.00",0.01%
9/11/2022,"24,862.00",-0.04%
8/11/2022,"24,871.00",0.00%
7/11/2022,"24,870.00",0.00%
4/11/2022,"24,870.00",0.04%
3/11/2022,"24,860.00",0.10%
2/11/2022,"24,835.00",-0.06%
1/11/2022,"24,850.00",0.04%
31/10/2022,"24,840.00",0.08%
28/10/2022,"24,820.00",-0.04%
27/10/2022,"24,830.00",0.00%
26/10/2022,"24,830.00",-0.04%
25/10/2022,"24,840.00",0.04%
24/10/2022,"24,830.00",0.04%
21/10/2022,"24,820.00",1.18%
20/10/2022,"24,530.00",0.33%
19/10/2022,"24,450.00",0.08%
18/10/2022,"24,430.00",0.49%
17/10/2022,"24,310.00",0.83%
14/10/2022,"24,110.00",-0.04%
13/10/2022,"24,120.00",0.73%
12/10/2022,"23,945.00",0.08%
11/10/2022,"23,925.00",0.23%
10/10/2022,"23,870.00",-0.02%
7/10/2022,"23,875.00",0.02%
6/10/2022,"23,870.00",0.02%
5/10/2022,"23,865.00",-0.04%
4/10/2022,"23,875.00",-0.02%
3/10/2022,"23,880.00",0.10%
30/09/2022,"23,855.00",0.15%
29/09/2022,"23,820.00",0.38%
28/09/2022,"23,730.00",0.00%
27/09/2022,"23,730.00",0.06%
26/09/2022,"23,715.00",0.06%
23/09/2022,"23,700.00",0.00%
22/09/2022,"23,700.00",0.04%
21/09/2022,"23,690.00",0.08%
20/09/2022,"23,670.00",0.00%
19/09/2022,"23,670.00",0.08%
16/09/2022,"23,650.00",0.13%
15/09/2022,"23,620.00",0.13%
14/09/2022,"23,590.00",0.16%
13/09/2022,"23,553.00",0.14%
12/9/2022,"23,520.00",0.02%
9/9/2022,"23,515.00",-0.11%
8/9/2022,"23,542.00",-0.16%
7/9/2022,"23,580.00",0.26%
6/9/2022,"23,520.00",0.06%
5/9/2022,"23,505.00",0.23%
31/08/2022,"23,450.00",0.15%
30/08/2022,"23,415.00",-0.06%
29/08/2022,"23,430.00",0.08%
26/08/2022,"23,412.00",-0.05%
25/08/2022,"23,423.00",-0.01%
24/08/2022,"23,425.00",-0.02%
23/08/2022,"23,430.00",0.09%
22/08/2022,"23,410.00",0.04%
19/08/2022,"23,400.00",0.00%
18/08/2022,"23,401.00",0.00%
17/08/2022,"23,401.00",-0.01%
16/08/2022,"23,403.00",0.01%
15/08/2022,"23,400.00",0.03%
12/8/2022,"23,392.00",0.01%
11/8/2022,"23,390.00",0.02%
10/8/2022,"23,385.00",0.00%
9/8/2022,"23,385.00",-0.01%
8/8/2022,"23,388.00",0.01%
5/8/2022,"23,385.00",-0.03%
4/8/2022,"23,393.00",0.00%
3/8/2022,"23,394.00",0.18%
2/8/2022,"23,353.00",-0.01%
1/8/2022,"23,355.00",0.09%
29/07/2022,"23,335.00",-0.10%
28/07/2022,"23,358.00",-0.07%
27/07/2022,"23,375.00",0.02%
26/07/2022,"23,370.00",-0.06%
25/07/2022,"23,385.00",-0.06%
22/07/2022,"23,400.00",-0.04%
21/07/2022,"23,410.00",0.00%
20/07/2022,"23,410.00",-0.01%
19/07/2022,"23,412.00",-0.12%
18/07/2022,"23,440.00",-0.04%
15/07/2022,"23,450.00",0.15%
14/07/2022,"23,415.00",0.12%
13/07/2022,"23,388.00",0.00%
12/7/2022,"23,389.00",0.18%
11/7/2022,"23,347.00",-0.03%
8/7/2022,"23,355.00",0.02%
7/7/2022,"23,350.00",-0.10%
6/7/2022,"23,373.00",0.06%
5/7/2022,"23,360.00",0.11%
4/7/2022,"23,335.00",0.15%
1/7/2022,"23,300.00",0.19%
30/06/2022,"23,255.00",-0.04%
29/06/2022,"23,265.00",0.04%
28/06/2022,"23,255.00",0.04%
27/06/2022,"23,245.00",-0.01%
24/06/2022,"23,247.00",0.01%
23/06/2022,"23,244.00",0.04%
22/06/2022,"23,235.00",0.04%
21/06/2022,"23,226.00",-0.02%
20/06/2022,"23,230.00",0.04%
17/06/2022,"23,220.00",-0.05%
16/06/2022,"23,232.00",0.01%
15/06/2022,"23,230.00",0.09%
14/06/2022,"23,210.00",0.06%
13/06/2022,"23,195.00",0.08%
10/6/2022,"23,177.00",0.10%
9/6/2022,"23,155.00",-0.14%
8/6/2022,"23,187.00",0.01%
7/6/2022,"23,185.00",0.02%
6/6/2022,"23,180.00",-0.03%
3/6/2022,"23,187.00",-0.03%
2/6/2022,"23,193.00",-0.01%
1/6/2022,"23,196.00",0.05%
31/05/2022,"23,185.00",0.04%
30/05/2022,"23,176.00",-0.08%
27/05/2022,"23,195.00",-0.04%
26/05/2022,"23,205.00",0.06%
25/05/2022,"23,190.00",-0.09%
24/05/2022,"23,210.00",0.17%
23/05/2022,"23,170.00",0.04%
20/05/2022,"23,160.00",0.09%
19/05/2022,"23,140.00",0.00%
18/05/2022,"23,139.00",0.08%
17/05/2022,"23,120.00",0.11%
16/05/2022,"23,095.00",0.04%
13/05/2022,"23,086.00",-0.04%
12/5/2022,"23,096.00",0.20%
11/5/2022,"23,050.00",0.48%
10/5/2022,"22,941.00",-0.04%
9/5/2022,"22,950.00",-0.02%
6/5/2022,"22,955.00",0.00%
5/5/2022,"22,955.00",-0.05%
4/5/2022,"22,966.00",0.02%
29/04/2022,"22,962.00",0.03%
28/04/2022,"22,956.00",-0.04%
27/04/2022,"22,965.00",-0.02%
26/04/2022,"22,970.00",-0.06%
25/04/2022,"22,983.00",0.08%
22/04/2022,"22,965.00",0.01%
21/04/2022,"22,962.00",0.00%
20/04/2022,"22,962.00",0.03%
19/04/2022,"22,955.00",0.28%
18/04/2022,"22,890.00",-0.04%
15/04/2022,"22,899.00",0.00%
14/04/2022,"22,900.00",0.06%
13/04/2022,"22,887.00",0.00%
12/4/2022,"22,888.00",0.12%
8/4/2022,"22,860.00",0.00%
7/4/2022,"22,859.00",-0.03%
6/4/2022,"22,866.00",-0.03%
5/4/2022,"22,873.00",0.12%
4/4/2022,"22,846.00",0.04%
1/4/2022,"22,837.00",0.00%
31/03/2022,"22,838.00",-0.07%
30/03/2022,"22,854.00",-0.05%
29/03/2022,"22,865.00",0.02%
28/03/2022,"22,860.00",0.00%
25/03/2022,"22,861.00",-0.03%
24/03/2022,"22,869.00",-0.01%
23/03/2022,"22,872.00",0.01%
22/03/2022,"22,870.00",0.04%
21/03/2022,"22,860.00",0.00%
18/03/2022,"22,860.00",-0.02%
17/03/2022,"22,865.00",-0.06%
16/03/2022,"22,879.00",0.00%
15/03/2022,"22,880.00",-0.04%
14/03/2022,"22,890.00",0.07%
11/3/2022,"22,873.00",0.17%
10/3/2022,"22,835.00",0.00%
9/3/2022,"22,835.00",-0.04%
8/3/2022,"22,845.00",0.00%
7/3/2022,"22,845.00",0.07%
4/3/2022,"22,830.00",-0.02%
3/3/2022,"22,835.00",-0.02%
2/3/2022,"22,840.00",0.11%
1/3/2022,"22,815.00",0.04%
28/02/2022,"22,805.00",-0.07%
25/02/2022,"22,820.00",-0.09%
24/02/2022,"22,840.00",0.07%
23/02/2022,"22,825.00",0.04%
22/02/2022,"22,815.00",0.07%
21/02/2022,"22,800.00",-0.09%
18/02/2022,"22,820.00",0.15%
17/02/2022,"22,785.00",0.15%
16/02/2022,"22,750.00",0.00%
15/02/2022,"22,750.00",0.11%
14/02/2022,"22,725.00",0.18%
11/2/2022,"22,685.00",0.02%
10/2/2022,"22,680.00",0.00%
9/2/2022,"22,680.00",-0.15%
8/2/2022,"22,715.00",0.22%
7/2/2022,"22,665.00",0.09%
28/01/2022,"22,645.00",0.07%
27/01/2022,"22,630.00",0.00%
26/01/2022,"22,630.00",0.00%
25/01/2022,"22,630.00",-0.20%
24/01/2022,"22,675.00",0.22%
21/01/2022,"22,625.00",-0.09%
20/01/2022,"22,645.00",-0.24%
19/01/2022,"22,700.00",-0.22%
18/01/2022,"22,750.00",0.13%
17/01/2022,"22,720.00",0.04%
14/01/2022,"22,710.00",0.00%
13/01/2022,"22,710.00",0.05%
12/1/2022,"22,698.00",0.00%
11/1/2022,"22,698.00",0.01%
10/1/2022,"22,695.00",0.04%
7/1/2022,"22,685.00",-0.26%
6/1/2022,"22,745.00",-0.04%
5/1/2022,"22,755.00",0.01%
4/1/2022,"22,752.00",-0.32%
31/12/2021,"22,825.00",0.26%
30/12/2021,"22,765.00",-0.24%
29/12/2021,"22,820.00",-0.07%
28/12/2021,"22,835.00",0.11%
27/12/2021,"22,810.00",-0.13%
24/12/2021,"22,840.00",-0.48%
23/12/2021,"22,950.00",-0.02%
22/12/2021,"22,955.00",0.10%
21/12/2021,"22,933.00",0.02%
20/12/2021,"22,928.00",-0.23%
17/12/2021,"22,980.00",-0.04%
16/12/2021,"22,990.00",-0.17%
15/12/2021,"23,030.00",0.13%
14/12/2021,"23,000.00",0.11%
13/12/2021,"22,975.00",-0.22%
10/12/2021,"23,025.00",0.20%
9/12/2021,"22,980.00",0.26%
8/12/2021,"22,920.00",-0.65%
7/12/2021,"23,070.00",0.22%
6/12/2021,"23,020.00",0.83%
3/12/2021,"22,830.00",0.44%
2/12/2021,"22,730.00",0.09%
1/12/2021,"22,710.00",0.10%
30/11/2021,"22,688.00",-0.01%
29/11/2021,"22,690.00",0.05%
26/11/2021,"22,678.00",0.04%
25/11/2021,"22,670.00",-0.04%
24/11/2021,"22,680.00",0.02%
23/11/2021,"22,675.00",0.02%
22/11/2021,"22,670.00",0.06%
19/11/2021,"22,657.00",0.03%
18/11/2021,"22,650.00",0.01%
17/11/2021,"22,648.00",-0.01%
16/11/2021,"22,650.00",0.02%
15/11/2021,"22,645.00",0.02%
12/11/2021,"22,640.00",-0.02%
11/11/2021,"22,645.00",-0.07%
10/11/2021,"22,660.00",-0.01%
9/11/2021,"22,662.00",0.01%
8/11/2021,"22,660.00",-0.09%
5/11/2021,"22,680.00",0.00%
4/11/2021,"22,680.00",-0.29%
3/11/2021,"22,747.00",0.00%
2/11/2021,"22,748.00",-0.01%
1/11/2021,"22,750.00",0.00%
29/10/2021,"22,750.00",0.00%
28/10/2021,"22,750.00",-0.02%
27/10/2021,"22,755.00",-0.01%
26/10/2021,"22,757.00",0.05%
25/10/2021,"22,745.00",-0.04%
22/10/2021,"22,754.00",0.02%
21/10/2021,"22,750.00",-0.02%
20/10/2021,"22,755.00",0.00%
19/10/2021,"22,755.00",-0.01%
18/10/2021,"22,758.00",0.00%
15/10/2021,"22,758.00",0.00%
14/10/2021,"22,757.00",0.00%
13/10/2021,"22,757.00",0.00%
12/10/2021,"22,757.00",0.03%
11/10/2021,"22,750.00",-0.03%
8/10/2021,"22,757.00",0.03%
7/10/2021,"22,750.00",0.00%
6/10/2021,"22,750.00",-0.02%
5/10/2021,"22,754.00",-0.01%
4/10/2021,"22,757.00",0.00%
1/10/2021,"22,757.00",0.03%
30/09/2021,"22,750.00",-0.01%
29/09/2021,"22,753.00",-0.04%
28/09/2021,"22,761.00",-0.02%
27/09/2021,"22,766.00",0.03%
24/09/2021,"22,760.00",-0.01%
23/09/2021,"22,762.00",0.01%
22/09/2021,"22,760.00",0.02%
21/09/2021,"22,755.00",-0.06%
20/09/2021,"22,769.00",0.00%
17/09/2021,"22,770.00",0.07%
16/09/2021,"22,753.00",-0.02%
15/09/2021,"22,758.00",0.00%
14/09/2021,"22,759.00",0.00%
13/09/2021,"22,759.00",0.01%
10/9/2021,"22,757.00",-0.04%
9/9/2021,"22,765.00",0.04%
8/9/2021,"22,757.00",0.00%
7/9/2021,"22,758.00",-0.01%
6/9/2021,"22,760.00",0.00%
1/9/2021,"22,760.00",-0.07%
31/08/2021,"22,775.00",0.00%
30/08/2021,"22,775.00",-0.06%
27/08/2021,"22,789.00",0.02%
26/08/2021,"22,785.00",-0.02%
25/08/2021,"22,790.00",-0.13%
24/08/2021,"22,820.00",-0.02%
23/08/2021,"22,825.00",0.02%
20/08/2021,"22,820.00",0.04%
19/08/2021,"22,812.00",0.02%
18/08/2021,"22,807.00",-0.10%
17/08/2021,"22,830.00",0.00%
16/08/2021,"22,830.00",0.00%
13/08/2021,"22,830.00",0.11%
12/8/2021,"22,805.00",-0.02%
11/8/2021,"22,809.00",-0.34%
10/8/2021,"22,887.00",-0.17%
9/8/2021,"22,925.00",-0.01%
6/8/2021,"22,927.00",-0.04%
5/8/2021,"22,936.00",-0.04%
4/8/2021,"22,945.00",-0.02%
3/8/2021,"22,950.00",0.00%
2/8/2021,"22,950.00",0.00%
30/07/2021,"22,950.00",-0.07%
29/07/2021,"22,965.00",-0.15%
28/07/2021,"22,999.00",-0.03%
27/07/2021,"23,005.00",-0.01%
26/07/2021,"23,008.00",0.01%
23/07/2021,"23,005.00",-0.02%
22/07/2021,"23,010.00",-0.05%
21/07/2021,"23,022.00",-0.02%
20/07/2021,"23,026.00",0.03%
19/07/2021,"23,020.00",0.04%
16/07/2021,"23,011.00",0.01%
15/07/2021,"23,009.00",-0.01%
14/07/2021,"23,011.00",0.00%
13/07/2021,"23,010.00",-0.04%
12/7/2021,"23,020.00",0.09%
9/7/2021,"23,000.00",-0.03%
8/7/2021,"23,007.00",-0.03%
7/7/2021,"23,015.00",0.03%
6/7/2021,"23,007.00",0.05%
5/7/2021,"22,996.00",-0.01%
2/7/2021,"22,998.00",-0.05%
1/7/2021,"23,010.00",-0.02%
30/06/2021,"23,014.00",-0.03%
29/06/2021,"23,020.00",0.00%
28/06/2021,"23,020.00",0.00%
25/06/2021,"23,020.00",0.07%
24/06/2021,"23,003.00",-0.07%
23/06/2021,"23,020.00",-0.02%
22/06/2021,"23,025.00",0.05%
21/06/2021,"23,014.00",0.08%
18/06/2021,"22,995.00",0.15%
17/06/2021,"22,960.00",0.06%
16/06/2021,"22,946.00",0.00%
15/06/2021,"22,947.00",0.01%
14/06/2021,"22,944.00",0.00%
11/6/2021,"22,945.00",-0.01%
10/6/2021,"22,947.00",-0.03%
9/6/2021,"22,955.00",0.01%
8/6/2021,"22,952.00",-0.21%
7/6/2021,"23,000.00",-0.19%
4/6/2021,"23,044.00",0.01%
3/6/2021,"23,041.00",0.00%
2/6/2021,"23,040.00",-0.02%
1/6/2021,"23,044.00",0.02%
31/05/2021,"23,040.00",-0.02%
28/05/2021,"23,045.00",0.00%
27/05/2021,"23,045.00",-0.04%
26/05/2021,"23,055.00",-0.02%
25/05/2021,"23,060.00",0.02%
24/05/2021,"23,056.00",0.01%
21/05/2021,"23,054.00",0.04%
20/05/2021,"23,045.00",0.00%
19/05/2021,"23,045.00",0.02%
18/05/2021,"23,040.00",-0.03%
17/05/2021,"23,046.00",-0.01%
14/05/2021,"23,048.00",0.03%
13/05/2021,"23,040.00",-0.06%
12/5/2021,"23,053.00",-0.01%
11/5/2021,"23,055.00",-0.02%
10/5/2021,"23,060.00",0.00%
7/5/2021,"23,060.00",-0.03%
6/5/2021,"23,067.00",0.03%
5/5/2021,"23,060.00",0.04%
4/5/2021,"23,050.00",-0.02%
29/04/2021,"23,054.00",0.03%
28/04/2021,"23,047.00",0.02%
27/04/2021,"23,042.00",0.01%
26/04/2021,"23,040.00",-0.13%
23/04/2021,"23,070.00",0.00%
22/04/2021,"23,070.00",-0.02%
20/04/2021,"23,074.00",0.00%
19/04/2021,"23,073.00",0.03%
16/04/2021,"23,067.00",-0.03%
15/04/2021,"23,073.00",-0.02%
14/04/2021,"23,078.00",0.04%
13/04/2021,"23,069.00",0.01%
12/4/2021,"23,067.00",0.01%
9/4/2021,"23,065.00",-0.09%
8/4/2021,"23,085.00",-0.02%
7/4/2021,"23,090.00",0.00%
6/4/2021,"23,090.00",0.05%
5/4/2021,"23,079.00",0.03%
2/4/2021,"23,073.00",0.03%
1/4/2021,"23,065.00",-0.04%
31/03/2021,"23,074.00",0.02%
30/03/2021,"23,070.00",0.00%
29/03/2021,"23,070.00",-0.06%
26/03/2021,"23,084.00",0.00%
25/03/2021,"23,084.00",0.02%
24/03/2021,"23,080.00",0.04%
23/03/2021,"23,070.00",-0.03%
22/03/2021,"23,076.00",0.01%
19/03/2021,"23,073.00",0.03%
18/03/2021,"23,065.00",0.09%
17/03/2021,"23,045.00",-0.16%
16/03/2021,"23,082.00",0.00%
15/03/2021,"23,081.00",0.11%
12/3/2021,"23,055.00",0.02%
11/3/2021,"23,051.00",0.00%
10/3/2021,"23,052.00",-0.03%
9/3/2021,"23,060.00",0.15%
8/3/2021,"23,025.00",-0.03%
5/3/2021,"23,033.00",0.06%
4/3/2021,"23,019.00",0.00%
3/3/2021,"23,020.00",-0.01%
2/3/2021,"23,022.00",0.01%
1/3/2021,"23,020.00",0.02%
26/02/2021,"23,015.00",-0.04%
25/02/2021,"23,025.00",0.02%
24/02/2021,"23,020.00",-0.02%
23/02/2021,"23,025.00",0.02%
22/02/2021,"23,020.00",0.01%
19/02/2021,"23,018.00",0.01%
18/02/2021,"23,015.00",0.02%
17/02/2021,"23,010.00",0.00%
9/2/2021,"23,010.00",0.17%
8/2/2021,"22,970.00",-0.13%
5/2/2021,"23,000.00",-0.07%
4/2/2021,"23,015.00",-0.02%
3/2/2021,"23,020.00",-0.03%
2/2/2021,"23,027.00",-0.08%
1/2/2021,"23,045.00",-0.01%
29/01/2021,"23,048.00",-0.05%
28/01/2021,"23,059.00",-0.04%
27/01/2021,"23,069.00",0.00%
26/01/2021,"23,069.00",0.04%
25/01/2021,"23,060.00",-0.04%
22/01/2021,"23,070.00",0.04%
21/01/2021,"23,060.00",-0.05%
20/01/2021,"23,072.00",0.01%
19/01/2021,"23,069.00",0.00%
18/01/2021,"23,069.00",0.02%
15/01/2021,"23,065.00",0.00%
14/01/2021,"23,064.00",0.00%
13/01/2021,"23,064.00",0.00%
12/1/2021,"23,065.00",0.07%
11/1/2021,"23,050.00",-0.07%
8/1/2021,"23,066.00",-0.05%
7/1/2021,"23,078.00",-0.05%
6/1/2021,"23,090.00",0.04%
5/1/2021,"23,080.00",0.04%
4/1/2021,"23,070.00",-0.04%
1/1/2021,"23,080.00",0.04%
31/12/2020,"23,070.00",-0.08%
30/12/2020,"23,088.00",-0.14%
29/12/2020,"23,120.00",-0.02%
28/12/2020,"23,125.00",-0.02%
25/12/2020,"23,130.00",0.02%
24/12/2020,"23,125.00",-0.02%
23/12/2020,"23,130.00",0.01%
22/12/2020,"23,127.00",0.03%
21/12/2020,"23,120.00",-0.02%
18/12/2020,"23,124.00",0.02%
17/12/2020,"23,120.00",-0.03%
16/12/2020,"23,126.00",0.00%
15/12/2020,"23,126.00",0.00%
14/12/2020,"23,126.00",-0.01%
11/12/2020,"23,128.00",0.00%
10/12/2020,"23,128.00",0.00%
9/12/2020,"23,128.00",0.00%
8/12/2020,"23,128.00",0.00%
7/12/2020,"23,127.00",-0.01%
4/12/2020,"23,130.00",0.02%
3/12/2020,"23,125.00",-0.02%
2/12/2020,"23,129.00",0.00%
1/12/2020,"23,129.00",-0.05%
30/11/2020,"23,140.00",-0.09%
27/11/2020,"23,160.00",-0.02%
26/11/2020,"23,164.00",0.02%
25/11/2020,"23,160.00",0.04%
24/11/2020,"23,151.00",-0.11%
23/11/2020,"23,177.00",0.00%
20/11/2020,"23,176.00",0.00%
19/11/2020,"23,176.00",0.07%
18/11/2020,"23,160.00",-0.01%
17/11/2020,"23,163.00",-0.05%
16/11/2020,"23,175.00",0.00%
13/11/2020,"23,175.00",0.00%
12/11/2020,"23,175.00",0.00%
11/11/2020,"23,175.00",0.01%
10/11/2020,"23,173.00",0.01%
9/11/2020,"23,170.00",-0.03%
6/11/2020,"23,176.00",0.00%
5/11/2020,"23,175.00",0.00%
4/11/2020,"23,176.00",0.00%
3/11/2020,"23,176.00",0.00%
2/11/2020,"23,177.00",-0.01%
30/10/2020,"23,180.00",0.04%
29/10/2020,"23,170.00",-0.03%
28/10/2020,"23,176.00",0.00%
27/10/2020,"23,175.00",0.00%
26/10/2020,"23,175.00",0.00%
23/10/2020,"23,176.00",0.00%
22/10/2020,"23,176.00",0.00%
21/10/2020,"23,177.00",-0.01%
20/10/2020,"23,179.00",0.02%
19/10/2020,"23,175.00",0.00%
16/10/2020,"23,175.00",0.02%
15/10/2020,"23,170.00",-0.02%
14/10/2020,"23,175.00",-0.01%
13/10/2020,"23,177.00",0.00%
12/10/2020,"23,178.00",-0.01%
9/10/2020,"23,180.00",-0.05%
8/10/2020,"23,191.00",-0.06%
7/10/2020,"23,205.00",0.00%
6/10/2020,"23,205.00",0.01%
5/10/2020,"23,203.00",0.05%
2/10/2020,"23,191.00",0.01%
1/10/2020,"23,188.00",0.03%
30/09/2020,"23,181.00",-0.04%
29/09/2020,"23,190.00",0.01%
28/09/2020,"23,188.00",-0.01%
25/09/2020,"23,191.00",0.03%
24/09/2020,"23,184.00",0.00%
23/09/2020,"23,185.00",0.03%
22/09/2020,"23,177.00",0.00%
21/09/2020,"23,178.00",0.03%
18/09/2020,"23,170.00",0.00%
17/09/2020,"23,170.00",-0.03%
16/09/2020,"23,178.00",0.01%
15/09/2020,"23,175.00",0.00%
14/09/2020,"23,175.00",0.00%
11/9/2020,"23,174.00",0.01%
10/9/2020,"23,172.50",-0.01%
9/9/2020,"23,175.00",0.00%
8/9/2020,"23,176.00",0.01%
7/9/2020,"23,174.00",-0.02%
4/9/2020,"23,178.00",0.02%
3/9/2020,"23,174.00",0.00%
1/9/2020,"23,174.00",0.00%
31/08/2020,"23,174.00",0.00%
28/08/2020,"23,174.00",0.00%
27/08/2020,"23,174.00",0.00%
26/08/2020,"23,174.00",0.02%
25/08/2020,"23,170.00",-0.03%
24/08/2020,"23,177.00",0.01%
21/08/2020,"23,175.00",0.00%
20/08/2020,"23,174.00",0.00%
19/08/2020,"23,174.00",0.00%
18/08/2020,"23,174.00",0.00%
17/08/2020,"23,174.00",0.00%
14/08/2020,"23,174.00",0.00%
13/08/2020,"23,174.00",0.00%
12/8/2020,"23,175.00",0.00%
11/8/2020,"23,174.00",0.02%
10/8/2020,"23,170.00",-0.01%
7/8/2020,"23,173.00",0.00%
6/8/2020,"23,174.00",0.00%
5/8/2020,"23,175.00",-0.01%
4/8/2020,"23,176.50",0.00%
3/8/2020,"23,177.50",-0.01%
31/07/2020,"23,180.00",0.01%
30/07/2020,"23,177.50",-0.01%
29/07/2020,"23,180.00",0.00%
28/07/2020,"23,180.00",-0.01%
27/07/2020,"23,181.50",0.01%
24/07/2020,"23,180.00",0.00%
23/07/2020,"23,181.00",-0.02%
22/07/2020,"23,185.00",0.02%
21/07/2020,"23,181.50",-0.03%
20/07/2020,"23,189.00",-0.01%
17/07/2020,"23,192.00",0.03%
16/07/2020,"23,185.00",0.00%
15/07/2020,"23,184.00",0.01%
14/07/2020,"23,182.00",0.01%
13/07/2020,"23,180.00",0.00%
10/7/2020,"23,181.00",-0.02%
9/7/2020,"23,185.50",-0.02%
8/7/2020,"23,189.00",-0.05%
7/7/2020,"23,200.00",-0.01%
6/7/2020,"23,202.50",0.01%
3/7/2020,"23,201.00",-0.01%
2/7/2020,"23,203.00",0.00%
1/7/2020,"23,204.00",-0.01%
30/06/2020,"23,205.50",0.02%
29/06/2020,"23,200.50",-0.05%
26/06/2020,"23,211.00",0.01%
25/06/2020,"23,209.00",0.02%
24/06/2020,"23,205.00",-0.04%
23/06/2020,"23,214.00",0.01%
22/06/2020,"23,212.50",-0.03%
19/06/2020,"23,220.00",0.03%
18/06/2020,"23,213.00",0.07%
17/06/2020,"23,197.50",-0.08%
16/06/2020,"23,215.00",-0.03%
15/06/2020,"23,222.50",0.07%
12/6/2020,"23,207.00",-0.04%
11/6/2020,"23,216.50",0.07%
10/6/2020,"23,200.00",-0.03%
9/6/2020,"23,207.50",-0.21%
8/6/2020,"23,257.50",-0.01%
5/6/2020,"23,260.00",-0.02%
4/6/2020,"23,265.50",0.02%
3/6/2020,"23,262.00",0.02%
2/6/2020,"23,256.50",-0.04%
1/6/2020,"23,265.00",-0.07%
29/05/2020,"23,281.50",-0.12%
28/05/2020,"23,310.00",-0.07%
27/05/2020,"23,326.50",-0.04%
26/05/2020,"23,337.00",0.10%
25/05/2020,"23,313.00",0.19%
22/05/2020,"23,269.50",-0.03%
21/05/2020,"23,277.50",0.02%
20/05/2020,"23,272.50",-0.12%
19/05/2020,"23,300.00",-0.17%
18/05/2020,"23,339.50",-0.08%
15/05/2020,"23,357.50",-0.07%
14/05/2020,"23,375.00",0.12%
13/05/2020,"23,347.50",0.05%
12/5/2020,"23,335.00",0.05%
11/5/2020,"23,324.50",-0.23%
8/5/2020,"23,378.50",-0.21%
7/5/2020,"23,427.50",0.01%
6/5/2020,"23,424.50",0.01%
5/5/2020,"23,422.00",-0.10%
4/5/2020,"23,446.00",0.07%
29/04/2020,"23,429.00",-0.07%
28/04/2020,"23,445.00",-0.05%
27/04/2020,"23,456.50",-0.23%
24/04/2020,"23,510.00",0.10%
23/04/2020,"23,486.00",0.03%
22/04/2020,"23,480.00",0.08%
21/04/2020,"23,461.00",0.04%
20/04/2020,"23,451.00",0.11%
17/04/2020,"23,425.00",-0.11%
16/04/2020,"23,450.00",0.03%
15/04/2020,"23,442.50",-0.13%
14/04/2020,"23,474.00",0.17%
13/04/2020,"23,433.00",-0.02%
10/4/2020,"23,437.50",-0.22%
9/4/2020,"23,489.00",-0.32%
8/4/2020,"23,565.00",0.47%
7/4/2020,"23,455.00",0.02%
6/4/2020,"23,450.00",-0.49%
3/4/2020,"23,565.00",-0.13%
1/4/2020,"23,595.00",-0.09%
31/03/2020,"23,617.00",-0.11%
30/03/2020,"23,642.50",0.08%
27/03/2020,"23,622.50",-0.05%
26/03/2020,"23,635.00",0.13%
25/03/2020,"23,605.00",0.07%
24/03/2020,"23,587.50",0.18%
23/03/2020,"23,545.00",0.36%
20/03/2020,"23,460.00",0.25%
19/03/2020,"23,402.00",0.51%
18/03/2020,"23,283.00",0.19%
17/03/2020,"23,239.00",0.06%
16/03/2020,"23,226.00",0.06%
13/03/2020,"23,211.00",0.06%
12/3/2020,"23,196.50",0.10%
11/3/2020,"23,173.50",-0.01%
10/3/2020,"23,175.00",0.01%
9/3/2020,"23,173.50",-0.15%
6/3/2020,"23,207.50",-0.02%
5/3/2020,"23,212.50",0.02%
4/3/2020,"23,207.00",-0.05%
3/3/2020,"23,219.00",-0.09%
2/3/2020,"23,241.00",0.00%
28/02/2020,"23,241.00",0.00%
27/02/2020,"23,241.50",0.00%
26/02/2020,"23,241.00",-0.13%
25/02/2020,"23,271.00",0.10%
24/02/2020,"23,248.50",0.02%
21/02/2020,"23,243.50",0.03%
20/02/2020,"23,237.50",0.04%
19/02/2020,"23,228.00",-0.07%
18/02/2020,"23,243.50",0.06%
17/02/2020,"23,229.50",-0.07%
14/02/2020,"23,246.00",0.03%
13/02/2020,"23,240.00",-0.06%
12/2/2020,"23,255.00",0.05%
11/2/2020,"23,242.50",-0.08%
10/2/2020,"23,261.50",0.12%
7/2/2020,"23,232.50",0.05%
6/2/2020,"23,222.00",0.00%
5/2/2020,"23,221.00",-0.08%
4/2/2020,"23,240.00",-0.09%
3/2/2020,"23,260.00",0.16%
31/01/2020,"23,223.00",0.17%
30/01/2020,"23,183.00",0.05%
29/01/2020,"23,170.50",0.00%
28/01/2020,"23,170.50",0.00%
27/01/2020,"23,170.50",0.00%
24/01/2020,"23,170.50",0.00%
23/01/2020,"23,170.50",0.00%
22/01/2020,"23,170.50",0.00%
21/01/2020,"23,171.00",0.00%
20/01/2020,"23,170.00",-0.02%
17/01/2020,"23,174.00",0.01%
16/01/2020,"23,172.00",-0.01%
15/01/2020,"23,175.00",0.00%
14/01/2020,"23,176.00",0.01%
13/01/2020,"23,174.00",-0.01%
10/1/2020,"23,177.00",0.01%
9/1/2020,"23,174.00",-0.01%
8/1/2020,"23,176.00",0.00%
7/1/2020,"23,176.00",0.00%
6/1/2020,"23,177.00",0.02%
3/1/2020,"23,172.00",0.01%
2/1/2020,"23,169.00",-0.02%
1/1/2020,"23,172.50",0.00%
31/12/2019,"23,172.50",0.00%
30/12/2019,"23,172.50",0.00%
27/12/2019,"23,172.00",-0.01%
26/12/2019,"23,175.00",0.00%
25/12/2019,"23,174.00",-0.02%
24/12/2019,"23,177.50",0.01%
23/12/2019,"23,174.50",-0.01%
20/12/2019,"23,176.00",0.03%
19/12/2019,"23,170.00",-0.02%
18/12/2019,"23,174.00",-0.01%
17/12/2019,"23,177.00",0.00%
16/12/2019,"23,177.50",0.02%
13/12/2019,"23,174.00",0.02%
12/12/2019,"23,170.00",-0.03%
11/12/2019,"23,176.50",0.02%
10/12/2019,"23,171.00",0.00%
9/12/2019,"23,171.50",-0.03%
6/12/2019,"23,177.50",0.04%
5/12/2019,"23,168.00",-0.02%
4/12/2019,"23,172.50",0.01%
3/12/2019,"23,171.00",-0.02%
2/12/2019,"23,176.50",-0.02%
29/11/2019,"23,180.00",-0.09%
28/11/2019,"23,201.50",0.00%
27/11/2019,"23,202.50",0.05%
26/11/2019,"23,190.50",-0.04%
25/11/2019,"23,199.50",0.02%
22/11/2019,"23,196.00",0.00%
21/11/2019,"23,195.00",-0.02%
20/11/2019,"23,199.50",-0.01%
19/11/2019,"23,201.50",-0.02%
18/11/2019,"23,206.00",0.00%
15/11/2019,"23,205.00",0.02%
14/11/2019,"23,201.00",0.00%
13/11/2019,"23,201.50",0.01%
12/11/2019,"23,199.50",-0.01%
11/11/2019,"23,202.00",0.01%
8/11/2019,"23,199.00",0.00%
7/11/2019,"23,199.50",0.00%
6/11/2019,"23,199.50",0.00%
5/11/2019,"23,199.50",0.00%
4/11/2019,"23,200.00",-0.01%
1/11/2019,"23,202.00",0.00%
31/10/2019,"23,203.00",0.01%
30/10/2019,"23,201.00",-0.01%
29/10/2019,"23,203.00",0.00%
28/10/2019,"23,202.00",0.01%
25/10/2019,"23,200.50",-0.02%
24/10/2019,"23,204.00",-0.01%
23/10/2019,"23,206.50",0.02%
22/10/2019,"23,202.50",-0.02%
21/10/2019,"23,207.50",0.02%
18/10/2019,"23,204.00",-0.01%
17/10/2019,"23,207.00",0.02%
16/10/2019,"23,203.00",0.01%
15/10/2019,"23,201.50",-0.02%
14/10/2019,"23,205.00",0.00%
11/10/2019,"23,205.00",0.02%
10/10/2019,"23,201.00",-0.11%
9/10/2019,"23,226.00",0.11%
8/10/2019,"23,200.50",0.00%
7/10/2019,"23,201.00",0.00%
4/10/2019,"23,201.00",0.00%
3/10/2019,"23,201.50",-0.02%
2/10/2019,"23,205.00",0.02%
1/10/2019,"23,201.50",0.00%
30/09/2019,"23,201.00",-0.02%
27/09/2019,"23,205.00",0.02%
26/09/2019,"23,201.00",-0.02%
25/09/2019,"23,205.00",0.00%
24/09/2019,"23,205.00",0.01%
23/09/2019,"23,203.00",-0.01%
20/09/2019,"23,205.00",-0.03%
19/09/2019,"23,212.00",0.00%
18/09/2019,"23,211.50",-0.06%
17/09/2019,"23,226.50",0.03%
16/09/2019,"23,219.00",0.05%
13/09/2019,"23,207.50",0.00%
12/9/2019,"23,207.50",0.03%
11/9/2019,"23,200.00",0.00%
10/9/2019,"23,199.50",-0.01%
9/9/2019,"23,201.00",0.01%
6/9/2019,"23,199.00",0.00%
5/9/2019,"23,198.50",0.00%
4/9/2019,"23,199.50",0.00%
3/9/2019,"23,199.00",0.06%
2/9/2019,"23,186.00",0.00%
30/08/2019,"23,186.00",-0.06%
29/08/2019,"23,200.00",-0.03%
28/08/2019,"23,207.50",0.04%
27/08/2019,"23,197.50",-0.01%
26/08/2019,"23,199.00",0.00%
23/08/2019,"23,199.00",-0.03%
22/08/2019,"23,205.00",0.02%
21/08/2019,"23,201.50",-0.01%
20/08/2019,"23,204.00",-0.01%
19/08/2019,"23,206.00",-0.03%
16/08/2019,"23,212.00",0.01%
15/08/2019,"23,209.00",0.02%
14/08/2019,"23,205.00",-0.01%
13/08/2019,"23,206.50",0.03%
12/8/2019,"23,198.50",-0.03%
9/8/2019,"23,205.00",-0.09%
8/8/2019,"23,225.00",0.04%
7/8/2019,"23,216.00",-0.17%
6/8/2019,"23,255.00",-0.06%
5/8/2019,"23,269.00",0.21%
2/8/2019,"23,220.00",0.06%
1/8/2019,"23,205.00",-0.12%
31/07/2019,"23,232.50",0.12%
30/07/2019,"23,205.00",-0.02%
29/07/2019,"23,210.00",-0.01%
26/07/2019,"23,211.50",0.01%
25/07/2019,"23,210.00",0.00%
24/07/2019,"23,210.00",0.00%
23/07/2019,"23,210.00",-0.01%
22/07/2019,"23,212.00",-0.15%
19/07/2019,"23,247.00",0.13%
18/07/2019,"23,216.00",0.06%
17/07/2019,"23,202.50",0.01%
16/07/2019,"23,201.00",0.00%
15/07/2019,"23,201.50",-0.02%
12/7/2019,"23,205.00",0.01%
11/7/2019,"23,202.50",-0.08%
10/7/2019,"23,220.00",-0.04%
9/7/2019,"23,230.00",-0.07%
8/7/2019,"23,246.50",0.04%
5/7/2019,"23,237.50",-0.05%
4/7/2019,"23,250.00",0.00%
3/7/2019,"23,250.00",0.04%
2/7/2019,"23,240.00",-0.09%
1/7/2019,"23,260.00",-0.19%
28/06/2019,"23,305.00",-0.04%
27/06/2019,"23,315.00",0.04%
26/06/2019,"23,305.00",0.03%
25/06/2019,"23,297.00",0.03%
24/06/2019,"23,291.00",0.00%
21/06/2019,"23,290.00",-0.04%
20/06/2019,"23,300.00",-0.07%
19/06/2019,"23,316.50",-0.08%
18/06/2019,"23,336.00",-0.06%
17/06/2019,"23,350.00",0.06%
14/06/2019,"23,335.00",0.06%
13/06/2019,"23,320.00",0.00%
12/6/2019,"23,320.00",-0.09%
11/6/2019,"23,340.00",-0.11%
10/6/2019,"23,365.00",-0.13%
7/6/2019,"23,396.00",-0.03%
6/6/2019,"23,403.00",-0.04%
5/6/2019,"23,413.00",0.06%
4/6/2019,"23,400.00",0.02%
3/6/2019,"23,394.50",-0.08%
31/05/2019,"23,412.50",-0.03%
30/05/2019,"23,420.00",0.06%
29/05/2019,"23,407.00",0.06%
28/05/2019,"23,394.00",0.03%
27/05/2019,"23,388.00",-0.01%
24/05/2019,"23,390.00",0.00%
23/05/2019,"23,389.00",0.06%
22/05/2019,"23,375.00",-0.07%
21/05/2019,"23,391.50",-0.07%
20/05/2019,"23,407.50",0.07%
17/05/2019,"23,392.00",0.35%
16/05/2019,"23,310.00",-0.06%
15/05/2019,"23,325.00",-0.24%
14/05/2019,"23,380.00",0.22%
13/05/2019,"23,329.00",-0.08%
10/5/2019,"23,347.50",-0.22%
9/5/2019,"23,400.00",0.14%
8/5/2019,"23,367.50",0.31%
7/5/2019,"23,295.00",0.06%
6/5/2019,"23,281.50",0.12%
3/5/2019,"23,252.50",-0.08%
2/5/2019,"23,270.00",-0.09%
1/5/2019,"23,290.00",0.00%
30/04/2019,"23,290.00",0.00%
29/04/2019,"23,290.00",0.00%
26/04/2019,"23,290.00",0.30%
25/04/2019,"23,220.00",0.02%
24/04/2019,"23,216.50",0.00%
23/04/2019,"23,217.50",-0.01%
22/04/2019,"23,219.00",0.03%
19/04/2019,"23,212.50",0.04%
18/04/2019,"23,203.50",0.02%
17/04/2019,"23,198.50",0.00%
16/04/2019,"23,199.50",0.00%
15/04/2019,"23,199.50",0.00%
12/4/2019,"23,199.50",0.01%
11/4/2019,"23,196.50",-0.02%
10/4/2019,"23,200.50",0.01%
9/4/2019,"23,198.50",0.00%
8/4/2019,"23,199.50",0.00%
5/4/2019,"23,200.00",0.00%
4/4/2019,"23,199.00",0.00%
3/4/2019,"23,200.00",0.01%
2/4/2019,"23,198.50",-0.01%
1/4/2019,"23,201.50",-0.01%
29/03/2019,"23,204.00",0.01%
28/03/2019,"23,201.00",0.01%
27/03/2019,"23,198.50",0.00%
26/03/2019,"23,198.50",0.00%
25/03/2019,"23,199.50",-0.01%
22/03/2019,"23,201.50",0.00%
21/03/2019,"23,200.50",-0.04%
20/03/2019,"23,210.00",0.00%
19/03/2019,"23,209.00",0.02%
18/03/2019,"23,204.00",0.02%
15/03/2019,"23,199.00",0.00%
14/03/2019,"23,199.00",0.00%
13/03/2019,"23,199.50",0.00%
12/3/2019,"23,198.50",0.00%
11/3/2019,"23,198.50",0.00%
8/3/2019,"23,199.50",0.01%
7/3/2019,"23,198.00",-0.01%
6/3/2019,"23,200.50",0.01%
5/3/2019,"23,199.00",-0.01%
4/3/2019,"23,200.50",-0.01%
1/3/2019,"23,203.00",0.01%
28/02/2019,"23,200.00",0.00%
27/02/2019,"23,199.50",-0.01%
26/02/2019,"23,201.00",-0.07%
25/02/2019,"23,217.00",0.03%
22/02/2019,"23,210.00",-0.01%
21/02/2019,"23,211.50",0.05%
20/02/2019,"23,199.00",0.00%
19/02/2019,"23,199.50",0.00%
18/02/2019,"23,200.00",-0.01%
15/02/2019,"23,201.50",0.00%
14/02/2019,"23,202.00",0.02%
13/02/2019,"23,197.50",-0.05%
12/2/2019,"23,209.00",-0.02%
11/2/2019,"23,212.50",0.02%
8/2/2019,"23,207.50",0.00%
7/2/2019,"23,207.50",0.00%
6/2/2019,"23,207.50",0.00%
5/2/2019,"23,207.50",0.00%
4/2/2019,"23,207.50",0.00%
1/2/2019,"23,207.50",0.04%
31/01/2019,"23,199.00",-0.02%
30/01/2019,"23,204.00",0.03%
29/01/2019,"23,197.00",0.01%
28/01/2019,"23,195.00",0.00%
25/01/2019,"23,194.50",-0.01%
24/01/2019,"23,197.00",0.00%
23/01/2019,"23,198.00",0.00%
22/01/2019,"23,198.50",0.00%
21/01/2019,"23,198.50",0.00%
18/01/2019,"23,199.50",0.00%
17/01/2019,"23,198.50",0.00%
16/01/2019,"23,199.00",-0.02%
15/01/2019,"23,204.00",0.02%
14/01/2019,"23,199.50",0.00%
11/1/2019,"23,199.00",0.01%
10/1/2019,"23,197.00",-0.01%
9/1/2019,"23,198.50",0.00%
8/1/2019,"23,198.50",0.00%
7/1/2019,"23,199.00",0.00%
4/1/2019,"23,199.00",-0.02%
3/1/2019,"23,202.50",-0.02%
2/1/2019,"23,207.50",0.05%
1/1/2019,"23,195.00",0.00%
31/12/2018,"23,195.00",0.00%
28/12/2018,"23,195.00",-0.16%
27/12/2018,"23,232.50",-0.13%
26/12/2018,"23,262.50",-0.07%
25/12/2018,"23,278.50",0.00%
24/12/2018,"23,279.00",-0.02%
21/12/2018,"23,283.50",-0.08%
20/12/2018,"23,302.50",-0.02%
19/12/2018,"23,308.00",-0.05%
18/12/2018,"23,319.00",0.00%
17/12/2018,"23,319.00",0.13%
14/12/2018,"23,288.00",0.00%
13/12/2018,"23,287.50",-0.06%
12/12/2018,"23,302.50",0.00%
11/12/2018,"23,302.00",-0.02%
10/12/2018,"23,306.00",-0.03%
7/12/2018,"23,312.50",-0.09%
6/12/2018,"23,333.00",0.11%
5/12/2018,"23,307.50",0.10%
4/12/2018,"23,284.00",-0.07%
3/12/2018,"23,301.00",-0.07%
30/11/2018,"23,317.50",-0.05%
29/11/2018,"23,328.00",-0.03%
28/11/2018,"23,336.00",-0.05%
27/11/2018,"23,347.50",0.03%
26/11/2018,"23,341.00",-0.09%
23/11/2018,"23,362.50",0.06%
22/11/2018,"23,347.50",-0.02%
21/11/2018,"23,353.00",0.07%
20/11/2018,"23,337.00",0.11%
19/11/2018,"23,311.50",0.02%
16/11/2018,"23,307.00",-0.01%
15/11/2018,"23,309.00",-0.04%
14/11/2018,"23,317.50",0.04%
13/11/2018,"23,309.00",0.03%
12/11/2018,"23,302.50",0.03%
9/11/2018,"23,295.00",-0.10%
8/11/2018,"23,319.00",-0.03%
7/11/2018,"23,326.50",0.00%
6/11/2018,"23,326.00",0.06%
5/11/2018,"23,312.50",-0.08%
2/11/2018,"23,331.50",-0.06%
1/11/2018,"23,346.00",0.00%
31/10/2018,"23,345.50",0.01%
30/10/2018,"23,344.00",-0.01%
29/10/2018,"23,345.50",-0.04%
26/10/2018,"23,356.00",0.02%
25/10/2018,"23,350.50",0.01%
24/10/2018,"23,349.00",0.00%
23/10/2018,"23,348.50",0.00%
22/10/2018,"23,348.50",-0.01%
19/10/2018,"23,351.50",0.02%
18/10/2018,"23,347.50",0.02%
17/10/2018,"23,343.50",0.02%
16/10/2018,"23,339.00",0.03%
15/10/2018,"23,332.50",-0.06%
12/10/2018,"23,345.50",0.00%
11/10/2018,"23,346.00",-0.02%
10/10/2018,"23,351.00",-0.02%
9/10/2018,"23,356.50",0.02%
8/10/2018,"23,352.50",0.09%
5/10/2018,"23,331.50",-0.08%
4/10/2018,"23,350.50",0.03%
3/10/2018,"23,342.50",0.06%
2/10/2018,"23,327.50",-0.02%
1/10/2018,"23,331.00",0.02%
28/09/2018,"23,327.50",-0.09%
27/09/2018,"23,347.50",0.00%
26/09/2018,"23,348.50",0.01%
25/09/2018,"23,345.50",0.03%
24/09/2018,"23,338.00",0.02%
21/09/2018,"23,333.50",0.05%
20/09/2018,"23,322.50",0.06%
19/09/2018,"23,307.50",0.11%
18/09/2018,"23,281.50",-0.04%
17/09/2018,"23,291.50",0.18%
14/09/2018,"23,248.50",-0.12%
13/09/2018,"23,277.00",-0.02%
12/9/2018,"23,281.00",-0.02%
11/9/2018,"23,285.50",-0.08%
10/9/2018,"23,303.00",0.00%
7/9/2018,"23,303.00",-0.05%
6/9/2018,"23,314.50",0.00%
5/9/2018,"23,314.00",0.00%
4/9/2018,"23,313.00",0.04%
3/9/2018,"23,304.00",0.00%
31/08/2018,"23,304.00",0.00%
30/08/2018,"23,303.00",0.01%
29/08/2018,"23,301.00",0.02%
28/08/2018,"23,296.50",0.01%
27/08/2018,"23,294.00",-0.04%
24/08/2018,"23,302.50",0.09%
23/08/2018,"23,282.00",0.03%
22/08/2018,"23,275.00",0.03%
21/08/2018,"23,269.00",-0.02%
20/08/2018,"23,273.00",-0.09%
17/08/2018,"23,294.00",-0.08%
16/08/2018,"23,313.00",0.00%
15/08/2018,"23,312.50",-0.01%
14/08/2018,"23,315.00",0.00%
13/08/2018,"23,315.00",0.16%
10/8/2018,"23,277.00",0.00%
9/8/2018,"23,277.50",-0.03%
8/8/2018,"23,284.00",-0.08%
7/8/2018,"23,303.00",-0.02%
6/8/2018,"23,307.50",0.01%
3/8/2018,"23,306.00",0.10%
2/8/2018,"23,282.50",-0.04%
1/8/2018,"23,291.50",0.04%
31/07/2018,"23,283.00",0.11%
30/07/2018,"23,257.50",0.11%
27/07/2018,"23,232.50",0.23%
26/07/2018,"23,180.00",-0.16%
25/07/2018,"23,217.50",-0.14%
24/07/2018,"23,251.00",0.11%
23/07/2018,"23,225.00",0.74%
20/07/2018,"23,054.00",0.01%
19/07/2018,"23,052.00",0.01%
18/07/2018,"23,049.50",-0.01%
17/07/2018,"23,051.00",0.00%
16/07/2018,"23,050.50",0.00%
13/07/2018,"23,051.00",0.01%
12/7/2018,"23,048.00",0.02%
11/7/2018,"23,044.00",0.02%
10/7/2018,"23,039.50",0.00%
9/7/2018,"23,039.00",0.01%
6/7/2018,"23,036.50",-0.02%
5/7/2018,"23,041.50",0.01%
4/7/2018,"23,039.00",-0.03%
3/7/2018,"23,046.00",0.40%
2/7/2018,"22,954.50",-0.02%
29/06/2018,"22,958.50",0.09%
28/06/2018,"22,937.50",0.00%
27/06/2018,"22,937.50",0.07%
26/06/2018,"22,921.00",0.10%
25/06/2018,"22,897.50",0.02%
22/06/2018,"22,892.50",0.07%
21/06/2018,"22,877.00",0.04%
20/06/2018,"22,867.50",0.06%
19/06/2018,"22,853.50",0.08%
18/06/2018,"22,836.00",0.09%
15/06/2018,"22,816.00",0.01%
14/06/2018,"22,813.00",0.00%
13/06/2018,"22,812.50",0.00%
12/6/2018,"22,813.50",-0.01%
11/6/2018,"22,815.50",0.10%
8/6/2018,"22,793.00",-0.04%
7/6/2018,"22,802.00",-0.02%
6/6/2018,"22,806.00",-0.10%
5/6/2018,"22,829.50",0.01%
4/6/2018,"22,827.00",0.13%
1/6/2018,"22,797.00",-0.04%
31/05/2018,"22,806.00",-0.21%
30/05/2018,"22,855.00",0.08%
29/05/2018,"22,837.50",0.10%
28/05/2018,"22,814.50",0.20%
25/05/2018,"22,770.00",-0.04%
24/05/2018,"22,778.00",0.02%
23/05/2018,"22,774.00",0.02%
22/05/2018,"22,769.50",-0.01%
21/05/2018,"22,771.50",-0.06%
18/05/2018,"22,785.50",0.05%
17/05/2018,"22,775.00",0.01%
16/05/2018,"22,772.50",0.01%
15/05/2018,"22,770.50",0.01%
14/05/2018,"22,767.50",-0.01%
11/5/2018,"22,770.00",0.00%
10/5/2018,"22,770.00",-0.03%
9/5/2018,"22,777.00",0.02%
8/5/2018,"22,772.50",0.02%
7/5/2018,"22,768.50",0.00%
4/5/2018,"22,768.50",0.03%
3/5/2018,"22,762.50",0.01%
2/5/2018,"22,761.00",-0.01%
1/5/2018,"22,763.50",0.00%
30/04/2018,"22,763.50",0.00%
27/04/2018,"22,763.50",-0.02%
26/04/2018,"22,767.00",-0.01%
25/04/2018,"22,769.00",0.00%
24/04/2018,"22,769.00",-0.01%
23/04/2018,"22,771.50",0.00%
20/04/2018,"22,772.00",-0.03%
19/04/2018,"22,779.00",0.02%
18/04/2018,"22,774.00",0.01%
17/04/2018,"22,772.50",-0.02%
16/04/2018,"22,777.50",-0.04%
13/04/2018,"22,786.50",-0.01%
12/4/2018,"22,788.50",-0.01%
11/4/2018,"22,790.50",-0.01%
10/4/2018,"22,792.50",0.00%
9/4/2018,"22,792.50",-0.04%
6/4/2018,"22,802.50",-0.05%
5/4/2018,"22,814.00",-0.01%
4/4/2018,"22,815.50",0.02%
3/4/2018,"22,810.00",0.08%
2/4/2018,"22,792.50",-0.01%
30/03/2018,"22,794.00",-0.07%
29/03/2018,"22,809.50",-0.04%
28/03/2018,"22,819.00",0.02%
27/03/2018,"22,815.50",0.02%
26/03/2018,"22,811.00",0.04%
23/03/2018,"22,803.00",0.04%
22/03/2018,"22,795.00",0.09%
21/03/2018,"22,774.00",0.00%
20/03/2018,"22,774.50",0.03%
19/03/2018,"22,767.00",0.01%
16/03/2018,"22,764.50",-0.01%
15/03/2018,"22,767.50",0.00%
14/03/2018,"22,766.50",0.02%
13/03/2018,"22,762.50",0.02%
12/3/2018,"22,758.50",-0.01%
9/3/2018,"22,761.00",0.02%
8/3/2018,"22,757.00",-0.01%
7/3/2018,"22,759.50",-0.04%
6/3/2018,"22,769.50",0.01%
5/3/2018,"22,766.50",0.02%
2/3/2018,"22,761.00",0.05%
1/3/2018,"22,750.50",-0.03%
28/02/2018,"22,757.00",0.03%
27/02/2018,"22,750.50",0.04%
26/02/2018,"22,742.00",0.01%
23/02/2018,"22,740.50",0.08%
22/02/2018,"22,722.50",0.02%
21/02/2018,"22,717.50",0.10%
20/02/2018,"22,695.00",-0.06%
19/02/2018,"22,707.50",0.00%
16/02/2018,"22,707.50",0.00%
15/02/2018,"22,707.50",0.00%
14/02/2018,"22,707.50",-0.02%
13/02/2018,"22,712.50",0.04%
12/2/2018,"22,704.50",0.01%
9/2/2018,"22,702.50",0.02%
8/2/2018,"22,699.00",-0.02%
7/2/2018,"22,703.50",-0.03%
6/2/2018,"22,710.00",0.01%
5/2/2018,"22,707.50",-0.01%
2/2/2018,"22,709.50",0.00%
1/2/2018,"22,709.50",0.00%
31/01/2018,"22,710.00",0.00%
30/01/2018,"22,710.00",0.00%
29/01/2018,"22,711.00",0.00%
26/01/2018,"22,710.50",-0.01%
25/01/2018,"22,713.50",0.01%
24/01/2018,"22,710.50",0.00%
23/01/2018,"22,710.50",0.00%
22/01/2018,"22,711.00",-0.01%
19/01/2018,"22,712.50",0.00%
18/01/2018,"22,713.50",0.00%
17/01/2018,"22,712.50",0.01%
16/01/2018,"22,710.50",0.00%
15/01/2018,"22,709.50",0.00%
12/1/2018,"22,709.50",0.01%
11/1/2018,"22,707.50",-0.03%
10/1/2018,"22,713.50",0.02%
9/1/2018,"22,709.50",-0.01%
8/1/2018,"22,712.50",0.01%
5/1/2018,"22,709.50",0.00%
4/1/2018,"22,710.20",0.01%
3/1/2018,"22,708.50",-0.01%
2/1/2018,"22,710.00",0.00%
1/1/2018,"22,710.00",0.00%
29/12/2017,"22,710.00",0.00%
28/12/2017,"22,710.50",0.00%
27/12/2017,"22,710.50",0.04%
26/12/2017,"22,702.50",-0.04%
25/12/2017,"22,711.00",-0.01%
22/12/2017,"22,713.50",-0.01%
21/12/2017,"22,715.00",0.01%
20/12/2017,"22,712.50",0.00%
19/12/2017,"22,713.50",0.00%
18/12/2017,"22,714.50",0.01%
15/12/2017,"22,712.50",-0.01%
14/12/2017,"22,715.00",0.01%
13/12/2017,"22,713.50",0.00%
12/12/2017,"22,713.50",0.02%
11/12/2017,"22,710.00",0.00%
8/12/2017,"22,710.50",-0.01%
7/12/2017,"22,713.50",-0.01%
6/12/2017,"22,715.00",0.00%
5/12/2017,"22,715.00",0.00%
4/12/2017,"22,714.50",0.01%
1/12/2017,"22,712.50",-0.02%
30/11/2017,"22,717.50",-0.01%
29/11/2017,"22,720.00",0.02%
28/11/2017,"22,715.00",-0.02%
27/11/2017,"22,720.00",-0.02%
24/11/2017,"22,725.00",-0.01%
23/11/2017,"22,727.50",0.02%
22/11/2017,"22,722.50",0.06%
21/11/2017,"22,710.00",0.00%
20/11/2017,"22,710.00",-0.01%
17/11/2017,"22,712.50",0.01%
16/11/2017,"22,711.00",0.00%
15/11/2017,"22,711.00",-0.02%
14/11/2017,"22,715.00",0.03%
13/11/2017,"22,707.50",-0.03%
10/11/2017,"22,713.50",0.00%
9/11/2017,"22,712.50",0.01%
8/11/2017,"22,710.00",-0.02%
7/11/2017,"22,713.50",-0.01%
6/11/2017,"22,715.00",0.01%
3/11/2017,"22,712.50",0.00%
2/11/2017,"22,712.50",0.00%
1/11/2017,"22,713.50",0.02%
31/10/2017,"22,710.00",0.00%
30/10/2017,"22,710.00",0.00%
27/10/2017,"22,710.00",-0.07%
26/10/2017,"22,725.00",0.00%
25/10/2017,"22,725.00",0.02%
24/10/2017,"22,719.50",-0.02%
23/10/2017,"22,723.50",0.02%
20/10/2017,"22,718.50",-0.02%
19/10/2017,"22,722.50",0.01%
18/10/2017,"22,719.50",0.00%
17/10/2017,"22,718.50",0.00%
16/10/2017,"22,717.50",-0.01%
13/10/2017,"22,720.00",0.00%
12/10/2017,"22,720.00",0.00%
11/10/2017,"22,719.00",-0.05%
10/10/2017,"22,730.00",0.02%
9/10/2017,"22,725.50",0.00%
6/10/2017,"22,725.00",0.00%
5/10/2017,"22,725.00",0.00%
4/10/2017,"22,725.00",0.00%
3/10/2017,"22,725.00",-0.01%
2/10/2017,"22,727.50",-0.01%
29/09/2017,"22,730.00",0.02%
28/09/2017,"22,725.00",-0.02%
27/09/2017,"22,730.00",0.00%
26/09/2017,"22,730.00",-0.02%
25/09/2017,"22,735.00",0.04%
22/09/2017,"22,725.00",0.00%
21/09/2017,"22,725.00",-0.01%
20/09/2017,"22,727.50",0.01%
19/09/2017,"22,725.00",0.00%
18/09/2017,"22,725.00",0.00%
15/09/2017,"22,725.00",0.00%
14/09/2017,"22,725.00",0.00%
13/09/2017,"22,725.00",0.00%
12/9/2017,"22,725.00",0.02%
11/9/2017,"22,720.00",-0.03%
8/9/2017,"22,726.00",0.00%
7/9/2017,"22,725.00",0.00%
6/9/2017,"22,725.00",-0.02%
5/9/2017,"22,728.50",-0.01%
4/9/2017,"22,730.00",0.00%
1/9/2017,"22,730.00",0.01%
31/08/2017,"22,727.50",-0.02%
30/08/2017,"22,732.50",-0.02%
29/08/2017,"22,737.50",0.01%
28/08/2017,"22,735.00",0.01%
25/08/2017,"22,732.50",-0.03%
24/08/2017,"22,738.50",0.02%
23/08/2017,"22,735.00",0.03%
22/08/2017,"22,728.50",0.00%
21/08/2017,"22,727.50",0.00%
18/08/2017,"22,728.50",0.00%
17/08/2017,"22,728.50",0.00%
16/08/2017,"22,727.50",0.00%
15/08/2017,"22,727.50",0.00%
14/08/2017,"22,727.50",0.00%
11/8/2017,"22,727.50",-0.03%
10/8/2017,"22,735.00",0.02%
9/8/2017,"22,729.50",-0.02%
8/8/2017,"22,735.00",0.00%
7/8/2017,"22,735.00",0.00%
4/8/2017,"22,735.00",0.01%
3/8/2017,"22,732.50",0.03%
2/8/2017,"22,725.00",0.00%
1/8/2017,"22,725.00",-0.01%
31/07/2017,"22,726.50",-0.01%
28/07/2017,"22,728.50",0.02%
27/07/2017,"22,725.00",-0.01%
26/07/2017,"22,727.50",-0.02%
25/07/2017,"22,732.50",0.01%
24/07/2017,"22,730.00",0.02%
21/07/2017,"22,725.00",-0.04%
20/07/2017,"22,735.00",0.00%
19/07/2017,"22,735.00",0.02%
18/07/2017,"22,730.00",0.00%
17/07/2017,"22,730.00",0.02%
14/07/2017,"22,725.00",0.00%
13/07/2017,"22,725.00",-0.01%
12/7/2017,"22,727.50",0.01%
11/7/2017,"22,725.00",0.00%
10/7/2017,"22,725.00",0.00%
7/7/2017,"22,725.00",-0.04%
6/7/2017,"22,735.00",-0.02%
5/7/2017,"22,740.00",0.02%
4/7/2017,"22,736.50",0.00%
3/7/2017,"22,735.50",0.05%
30/06/2017,"22,725.00",-0.03%
29/06/2017,"22,732.50",-0.03%
28/06/2017,"22,740.00",0.07%
27/06/2017,"22,725.00",0.00%
26/06/2017,"22,725.00",0.00%
23/06/2017,"22,725.00",0.07%
22/06/2017,"22,710.00",0.04%
21/06/2017,"22,700.00",-0.11%
20/06/2017,"22,725.00",0.04%
19/06/2017,"22,715.00",0.11%
16/06/2017,"22,690.00",0.00%
15/06/2017,"22,690.00",-0.07%
14/06/2017,"22,705.00",0.06%
13/06/2017,"22,692.50",0.00%
12/6/2017,"22,692.50",0.02%
9/6/2017,"22,687.50",-0.01%
8/6/2017,"22,690.00",-0.15%
7/6/2017,"22,725.00",0.00%
6/6/2017,"22,725.00",0.04%
5/6/2017,"22,715.00",0.00%
2/6/2017,"22,715.00",0.02%
1/6/2017,"22,710.00",-0.02%
31/05/2017,"22,715.00",-0.04%
30/05/2017,"22,725.00",-0.07%
29/05/2017,"22,741.00",0.07%
26/05/2017,"22,725.00",0.22%
25/05/2017,"22,675.00",0.06%
24/05/2017,"22,662.50",-0.17%
23/05/2017,"22,700.00",-0.06%
22/05/2017,"22,712.50",0.28%
19/05/2017,"22,650.00",-0.22%
18/05/2017,"22,700.00",0.11%
17/05/2017,"22,675.00",0.11%
16/05/2017,"22,650.00",-0.14%
15/05/2017,"22,681.00",-0.04%
12/5/2017,"22,691.00",-0.15%
11/5/2017,"22,724.50",-0.07%
10/5/2017,"22,740.00",0.03%
9/5/2017,"22,732.50",0.01%
8/5/2017,"22,730.00",-0.01%
5/5/2017,"22,732.50",-0.08%
4/5/2017,"22,750.00",0.03%
3/5/2017,"22,742.50",-0.03%
2/5/2017,"22,750.00",0.00%
1/5/2017,"22,750.00",0.03%
28/04/2017,"22,743.50",0.05%
27/04/2017,"22,732.00",-0.04%
26/04/2017,"22,741.50",-0.10%
25/04/2017,"22,765.00",0.20%
24/04/2017,"22,720.00",-0.01%
21/04/2017,"22,722.50",-0.03%
20/04/2017,"22,730.00",-0.04%
19/04/2017,"22,739.00",0.11%
18/04/2017,"22,715.00",-0.04%
17/04/2017,"22,725.00",-0.27%
14/04/2017,"22,787.50",0.47%
13/04/2017,"22,680.00",0.03%
12/4/2017,"22,672.50",0.08%
11/4/2017,"22,655.00",-0.13%
10/4/2017,"22,685.00",0.02%
7/4/2017,"22,680.00",-0.04%
6/4/2017,"22,690.00",0.00%
5/4/2017,"22,690.00",-0.02%
4/4/2017,"22,695.00",-0.18%
3/4/2017,"22,735.00",-0.09%
31/03/2017,"22,755.00",-0.07%
30/03/2017,"22,770.00",-0.02%
29/03/2017,"22,774.00",0.00%
28/03/2017,"22,775.00",0.00%
27/03/2017,"22,774.00",-0.06%
24/03/2017,"22,787.50",-0.03%
23/03/2017,"22,795.00",0.09%
22/03/2017,"22,774.00",-0.04%
21/03/2017,"22,782.50",-0.04%
20/03/2017,"22,792.50",0.04%
17/03/2017,"22,783.50",0.02%
16/03/2017,"22,780.00",-0.21%
15/03/2017,"22,827.50",0.10%
14/03/2017,"22,805.00",0.00%
13/03/2017,"22,805.00",0.02%
10/3/2017,"22,800.00",-0.01%
9/3/2017,"22,802.50",0.01%
8/3/2017,"22,800.00",-0.02%
7/3/2017,"22,805.00",0.00%
6/3/2017,"22,805.00",-0.16%
3/3/2017,"22,842.50",0.10%
2/3/2017,"22,820.00",0.09%
1/3/2017,"22,800.00",0.20%
28/02/2017,"22,755.00",-0.12%
27/02/2017,"22,782.00",-0.15%
24/02/2017,"22,816.00",-0.06%
23/02/2017,"22,830.00",-0.01%
22/02/2017,"22,832.50",0.00%
21/02/2017,"22,832.50",0.07%
20/02/2017,"22,815.50",0.09%
17/02/2017,"22,795.00",0.14%
16/02/2017,"22,762.50",-0.08%
15/02/2017,"22,780.00",0.15%
14/02/2017,"22,745.00",0.31%
13/02/2017,"22,675.00",0.13%
10/2/2017,"22,645.00",-0.11%
9/2/2017,"22,670.00",0.07%
8/2/2017,"22,655.00",0.20%
7/2/2017,"22,610.00",0.09%
6/2/2017,"22,590.00",-0.15%
3/2/2017,"22,625.00",-0.08%
2/2/2017,"22,642.50",0.22%
1/2/2017,"22,592.50",0.00%
31/01/2017,"22,592.50",0.00%
30/01/2017,"22,592.50",0.00%
27/01/2017,"22,592.50",0.00%
26/01/2017,"22,592.50",0.00%
25/01/2017,"22,592.50",0.08%
24/01/2017,"22,575.00",0.10%
23/01/2017,"22,552.50",-0.08%
20/01/2017,"22,571.00",0.03%
19/01/2017,"22,565.00",-0.04%
18/01/2017,"22,573.00",0.01%
17/01/2017,"22,571.00",0.00%
16/01/2017,"22,571.00",0.00%
13/01/2017,"22,570.00",0.00%
12/1/2017,"22,571.00",0.00%
11/1/2017,"22,572.00",0.00%
10/1/2017,"22,571.00",-0.05%
9/1/2017,"22,582.50",0.09%
6/1/2017,"22,562.50",-0.52%
5/1/2017,"22,680.00",-0.21%
4/1/2017,"22,727.50",-0.09%
3/1/2017,"22,747.50",-0.10%
2/1/2017,"22,771.00",0.00%
30/12/2016,"22,771.00",-0.03%
29/12/2016,"22,778.00",0.03%
28/12/2016,"22,771.00",0.03%
27/12/2016,"22,764.00",0.00%
26/12/2016,"22,763.00",0.02%
23/12/2016,"22,759.50",0.00%
22/12/2016,"22,760.00",-0.03%
21/12/2016,"22,767.00",0.02%
20/12/2016,"22,762.50",0.01%
19/12/2016,"22,760.00",0.04%
16/12/2016,"22,750.00",0.02%
15/12/2016,"22,745.00",0.13%
14/12/2016,"22,715.00",0.24%
13/12/2016,"22,660.00",0.17%
12/12/2016,"22,622.50",0.13%
9/12/2016,"22,592.50",-0.21%
8/12/2016,"22,640.00",-0.26%
7/12/2016,"22,700.00",-0.11%
6/12/2016,"22,725.00",0.04%
5/12/2016,"22,715.00",0.09%
2/12/2016,"22,695.00",0.04%
1/12/2016,"22,685.00",0.11%
30/11/2016,"22,660.00",-0.07%
29/11/2016,"22,675.00",-0.13%
28/11/2016,"22,705.00",-0.19%
25/11/2016,"22,748.50",-0.09%
24/11/2016,"22,770.00",0.67%
23/11/2016,"22,619.00",0.40%
22/11/2016,"22,529.50",-0.16%
21/11/2016,"22,565.00",0.33%
18/11/2016,"22,490.00",0.35%
17/11/2016,"22,411.50",0.07%
16/11/2016,"22,395.50",0.20%
15/11/2016,"22,350.50",0.02%
14/11/2016,"22,347.00",0.08%
11/11/2016,"22,330.00",0.05%
10/11/2016,"22,319.50",-0.03%
9/11/2016,"22,327.00",-0.09%
8/11/2016,"22,347.00",0.07%
7/11/2016,"22,331.00",0.06%
4/11/2016,"22,316.50",0.00%
3/11/2016,"22,316.50",0.00%
2/11/2016,"22,316.50",-0.03%
1/11/2016,"22,323.50",0.04%
31/10/2016,"22,315.00",-0.02%
28/10/2016,"22,318.50",-0.07%
27/10/2016,"22,335.00",-0.04%
26/10/2016,"22,344.50",0.08%
25/10/2016,"22,327.50",0.07%
24/10/2016,"22,312.00",-0.01%
21/10/2016,"22,314.00",0.04%
20/10/2016,"22,305.50",0.02%
19/10/2016,"22,302.00",-0.02%
18/10/2016,"22,306.00",-0.01%
17/10/2016,"22,309.00",0.03%
14/10/2016,"22,301.50",0.01%
13/10/2016,"22,299.00",0.02%
12/10/2016,"22,295.50",-0.02%
11/10/2016,"22,299.50",0.00%
10/10/2016,"22,300.00",0.02%
7/10/2016,"22,296.00",0.00%
6/10/2016,"22,297.00",-0.04%
5/10/2016,"22,305.00",0.02%
4/10/2016,"22,299.50",-0.02%
3/10/2016,"22,304.50",0.04%
30/09/2016,"22,295.50",0.01%
29/09/2016,"22,294.00",-0.04%
28/09/2016,"22,303.50",-0.08%
27/09/2016,"22,321.00",-0.02%
26/09/2016,"22,324.50",0.10%
23/09/2016,"22,301.50",-0.09%
22/09/2016,"22,320.50",-0.02%
21/09/2016,"22,326.00",0.05%
20/09/2016,"22,314.00",0.04%
19/09/2016,"22,305.50",-0.06%
16/09/2016,"22,319.00",0.02%
15/09/2016,"22,315.50",0.07%
14/09/2016,"22,301.00",0.04%
13/09/2016,"22,292.50",0.06%
12/9/2016,"22,280.00",-0.09%
9/9/2016,"22,300.50",0.03%
8/9/2016,"22,294.50",-0.03%
7/9/2016,"22,300.50",0.01%
6/9/2016,"22,298.00",-0.02%
5/9/2016,"22,301.50",0.08%
2/9/2016,"22,283.50",-0.04%
1/9/2016,"22,292.50",-0.06%
31/08/2016,"22,305.00",0.00%
30/08/2016,"22,304.00",0.00%
29/08/2016,"22,304.50",-0.07%
26/08/2016,"22,320.00",0.02%
25/08/2016,"22,316.50",0.02%
24/08/2016,"22,312.50",0.01%
23/08/2016,"22,311.00",0.07%
22/08/2016,"22,295.50",0.01%
19/08/2016,"22,293.50",0.00%
18/08/2016,"22,294.50",-0.02%
17/08/2016,"22,299.50",0.01%
16/08/2016,"22,297.00",-0.11%
15/08/2016,"22,321.00",0.09%
12/8/2016,"22,301.00",-0.08%
11/8/2016,"22,318.00",0.02%
10/8/2016,"22,314.00",0.02%
9/8/2016,"22,310.50",0.09%
8/8/2016,"22,291.00",-0.05%
5/8/2016,"22,302.50",0.03%
4/8/2016,"22,295.00",0.08%
3/8/2016,"22,277.00",-0.14%
2/8/2016,"22,308.00",0.08%
1/8/2016,"22,290.50",-0.04%
29/07/2016,"22,299.50",0.02%
28/07/2016,"22,296.00",-0.04%
27/07/2016,"22,305.00",0.02%
26/07/2016,"22,300.00",0.01%
25/07/2016,"22,297.00",0.01%
22/07/2016,"22,295.00",-0.01%
21/07/2016,"22,297.00",0.03%
20/07/2016,"22,291.00",-0.04%
19/07/2016,"22,300.00",0.04%
18/07/2016,"22,292.00",-0.10%
15/07/2016,"22,314.00",0.08%
14/07/2016,"22,297.00",0.01%
13/07/2016,"22,294.00",0.00%
12/7/2016,"22,295.00",0.00%
11/7/2016,"22,294.50",0.02%
8/7/2016,"22,290.50",-0.15%
7/7/2016,"22,323.00",0.00%
6/7/2016,"22,324.00",0.08%
5/7/2016,"22,306.50",0.00%
4/7/2016,"22,307.50",-0.07%
1/7/2016,"22,322.50",0.00%
30/06/2016,"22,322.50",0.07%
29/06/2016,"22,307.00",0.08%
28/06/2016,"22,290.00",-0.24%
27/06/2016,"22,344.50",0.06%
24/06/2016,"22,331.00",0.16%
23/06/2016,"22,295.50",0.00%
22/06/2016,"22,295.50",-0.48%
21/06/2016,"22,404.00",0.00%
20/06/2016,"22,404.00",0.00%
17/06/2016,"22,404.00",0.45%
16/06/2016,"22,303.00",-0.45%
15/06/2016,"22,404.00",-0.04%
14/06/2016,"22,414.00",0.00%
13/06/2016,"22,414.00",0.35%
10/6/2016,"22,335.00",0.00%
9/6/2016,"22,335.00",-0.03%
8/6/2016,"22,342.00",-0.04%
7/6/2016,"22,350.00",-0.29%
6/6/2016,"22,416.00",-0.08%
3/6/2016,"22,434.00",0.06%
2/6/2016,"22,420.00",-0.12%
1/6/2016,"22,446.50",0.29%
31/05/2016,"22,382.00",-0.15%
30/05/2016,"22,416.50",0.15%
27/05/2016,"22,383.00",0.06%
26/05/2016,"22,370.00",0.17%
25/05/2016,"22,332.50",0.04%
24/05/2016,"22,322.50",0.10%
23/05/2016,"22,301.00",-0.07%
20/05/2016,"22,317.50",0.02%
19/05/2016,"22,314.00",0.19%
18/05/2016,"22,272.00",-0.09%
17/05/2016,"22,291.00",0.09%
16/05/2016,"22,271.00",-0.21%
13/05/2016,"22,317.50",0.03%
12/5/2016,"22,310.00",0.15%
11/5/2016,"22,276.50",-0.03%
10/5/2016,"22,284.00",0.02%
9/5/2016,"22,280.50",0.04%
6/5/2016,"22,272.50",-0.08%
5/5/2016,"22,289.50",0.00%
4/5/2016,"22,289.50",0.00%
3/5/2016,"22,289.50",0.05%
2/5/2016,"22,279.00",-0.04%
29/04/2016,"22,288.00",-0.02%
28/04/2016,"22,292.50",0.11%
27/04/2016,"22,269.00",-0.05%
26/04/2016,"22,280.00",-0.06%
25/04/2016,"22,292.50",0.06%
22/04/2016,"22,279.00",-0.23%
21/04/2016,"22,330.00",-0.02%
20/04/2016,"22,333.50",0.00%
19/04/2016,"22,334.00",-0.02%
18/04/2016,"22,338.00",0.00%
15/04/2016,"22,339.00",0.00%
14/04/2016,"22,340.00",0.03%
13/04/2016,"22,333.00",0.08%
12/4/2016,"22,315.00",0.09%
11/4/2016,"22,295.00",0.00%
8/4/2016,"22,294.50",0.00%
7/4/2016,"22,295.00",-0.02%
6/4/2016,"22,300.00",-0.14%
5/4/2016,"22,331.00",0.00%
4/4/2016,"22,330.50",0.01%
1/4/2016,"22,329.00",0.02%
31/03/2016,"22,325.00",0.27%
30/03/2016,"22,264.50",-0.34%
29/03/2016,"22,341.50",0.00%
28/03/2016,"22,341.50",0.17%
25/03/2016,"22,302.50",-0.22%
24/03/2016,"22,351.50",-0.05%
23/03/2016,"22,362.50",0.28%
22/03/2016,"22,300.00",0.06%
21/03/2016,"22,287.00",-0.07%
18/03/2016,"22,303.00",0.14%
17/03/2016,"22,272.50",-0.10%
16/03/2016,"22,295.00",0.04%
15/03/2016,"22,287.00",-0.04%
14/03/2016,"22,295.50",0.06%
11/3/2016,"22,281.50",0.05%
10/3/2016,"22,270.00",-0.10%
9/3/2016,"22,291.50",0.01%
8/3/2016,"22,290.00",-0.26%
7/3/2016,"22,348.00",0.32%
4/3/2016,"22,277.50",-0.11%
3/3/2016,"22,302.00",-0.06%
2/3/2016,"22,315.00",0.06%
1/3/2016,"22,302.00",-0.22%
29/02/2016,"22,351.50",0.15%
26/02/2016,"22,317.50",-0.19%
25/02/2016,"22,360.50",-0.11%
24/02/2016,"22,385.00",0.04%
23/02/2016,"22,375.50",-0.01%
22/02/2016,"22,377.00",0.13%
19/02/2016,"22,348.50",-0.03%
18/02/2016,"22,355.00",-0.15%
17/02/2016,"22,388.50",-0.02%
16/02/2016,"22,392.00",0.10%
15/02/2016,"22,370.00",0.28%
12/2/2016,"22,308.00",0.14%
11/2/2016,"22,276.00",0.00%
10/2/2016,"22,277.00",0.05%
9/2/2016,"22,266.00",-0.04%
8/2/2016,"22,276.00",-0.04%
5/2/2016,"22,286.00",-0.01%
4/2/2016,"22,288.50",0.05%
3/2/2016,"22,276.50",-0.04%
2/2/2016,"22,285.50",0.07%
1/2/2016,"22,271.00",0.13%
29/01/2016,"22,241.00",0.05%
28/01/2016,"22,230.00",-0.29%
27/01/2016,"22,295.00",-0.17%
26/01/2016,"22,333.50",-0.10%
25/01/2016,"22,355.00",-0.45%
22/01/2016,"22,455.00",0.29%
21/01/2016,"22,391.00",-0.29%
20/01/2016,"22,457.00",0.01%
19/01/2016,"22,455.00",0.25%
18/01/2016,"22,400.00",-0.07%
15/01/2016,"22,416.50",-0.09%
14/01/2016,"22,437.50",0.14%
13/01/2016,"22,406.50",-0.10%
12/1/2016,"22,429.50",-0.10%
11/1/2016,"22,453.00",-0.05%
8/1/2016,"22,465.00",-0.04%
7/1/2016,"22,475.00",0.03%
6/1/2016,"22,467.50",-0.08%
5/1/2016,"22,485.00",0.00%
4/1/2016,"22,485.00",0.00%
1/1/2016,"22,485.00",0.00%
31/12/2015,"22,485.00",0.18%
30/12/2015,"22,445.00",-0.16%
29/12/2015,"22,480.00",-0.23%
28/12/2015,"22,532.00",-0.05%
25/12/2015,"22,543.50",0.05%
24/12/2015,"22,532.00",0.00%
23/12/2015,"22,532.00",-0.06%
22/12/2015,"22,546.50",0.00%
21/12/2015,"22,546.00",0.10%
18/12/2015,"22,523.50",-0.01%
17/12/2015,"22,525.00",-0.03%
16/12/2015,"22,532.00",-0.03%
15/12/2015,"22,538.50",0.07%
14/12/2015,"22,522.50",0.10%
11/12/2015,"22,500.00",0.09%
10/12/2015,"22,480.00",0.00%
9/12/2015,"22,480.00",0.04%
8/12/2015,"22,470.00",-0.07%
7/12/2015,"22,485.00",0.02%
4/12/2015,"22,480.00",-0.03%
3/12/2015,"22,487.50",-0.04%
2/12/2015,"22,497.50",0.03%
1/12/2015,"22,490.00",-0.07%
30/11/2015,"22,505.00",0.09%
27/11/2015,"22,485.00",-0.02%
26/11/2015,"22,490.00",-0.07%
25/11/2015,"22,505.00",0.00%
24/11/2015,"22,505.00",0.08%
23/11/2015,"22,487.50",0.07%
20/11/2015,"22,472.50",0.00%
19/11/2015,"22,472.50",0.03%
18/11/2015,"22,465.00",-0.06%
17/11/2015,"22,477.50",0.14%
16/11/2015,"22,445.00",0.12%
13/11/2015,"22,417.50",0.07%
12/11/2015,"22,402.50",0.06%
11/11/2015,"22,390.00",-0.07%
10/11/2015,"22,405.00",-0.10%
9/11/2015,"22,427.50",0.28%
6/11/2015,"22,364.00",0.06%
5/11/2015,"22,351.50",0.00%
4/11/2015,"22,351.00",0.00%
3/11/2015,"22,351.00",0.05%
2/11/2015,"22,340.00",0.02%
30/10/2015,"22,335.50",0.00%
29/10/2015,"22,335.50",0.02%
28/10/2015,"22,331.00",0.00%
27/10/2015,"22,332.00",-0.04%
26/10/2015,"22,340.00",-0.25%
23/10/2015,"22,395.00",0.49%
22/10/2015,"22,285.00",-0.49%
21/10/2015,"22,395.00",0.00%
20/10/2015,"22,395.00",0.00%
19/10/2015,"22,395.00",0.51%
16/10/2015,"22,281.00",-0.51%
15/10/2015,"22,395.00",0.00%
14/10/2015,"22,395.00",-0.07%
13/10/2015,"22,410.00",0.25%
12/10/2015,"22,355.00",0.52%
9/10/2015,"22,238.50",0.10%
8/10/2015,"22,216.00",-1.35%
7/10/2015,"22,519.00",0.00%
6/10/2015,"22,519.00",0.19%
5/10/2015,"22,477.00",0.00%
2/10/2015,"22,477.50",-0.18%
1/10/2015,"22,519.00",0.00%
30/09/2015,"22,519.00",0.01%
29/09/2015,"22,517.50",-0.03%
28/09/2015,"22,524.00",0.02%
25/09/2015,"22,519.00",0.13%
24/09/2015,"22,490.00",-0.15%
23/09/2015,"22,524.50",0.02%
22/09/2015,"22,520.00",0.04%
21/09/2015,"22,510.50",0.00%
18/09/2015,"22,509.50",0.00%
17/09/2015,"22,508.50",-0.04%
16/09/2015,"22,518.50",-0.06%
15/09/2015,"22,531.00",0.20%
14/09/2015,"22,487.00",-0.26%
11/9/2015,"22,544.50",0.00%
10/9/2015,"22,544.50",0.29%
9/9/2015,"22,480.00",-0.29%
8/9/2015,"22,544.50",0.34%
7/9/2015,"22,468.00",-0.02%
4/9/2015,"22,472.50",-0.08%
3/9/2015,"22,490.00",0.01%
2/9/2015,"22,487.50",0.00%
1/9/2015,"22,487.50",0.03%
31/08/2015,"22,481.50",0.08%
28/08/2015,"22,462.50",-0.36%
27/08/2015,"22,544.50",0.00%
26/08/2015,"22,544.50",-0.01%
25/08/2015,"22,546.50",0.01%
24/08/2015,"22,544.50",0.12%
21/08/2015,"22,518.50",0.55%
20/08/2015,"22,396.00",-0.02%
19/08/2015,"22,400.00",1.38%
18/08/2015,"22,095.00",0.00%
17/08/2015,"22,094.00",-0.04%
14/08/2015,"22,103.00",0.05%
13/08/2015,"22,092.00",0.28%
12/8/2015,"22,030.00",0.93%
11/8/2015,"21,827.50",0.02%
10/8/2015,"21,822.50",0.03%
7/8/2015,"21,815.00",0.00%
6/8/2015,"21,815.00",-0.05%
5/8/2015,"21,826.50",0.02%
4/8/2015,"21,823.00",0.02%
3/8/2015,"21,818.00",0.00%
31/07/2015,"21,818.00",0.00%
30/07/2015,"21,818.00",-0.01%
29/07/2015,"21,819.50",0.00%
28/07/2015,"21,820.50",-0.05%
27/07/2015,"21,831.00",0.03%
24/07/2015,"21,825.00",0.01%
23/07/2015,"21,822.00",0.00%
22/07/2015,"21,822.00",0.02%
21/07/2015,"21,818.50",-0.02%
20/07/2015,"21,823.50",0.03%
17/07/2015,"21,818.00",0.02%
16/07/2015,"21,814.00",0.00%
15/07/2015,"21,814.00",0.00%
14/07/2015,"21,814.00",0.00%
13/07/2015,"21,814.00",0.02%
10/7/2015,"21,810.00",-0.02%
9/7/2015,"21,814.00",0.00%
8/7/2015,"21,814.00",-0.11%
7/7/2015,"21,838.50",0.00%
6/7/2015,"21,838.50",0.15%
3/7/2015,"21,805.00",0.00%
2/7/2015,"21,805.00",0.00%
1/7/2015,"21,805.00",-0.16%
30/06/2015,"21,839.50",-0.01%
29/06/2015,"21,842.00",0.02%
26/06/2015,"21,838.50",0.00%
25/06/2015,"21,837.50",0.11%
24/06/2015,"21,812.50",0.03%
23/06/2015,"21,807.00",0.01%
22/06/2015,"21,805.00",0.00%
19/06/2015,"21,805.00",-0.02%
18/06/2015,"21,810.00",0.03%
17/06/2015,"21,802.50",0.00%
16/06/2015,"21,802.50",0.00%
15/06/2015,"21,802.50",0.01%
12/6/2015,"21,800.00",0.05%
11/6/2015,"21,790.00",-0.06%
10/6/2015,"21,802.50",-0.01%
9/6/2015,"21,805.00",-0.05%
8/6/2015,"21,815.00",0.01%
5/6/2015,"21,812.50",-0.02%
4/6/2015,"21,817.50",0.00%
3/6/2015,"21,817.50",0.00%
2/6/2015,"21,817.50",0.00%
1/6/2015,"21,817.50",0.01%
29/05/2015,"21,815.00",0.02%
28/05/2015,"21,810.00",0.00%
27/05/2015,"21,810.00",-0.07%
26/05/2015,"21,825.00",-0.05%
25/05/2015,"21,835.00",0.14%
22/05/2015,"21,805.00",-0.03%
21/05/2015,"21,812.50",0.01%
20/05/2015,"21,810.00",0.03%
19/05/2015,"21,802.50",0.05%
18/05/2015,"21,792.50",0.13%
15/05/2015,"21,765.00",-0.14%
14/05/2015,"21,795.00",0.25%
13/05/2015,"21,740.00",0.14%
12/5/2015,"21,710.00",0.00%
11/5/2015,"21,710.00",0.14%
8/5/2015,"21,680.00",0.00%
7/5/2015,"21,680.00",0.16%
6/5/2015,"21,645.00",0.00%
5/5/2015,"21,645.00",0.07%
4/5/2015,"21,630.00",0.19%
1/5/2015,"21,590.00",0.00%
30/04/2015,"21,590.00",0.00%
29/04/2015,"21,590.00",0.00%
28/04/2015,"21,590.00",0.00%
27/04/2015,"21,590.00",-0.02%
24/04/2015,"21,595.00",0.02%
23/04/2015,"21,590.00",0.02%
22/04/2015,"21,586.00",0.00%
21/04/2015,"21,585.00",0.01%
20/04/2015,"21,582.50",-0.03%
17/04/2015,"21,590.00",-0.06%
16/04/2015,"21,603.50",-0.03%
15/04/2015,"21,610.00",0.05%
14/04/2015,"21,600.00",-0.02%
13/04/2015,"21,605.00",0.00%
10/4/2015,"21,605.00",0.00%
9/4/2015,"21,605.00",0.00%
8/4/2015,"21,605.00",0.00%
7/4/2015,"21,605.00",0.05%
6/4/2015,"21,595.00",0.00%
3/4/2015,"21,595.00",0.02%
2/4/2015,"21,590.00",0.12%
1/4/2015,"21,565.00",0.05%
31/03/2015,"21,555.00",0.05%
30/03/2015,"21,545.00",0.05%
27/03/2015,"21,535.00",0.09%
26/03/2015,"21,515.00",0.05%
25/03/2015,"21,505.00",-0.16%
24/03/2015,"21,540.00",0.07%
23/03/2015,"21,525.00",0.14%
20/03/2015,"21,495.00",0.05%
19/03/2015,"21,485.00",-0.12%
18/03/2015,"21,510.00",0.16%
17/03/2015,"21,475.00",-0.02%
16/03/2015,"21,480.00",0.42%
13/03/2015,"21,390.00",0.12%
12/3/2015,"21,365.00",0.05%
11/3/2015,"21,355.00",-0.02%
10/3/2015,"21,360.00",0.02%
9/3/2015,"21,355.00",0.02%
6/3/2015,"21,350.00",-0.02%
5/3/2015,"21,355.00",-0.05%
4/3/2015,"21,365.00",0.08%
3/3/2015,"21,347.50",0.00%
2/3/2015,"21,347.50",0.00%
27/02/2015,"21,347.50",-0.08%
26/02/2015,"21,365.00",0.00%
25/02/2015,"21,365.00",0.12%
24/02/2015,"21,340.00",0.05%
23/02/2015,"21,330.00",0.00%
20/02/2015,"21,330.00",0.00%
19/02/2015,"21,330.00",0.00%
18/02/2015,"21,330.00",0.00%
17/02/2015,"21,330.00",0.00%
16/02/2015,"21,330.00",0.00%
13/02/2015,"21,330.00",0.20%
12/2/2015,"21,287.50",-0.14%
11/2/2015,"21,318.00",0.72%
10/2/2015,"21,165.00",-0.90%
9/2/2015,"21,357.50",0.35%
6/2/2015,"21,282.00",-0.01%
5/2/2015,"21,284.00",-0.58%
4/2/2015,"21,408.00",0.81%
3/2/2015,"21,235.00",-0.09%
2/2/2015,"21,254.00",-0.30%
30/01/2015,"21,317.00",0.17%
29/01/2015,"21,280.00",-0.30%
28/01/2015,"21,345.00",0.00%
27/01/2015,"21,345.00",0.00%
26/01/2015,"21,345.00",-0.02%
23/01/2015,"21,350.00",-0.05%
22/01/2015,"21,360.00",-0.09%
21/01/2015,"21,380.00",0.09%
20/01/2015,"21,360.00",0.02%
19/01/2015,"21,355.00",0.07%
16/01/2015,"21,340.00",-0.02%
15/01/2015,"21,345.00",0.02%
14/01/2015,"21,340.00",-0.02%
13/01/2015,"21,345.00",0.00%
12/1/2015,"21,345.00",-0.12%
9/1/2015,"21,370.00",-0.08%
8/1/2015,"21,387.50",-0.24%
7/1/2015,"21,440.00",0.02%
6/1/2015,"21,436.50",0.23%
5/1/2015,"21,387.50",0.00%
2/1/2015,"21,387.50",0.00%
1/1/2015,"21,387.50",0.00%
31/12/2014,"21,387.50",-0.02%
30/12/2014,"21,392.50",0.19%
29/12/2014,"21,352.50",-0.16%
26/12/2014,"21,387.50",-0.06%
25/12/2014,"21,400.00",0.06%
24/12/2014,"21,387.50",0.01%
23/12/2014,"21,385.00",0.00%
22/12/2014,"21,385.00",0.05%
19/12/2014,"21,375.00",-0.06%
18/12/2014,"21,387.50",0.00%
17/12/2014,"21,387.50",0.02%
16/12/2014,"21,382.50",-0.02%
15/12/2014,"21,387.50",0.00%
12/12/2014,"21,387.50",0.11%
11/12/2014,"21,365.00",0.00%
10/12/2014,"21,365.00",0.00%
9/12/2014,"21,365.00",0.12%
8/12/2014,"21,340.00",0.02%
5/12/2014,"21,335.00",-0.02%
4/12/2014,"21,340.00",-0.12%
3/12/2014,"21,365.00",-0.09%
2/12/2014,"21,385.00",-0.06%
1/12/2014,"21,397.50",0.21%
28/11/2014,"21,352.50",-0.20%
27/11/2014,"21,395.00",0.02%
26/11/2014,"21,390.00",0.02%
25/11/2014,"21,385.00",0.14%
24/11/2014,"21,355.00",-0.09%
21/11/2014,"21,375.00",0.11%
20/11/2014,"21,352.50",0.01%
19/11/2014,"21,350.00",-0.18%
18/11/2014,"21,387.50",0.20%
17/11/2014,"21,345.00",0.09%
14/11/2014,"21,325.00",0.00%
13/11/2014,"21,325.00",0.14%
12/11/2014,"21,295.00",0.00%
11/11/2014,"21,295.00",0.20%
10/11/2014,"21,252.50",-0.20%
7/11/2014,"21,295.00",0.05%
6/11/2014,"21,285.00",0.03%
5/11/2014,"21,279.00",-0.05%
4/11/2014,"21,290.00",-0.02%
3/11/2014,"21,295.00",0.07%
31/10/2014,"21,280.00",0.09%
30/10/2014,"21,260.00",-0.05%
29/10/2014,"21,270.00",-0.05%
28/10/2014,"21,280.00",-0.02%
27/10/2014,"21,285.00",0.05%
24/10/2014,"21,275.00",0.05%
23/10/2014,"21,265.00",0.09%
22/10/2014,"21,245.00",-0.09%
21/10/2014,"21,265.00",0.05%
20/10/2014,"21,255.00",0.05%
17/10/2014,"21,245.00",0.02%
16/10/2014,"21,240.00",-0.02%
15/10/2014,"21,245.00",0.12%
14/10/2014,"21,220.00",0.02%
13/10/2014,"21,215.00",-0.04%
10/10/2014,"21,222.50",0.04%
9/10/2014,"21,215.00",-0.24%
8/10/2014,"21,265.00",-0.09%
7/10/2014,"21,285.00",0.00%
6/10/2014,"21,285.00",0.18%
3/10/2014,"21,247.50",-0.06%
2/10/2014,"21,260.00",0.14%
1/10/2014,"21,230.00",0.05%
30/09/2014,"21,220.00",-0.01%
29/09/2014,"21,222.00",0.02%
26/09/2014,"21,217.50",0.00%
25/09/2014,"21,217.50",0.01%
24/09/2014,"21,215.00",-0.05%
23/09/2014,"21,225.00",0.05%
22/09/2014,"21,215.00",0.05%
19/09/2014,"21,205.00",-0.01%
18/09/2014,"21,207.50",0.04%
17/09/2014,"21,200.00",0.01%
16/09/2014,"21,197.50",0.00%
15/09/2014,"21,197.50",0.00%
12/9/2014,"21,197.50",-0.04%
11/9/2014,"21,205.00",0.02%
10/9/2014,"21,200.00",0.00%
9/9/2014,"21,200.00",0.02%
8/9/2014,"21,195.00",0.00%
5/9/2014,"21,195.00",0.01%
4/9/2014,"21,192.50",-0.11%
3/9/2014,"21,215.00",0.09%
2/9/2014,"21,195.00",0.00%
1/9/2014,"21,195.00",0.00%
29/08/2014,"21,195.00",0.00%
28/08/2014,"21,195.00",0.00%
27/08/2014,"21,195.00",-0.07%
26/08/2014,"21,210.00",0.02%
25/08/2014,"21,205.00",0.04%
22/08/2014,"21,197.50",0.00%
21/08/2014,"21,197.50",0.00%
20/08/2014,"21,197.50",0.00%
19/08/2014,"21,197.50",0.00%
18/08/2014,"21,197.50",-0.01%
15/08/2014,"21,200.00",0.00%
14/08/2014,"21,200.00",-0.02%
13/08/2014,"21,205.00",0.04%
12/8/2014,"21,197.50",-0.06%
11/8/2014,"21,210.00",-0.05%
8/8/2014,"21,220.00",0.00%
7/8/2014,"21,220.00",0.02%
6/8/2014,"21,215.00",-0.07%
5/8/2014,"21,230.00",0.00%
4/8/2014,"21,230.00",0.08%
1/8/2014,"21,214.00",-0.02%
31/07/2014,"21,217.50",-0.06%
30/07/2014,"21,230.00",0.00%
29/07/2014,"21,230.00",0.01%
28/07/2014,"21,227.50",0.00%
25/07/2014,"21,227.50",-0.06%
24/07/2014,"21,240.00",0.05%
23/07/2014,"21,230.00",0.05%
22/07/2014,"21,220.00",0.00%
21/07/2014,"21,220.00",0.02%
18/07/2014,"21,215.00",0.08%
17/07/2014,"21,197.50",0.00%
16/07/2014,"21,197.50",-0.01%
15/07/2014,"21,200.00",0.05%
14/07/2014,"21,190.00",-0.05%
11/7/2014,"21,200.00",-0.01%
10/7/2014,"21,202.50",-0.21%
9/7/2014,"21,247.50",-0.07%
8/7/2014,"21,262.50",-0.06%
7/7/2014,"21,275.00",-0.07%
4/7/2014,"21,290.00",-0.05%
3/7/2014,"21,300.00",-0.09%
2/7/2014,"21,320.00",-0.05%
1/7/2014,"21,330.00",0.00%
30/06/2014,"21,330.00",0.00%
27/06/2014,"21,330.00",0.00%
26/06/2014,"21,330.00",0.00%
25/06/2014,"21,330.00",-0.01%
24/06/2014,"21,332.50",-0.01%
23/06/2014,"21,335.00",0.12%
20/06/2014,"21,310.00",-0.03%
19/06/2014,"21,316.00",0.49%
18/06/2014,"21,212.50",-0.04%
17/06/2014,"21,220.00",0.02%
16/06/2014,"21,215.00",-0.04%
13/06/2014,"21,222.50",0.01%
12/6/2014,"21,220.00",0.00%
11/6/2014,"21,220.50",0.04%
10/6/2014,"21,212.50",-0.01%
9/6/2014,"21,215.00",0.14%
6/6/2014,"21,185.00",-0.09%
5/6/2014,"21,205.00",0.02%
4/6/2014,"21,200.00",-0.07%
3/6/2014,"21,215.00",0.19%
2/6/2014,"21,175.00",0.08%
30/05/2014,"21,157.50",-0.04%
29/05/2014,"21,165.00",0.00%
28/05/2014,"21,165.00",0.09%
27/05/2014,"21,145.00",0.00%
26/05/2014,"21,145.00",-0.01%
23/05/2014,"21,147.50",0.06%
22/05/2014,"21,135.00",-0.09%
21/05/2014,"21,155.00",0.00%
20/05/2014,"21,155.00",0.11%
19/05/2014,"21,132.50",-0.15%
16/05/2014,"21,165.00",0.20%
15/05/2014,"21,122.50",0.07%
14/05/2014,"21,107.50",0.05%
13/05/2014,"21,097.50",0.00%
12/5/2014,"21,097.50",-0.01%
9/5/2014,"21,100.00",-0.01%
8/5/2014,"21,102.50",0.05%
7/5/2014,"21,092.50",-0.09%
6/5/2014,"21,112.50",0.09%
5/5/2014,"21,092.50",0.05%
2/5/2014,"21,082.50",0.00%
1/5/2014,"21,082.50",0.00%
30/04/2014,"21,082.50",0.00%
29/04/2014,"21,082.50",-0.05%
28/04/2014,"21,092.50",-0.04%
25/04/2014,"21,100.00",-0.04%
24/04/2014,"21,107.50",-0.02%
23/04/2014,"21,112.50",0.07%
22/04/2014,"21,097.50",0.00%
21/04/2014,"21,097.50",0.00%
18/04/2014,"21,097.50",0.00%
17/04/2014,"21,097.50",0.00%
16/04/2014,"21,097.50",0.00%
15/04/2014,"21,096.50",0.00%
14/04/2014,"21,097.50",0.00%
11/4/2014,"21,097.20",0.01%
10/4/2014,"21,095.00",0.00%
9/4/2014,"21,095.00",0.00%
8/4/2014,"21,095.00",0.00%
7/4/2014,"21,095.00",0.01%
4/4/2014,"21,092.50",0.00%
3/4/2014,"21,092.50",-0.01%
2/4/2014,"21,095.00",-0.01%
1/4/2014,"21,097.50",0.00%
31/03/2014,"21,097.50",-0.05%
28/03/2014,"21,107.50",0.02%
27/03/2014,"21,102.50",0.02%
26/03/2014,"21,097.50",0.01%
25/03/2014,"21,095.00",-0.01%
24/03/2014,"21,097.50",0.00%
21/03/2014,"21,097.50",0.00%
20/03/2014,"21,097.50",0.00%
19/03/2014,"21,097.50",0.00%
18/03/2014,"21,097.50",0.02%
17/03/2014,"21,092.50",-0.04%
14/03/2014,"21,100.00",0.00%
13/03/2014,"21,100.00",0.00%
12/3/2014,"21,100.00",0.00%
11/3/2014,"21,100.00",0.00%
10/3/2014,"21,100.00",0.00%
7/3/2014,"21,100.00",0.00%
6/3/2014,"21,100.00",0.00%
5/3/2014,"21,100.00",0.00%
4/3/2014,"21,100.00",-0.01%
3/3/2014,"21,102.50",0.01%
28/02/2014,"21,100.00",0.00%
27/02/2014,"21,100.00",0.00%
26/02/2014,"21,100.00",-0.02%
25/02/2014,"21,105.00",0.00%
24/02/2014,"21,105.00",0.00%
21/02/2014,"21,105.00",0.02%
20/02/2014,"21,100.00",0.00%
19/02/2014,"21,100.00",0.00%
18/02/2014,"21,100.00",-0.02%
17/02/2014,"21,105.00",0.02%
14/02/2014,"21,100.00",-0.04%
13/02/2014,"21,107.50",0.01%
12/2/2014,"21,105.00",0.00%
11/2/2014,"21,105.00",0.00%
10/2/2014,"21,105.00",0.00%
7/2/2014,"21,105.00",0.00%
6/2/2014,"21,105.00",-0.02%
5/2/2014,"21,110.00",0.24%
4/2/2014,"21,060.00",0.00%
3/2/2014,"21,060.00",0.00%
31/01/2014,"21,060.00",0.00%
30/01/2014,"21,060.00",0.00%
29/01/2014,"21,060.00",0.00%
28/01/2014,"21,060.00",0.00%
27/01/2014,"21,060.00",-0.12%
24/01/2014,"21,085.00",0.00%
23/01/2014,"21,085.00",-0.02%
22/01/2014,"21,090.00",-0.02%
21/01/2014,"21,095.00",0.02%
20/01/2014,"21,090.00",0.00%
17/01/2014,"21,090.00",-0.05%
16/01/2014,"21,100.00",0.05%
15/01/2014,"21,090.00",0.00%
14/01/2014,"21,091.00",0.00%
13/01/2014,"21,090.00",0.00%
10/1/2014,"21,091.00",-0.02%
9/1/2014,"21,095.00",-0.02%
8/1/2014,"21,100.00",0.02%
7/1/2014,"21,095.00",-0.02%
6/1/2014,"21,100.00",0.02%
3/1/2014,"21,095.00",-0.07%
2/1/2014,"21,110.00",0.07%
1/1/2014,"21,095.00",0.00%
31/12/2013,"21,095.00",-0.02%
30/12/2013,"21,100.00",0.02%
27/12/2013,"21,095.00",0.00%
26/12/2013,"21,095.00",0.00%
25/12/2013,"21,095.00",-0.03%
24/12/2013,"21,101.00",-0.03%
23/12/2013,"21,107.50",-0.04%
20/12/2013,"21,115.00",0.05%
19/12/2013,"21,103.50",-0.01%
18/12/2013,"21,105.00",-0.07%
17/12/2013,"21,120.00",0.06%
16/12/2013,"21,107.50",0.00%
13/12/2013,"21,108.50",0.02%
12/12/2013,"21,105.00",-0.05%
11/12/2013,"21,115.00",-0.02%
10/12/2013,"21,120.00",0.00%
9/12/2013,"21,120.00",-0.09%
6/12/2013,"21,140.00",0.00%
5/12/2013,"21,140.00",0.09%
4/12/2013,"21,120.00",0.00%
3/12/2013,"21,120.00",0.09%
2/12/2013,"21,100.00",-0.09%
29/11/2013,"21,120.00",0.05%
28/11/2013,"21,110.00",-0.03%
27/11/2013,"21,117.00",0.08%
26/11/2013,"21,100.00",0.00%
25/11/2013,"21,100.00",0.00%
22/11/2013,"21,100.00",0.00%
21/11/2013,"21,100.00",0.01%
20/11/2013,"21,097.50",-0.04%
19/11/2013,"21,105.00",0.00%
18/11/2013,"21,105.00",0.02%
15/11/2013,"21,100.00",-0.04%
14/11/2013,"21,107.50",0.05%
13/11/2013,"21,097.50",0.00%
12/11/2013,"21,097.50",0.00%
11/11/2013,"21,097.50",-0.01%
8/11/2013,"21,100.00",0.00%
7/11/2013,"21,100.00",0.00%
6/11/2013,"21,100.00",0.00%
5/11/2013,"21,100.00",0.00%
4/11/2013,"21,100.00",0.00%
1/11/2013,"21,100.00",0.00%
31/10/2013,"21,100.00",0.00%
30/10/2013,"21,100.00",0.00%
29/10/2013,"21,100.00",0.00%
28/10/2013,"21,100.00",0.01%
25/10/2013,"21,097.50",-0.01%
24/10/2013,"21,100.00",0.00%
23/10/2013,"21,100.00",-0.02%
22/10/2013,"21,105.00",-0.01%
21/10/2013,"21,107.50",-0.04%
18/10/2013,"21,115.00",0.00%
17/10/2013,"21,115.00",-0.02%
16/10/2013,"21,120.00",0.07%
15/10/2013,"21,105.00",0.00%
14/10/2013,"21,105.00",0.02%
11/10/2013,"21,100.00",0.00%
10/10/2013,"21,100.00",-0.07%
9/10/2013,"21,115.00",-0.02%
8/10/2013,"21,120.00",-0.02%
7/10/2013,"21,125.00",0.02%
4/10/2013,"21,120.00",-0.02%
3/10/2013,"21,125.00",0.00%
2/10/2013,"21,125.00",0.02%
1/10/2013,"21,120.00",0.04%
30/09/2013,"21,112.50",0.00%
27/09/2013,"21,113.50",-0.01%
26/09/2013,"21,115.00",-0.02%
25/09/2013,"21,120.00",0.00%
24/09/2013,"21,120.00",0.05%
23/09/2013,"21,110.00",0.00%
20/09/2013,"21,110.00",-0.12%
19/09/2013,"21,135.00",-0.05%
18/09/2013,"21,145.00",0.13%
17/09/2013,"21,117.50",-0.04%
16/09/2013,"21,125.00",0.05%
13/09/2013,"21,115.00",0.00%
12/9/2013,"21,115.00",0.01%
11/9/2013,"21,112.50",-0.01%
10/9/2013,"21,115.00",-0.12%
9/9/2013,"21,140.00",-0.07%
6/9/2013,"21,155.00",0.00%
5/9/2013,"21,155.00",-0.05%
4/9/2013,"21,165.00",0.07%
3/9/2013,"21,150.00",-0.02%
2/9/2013,"21,155.00",0.00%
30/08/2013,"21,155.00",0.00%
29/08/2013,"21,155.00",-0.02%
28/08/2013,"21,160.00",-0.05%
27/08/2013,"21,170.00",-0.05%
26/08/2013,"21,180.00",0.09%
23/08/2013,"21,160.00",0.07%
22/08/2013,"21,145.00",0.21%
21/08/2013,"21,100.00",0.00%
20/08/2013,"21,100.00",0.02%
19/08/2013,"21,095.00",-0.01%
16/08/2013,"21,097.50",0.02%
15/08/2013,"21,092.50",0.00%
14/08/2013,"21,092.50",-0.04%
13/08/2013,"21,100.00",-0.02%
12/8/2013,"21,105.00",0.02%
9/8/2013,"21,100.00",-0.05%
8/8/2013,"21,110.00",0.14%
7/8/2013,"21,080.00",-0.07%
6/8/2013,"21,095.00",-0.12%
5/8/2013,"21,120.00",-0.07%
2/8/2013,"21,135.00",-0.12%
1/8/2013,"21,160.00",-0.07%
31/07/2013,"21,175.00",-0.06%
30/07/2013,"21,188.00",-0.15%
29/07/2013,"21,220.00",0.03%
26/07/2013,"21,213.00",-0.06%
25/07/2013,"21,225.50",0.01%
24/07/2013,"21,223.00",0.00%
23/07/2013,"21,223.00",0.00%
22/07/2013,"21,223.00",0.00%
19/07/2013,"21,223.00",-0.09%
18/07/2013,"21,243.00",0.02%
17/07/2013,"21,238.00",0.07%
16/07/2013,"21,222.50",-0.03%
15/07/2013,"21,228.00",0.02%
12/7/2013,"21,223.00",-0.05%
11/7/2013,"21,233.00",-0.05%
10/7/2013,"21,243.00",0.00%
9/7/2013,"21,243.00",0.18%
8/7/2013,"21,205.00",-0.16%
5/7/2013,"21,238.00",0.02%
4/7/2013,"21,233.00",0.07%
3/7/2013,"21,217.50",0.13%
2/7/2013,"21,190.00",0.05%
1/7/2013,"21,180.00",-0.12%
28/06/2013,"21,205.00",0.89%
27/06/2013,"21,018.00",-0.08%
26/06/2013,"21,035.50",0.00%
25/06/2013,"21,035.50",0.00%
24/06/2013,"21,035.50",0.00%
21/06/2013,"21,035.50",0.00%
20/06/2013,"21,035.50",0.00%
19/06/2013,"21,035.50",0.00%
18/06/2013,"21,035.50",0.01%
17/06/2013,"21,033.00",0.14%
14/06/2013,"21,003.00",-0.15%
13/06/2013,"21,035.50",0.08%
12/6/2013,"21,018.00",-0.05%
11/6/2013,"21,028.00",0.05%
10/6/2013,"21,018.00",0.00%
7/6/2013,"21,018.00",0.02%
6/6/2013,"21,013.00",-0.02%
5/6/2013,"21,018.00",0.05%
4/6/2013,"21,008.00",0.01%
3/6/2013,"21,005.00",-0.04%
31/05/2013,"21,013.00",0.02%
30/05/2013,"21,008.00",0.00%
29/05/2013,"21,008.00",0.05%
28/05/2013,"20,998.00",-0.01%
27/05/2013,"21,000.00",0.14%
24/05/2013,"20,970.00",-0.14%
23/05/2013,"21,000.00",0.00%
22/05/2013,"21,000.00",0.31%
21/05/2013,"20,935.00",-0.28%
20/05/2013,"20,993.00",0.04%
17/05/2013,"20,985.00",0.21%
16/05/2013,"20,940.00",0.00%
15/05/2013,"20,940.00",0.00%
14/05/2013,"20,940.00",0.00%
13/05/2013,"20,939.00",0.00%
10/5/2013,"20,940.00",-0.02%
9/5/2013,"20,945.00",0.05%
8/5/2013,"20,935.00",0.00%
7/5/2013,"20,935.00",0.00%
6/5/2013,"20,935.00",-0.02%
3/5/2013,"20,940.00",0.02%
2/5/2013,"20,935.00",0.46%
1/5/2013,"20,840.00",0.00%
30/04/2013,"20,840.00",0.00%
29/04/2013,"20,840.00",0.00%
26/04/2013,"20,840.00",-0.36%
25/04/2013,"20,915.00",-0.05%
24/04/2013,"20,925.00",0.00%
23/04/2013,"20,925.00",0.00%
22/04/2013,"20,925.00",0.13%
19/04/2013,"20,897.50",0.00%
18/04/2013,"20,897.50",0.06%
17/04/2013,"20,885.50",-0.19%
16/04/2013,"20,925.00",0.12%
15/04/2013,"20,900.00",0.22%
12/4/2013,"20,855.00",0.00%
11/4/2013,"20,855.00",0.00%
10/4/2013,"20,855.00",-0.24%
9/4/2013,"20,905.00",-0.10%
8/4/2013,"20,925.00",0.00%
5/4/2013,"20,925.00",0.00%
4/4/2013,"20,925.00",-0.05%
3/4/2013,"20,935.00",0.00%
2/4/2013,"20,935.00",-0.04%
1/4/2013,"20,942.50",-0.04%
29/03/2013,"20,950.00",0.04%
28/03/2013,"20,942.50",0.04%
27/03/2013,"20,935.00",-0.05%
26/03/2013,"20,945.00",0.00%
25/03/2013,"20,945.00",0.02%
22/03/2013,"20,940.00",-0.02%
21/03/2013,"20,943.50",-0.01%
20/03/2013,"20,945.00",-0.01%
19/03/2013,"20,947.50",0.01%
18/03/2013,"20,945.00",-0.02%
15/03/2013,"20,950.00",0.05%
14/03/2013,"20,940.00",-0.02%
13/03/2013,"20,945.00",0.00%
12/3/2013,"20,945.00",0.05%
11/3/2013,"20,935.00",0.00%
8/3/2013,"20,935.00",0.00%
7/3/2013,"20,935.00",-0.07%
6/3/2013,"20,950.00",-0.20%
5/3/2013,"20,993.00",0.13%
4/3/2013,"20,965.00",0.19%
1/3/2013,"20,925.00",-0.14%
28/02/2013,"20,955.00",0.07%
27/02/2013,"20,940.00",0.24%
26/02/2013,"20,890.00",0.02%
25/02/2013,"20,885.00",-0.02%
22/02/2013,"20,890.00",-0.02%
21/02/2013,"20,895.00",0.12%
20/02/2013,"20,870.00",0.10%
19/02/2013,"20,850.00",0.10%
18/02/2013,"20,830.00",-0.07%
15/02/2013,"20,845.00",0.00%
14/02/2013,"20,845.00",0.00%
13/02/2013,"20,845.00",0.00%
12/2/2013,"20,845.00",0.00%
11/2/2013,"20,845.00",0.00%
8/2/2013,"20,845.00",0.10%
7/2/2013,"20,825.00",-0.02%
6/2/2013,"20,830.00",0.00%
5/2/2013,"20,830.00",-0.02%
4/2/2013,"20,835.00",0.01%
1/2/2013,"20,832.50",-0.04%
31/01/2013,"20,840.00",0.02%
30/01/2013,"20,835.00",-0.06%
29/01/2013,"20,847.50",0.04%
28/01/2013,"20,840.00",0.00%
25/01/2013,"20,840.00",-0.02%
24/01/2013,"20,845.00",0.00%
23/01/2013,"20,845.00",0.00%
22/01/2013,"20,845.00",0.00%
21/01/2013,"20,845.00",0.00%
18/01/2013,"20,845.00",0.00%
17/01/2013,"20,845.00",0.00%
16/01/2013,"20,845.00",0.01%
15/01/2013,"20,842.00",0.00%
14/01/2013,"20,842.00",-0.04%
11/1/2013,"20,850.00",0.05%
10/1/2013,"20,840.00",0.00%
9/1/2013,"20,840.00",0.00%
8/1/2013,"20,840.00",0.00%
7/1/2013,"20,840.00",-0.01%
4/1/2013,"20,842.50",0.01%
3/1/2013,"20,840.00",0.00%
2/1/2013,"20,840.00",0.00%
1/1/2013,"20,840.00",0.00%
31/12/2012,"20,840.00",0.00%
28/12/2012,"20,840.00",0.02%
27/12/2012,"20,836.50",-0.04%
26/12/2012,"20,845.00",-0.02%
25/12/2012,"20,850.00",0.00%
24/12/2012,"20,850.00",-0.02%
21/12/2012,"20,855.00",-0.02%
20/12/2012,"20,860.00",0.00%
19/12/2012,"20,860.00",0.10%
18/12/2012,"20,840.00",0.00%
17/12/2012,"20,840.00",0.00%
14/12/2012,"20,840.00",0.00%
13/12/2012,"20,840.00",0.00%
12/12/2012,"20,840.00",-0.08%
11/12/2012,"20,856.00",0.08%
10/12/2012,"20,840.00",0.00%
7/12/2012,"20,840.00",-0.05%
6/12/2012,"20,850.00",0.02%
5/12/2012,"20,845.00",-0.02%
4/12/2012,"20,850.00",0.00%
3/12/2012,"20,850.00",0.00%
30/11/2012,"20,850.00",-0.02%
29/11/2012,"20,855.00",0.02%
28/11/2012,"20,850.00",-0.05%
27/11/2012,"20,860.00",-0.02%
26/11/2012,"20,865.00",0.00%
23/11/2012,"20,865.00",0.00%
22/11/2012,"20,865.00",0.07%
21/11/2012,"20,850.00",0.00%
20/11/2012,"20,850.00",-0.05%
19/11/2012,"20,860.00",0.05%
16/11/2012,"20,850.00",0.01%
15/11/2012,"20,847.50",-0.01%
14/11/2012,"20,850.00",0.02%
13/11/2012,"20,845.00",-0.01%
12/11/2012,"20,847.50",0.04%
9/11/2012,"20,840.00",0.00%
8/11/2012,"20,840.00",-0.05%
7/11/2012,"20,850.00",0.00%
6/11/2012,"20,850.00",0.00%
5/11/2012,"20,850.00",0.00%
2/11/2012,"20,850.00",0.00%
1/11/2012,"20,850.00",0.00%
31/10/2012,"20,850.00",0.02%
30/10/2012,"20,845.00",-0.02%
29/10/2012,"20,850.00",0.05%
26/10/2012,"20,840.00",-0.05%
25/10/2012,"20,850.00",0.00%
24/10/2012,"20,850.00",-0.02%
23/10/2012,"20,855.00",0.02%
22/10/2012,"20,850.00",0.02%
19/10/2012,"20,845.00",0.00%
18/10/2012,"20,845.00",-0.02%
17/10/2012,"20,850.00",0.00%
16/10/2012,"20,850.00",0.00%
15/10/2012,"20,850.00",0.02%
12/10/2012,"20,845.00",-0.07%
11/10/2012,"20,860.00",0.02%
10/10/2012,"20,855.00",-0.07%
9/10/2012,"20,870.00",-0.08%
8/10/2012,"20,887.50",0.01%
5/10/2012,"20,885.00",-0.02%
4/10/2012,"20,890.00",0.00%
3/10/2012,"20,890.00",0.02%
2/10/2012,"20,885.00",0.01%
1/10/2012,"20,882.50",-0.01%
28/09/2012,"20,885.00",0.00%
27/09/2012,"20,885.00",0.05%
26/09/2012,"20,875.00",0.12%
25/09/2012,"20,850.00",-0.10%
24/09/2012,"20,870.00",0.02%
21/09/2012,"20,865.00",-0.07%
20/09/2012,"20,880.00",0.05%
19/09/2012,"20,870.00",0.10%
18/09/2012,"20,850.00",-0.02%
17/09/2012,"20,855.00",-0.05%
14/09/2012,"20,865.00",0.00%
13/09/2012,"20,865.00",0.10%
12/9/2012,"20,845.00",-0.02%
11/9/2012,"20,850.00",-0.07%
10/9/2012,"20,865.00",0.07%
7/9/2012,"20,850.00",-0.02%
6/9/2012,"20,855.00",-0.02%
5/9/2012,"20,860.00",0.00%
4/9/2012,"20,860.00",0.10%
3/9/2012,"20,840.00",0.00%
31/08/2012,"20,840.00",-0.10%
30/08/2012,"20,860.00",-0.02%
29/08/2012,"20,865.00",-0.05%
28/08/2012,"20,875.00",0.05%
27/08/2012,"20,865.00",0.02%
24/08/2012,"20,860.00",-0.17%
23/08/2012,"20,895.00",0.24%
22/08/2012,"20,845.00",0.00%
21/08/2012,"20,845.00",0.00%
20/08/2012,"20,845.00",-0.10%
17/08/2012,"20,865.00",0.10%
16/08/2012,"20,845.00",-0.05%
15/08/2012,"20,855.00",-0.45%
14/08/2012,"20,950.00",0.48%
13/08/2012,"20,850.00",-0.07%
10/8/2012,"20,865.00",0.02%
9/8/2012,"20,860.00",0.07%
8/8/2012,"20,845.00",-0.10%
7/8/2012,"20,865.00",0.05%
6/8/2012,"20,855.00",-0.05%
3/8/2012,"20,865.00",0.00%
2/8/2012,"20,865.00",0.02%
1/8/2012,"20,860.00",-0.05%
31/07/2012,"20,870.00",0.00%
30/07/2012,"20,870.00",-0.05%
27/07/2012,"20,880.00",0.00%
26/07/2012,"20,880.00",-0.02%
25/07/2012,"20,885.00",0.02%
24/07/2012,"20,880.00",0.14%
23/07/2012,"20,850.00",0.02%
20/07/2012,"20,845.00",0.02%
19/07/2012,"20,840.00",-0.07%
18/07/2012,"20,855.00",0.02%
17/07/2012,"20,850.00",-0.05%
16/07/2012,"20,860.00",0.00%
13/07/2012,"20,860.00",-0.05%
12/7/2012,"20,870.00",-0.02%
11/7/2012,"20,875.00",-0.02%
10/7/2012,"20,880.00",0.02%
9/7/2012,"20,875.00",-0.05%
6/7/2012,"20,885.00",0.02%
5/7/2012,"20,880.00",-0.05%
4/7/2012,"20,890.00",0.00%
3/7/2012,"20,890.00",-0.02%
2/7/2012,"20,895.00",-0.05%
29/06/2012,"20,905.00",-0.10%
28/06/2012,"20,925.00",0.17%
27/06/2012,"20,890.00",-0.17%
26/06/2012,"20,925.00",0.43%
25/06/2012,"20,835.00",-0.33%
22/06/2012,"20,905.00",-0.07%
21/06/2012,"20,920.00",-0.10%
20/06/2012,"20,940.00",-0.12%
19/06/2012,"20,965.00",0.05%
18/06/2012,"20,955.00",-0.02%
15/06/2012,"20,960.00",0.00%
14/06/2012,"20,960.00",0.00%
13/06/2012,"20,960.00",0.24%
12/6/2012,"20,910.00",-0.38%
11/6/2012,"20,990.00",0.02%
8/6/2012,"20,985.00",-0.10%
7/6/2012,"21,005.00",-0.01%
6/6/2012,"21,008.00",0.28%
5/6/2012,"20,950.00",0.12%
4/6/2012,"20,925.00",0.29%
1/6/2012,"20,865.00",-0.02%
31/05/2012,"20,870.00",-0.02%
30/05/2012,"20,875.00",0.12%
29/05/2012,"20,850.00",-0.05%
28/05/2012,"20,860.00",0.00%
25/05/2012,"20,860.00",0.00%
24/05/2012,"20,860.00",0.05%
23/05/2012,"20,850.00",0.01%
22/05/2012,"20,847.50",-0.01%
21/05/2012,"20,850.00",0.00%
18/05/2012,"20,850.00",0.02%
17/05/2012,"20,845.00",-0.02%
16/05/2012,"20,850.00",-0.02%
15/05/2012,"20,855.00",-0.02%
14/05/2012,"20,860.00",0.07%
11/5/2012,"20,845.00",-0.38%
10/5/2012,"20,925.00",0.31%
9/5/2012,"20,860.00",0.05%
8/5/2012,"20,850.00",-0.10%
7/5/2012,"20,870.00",0.10%
4/5/2012,"20,850.00",-0.04%
3/5/2012,"20,857.50",0.01%
2/5/2012,"20,855.00",-0.05%
1/5/2012,"20,865.00",0.00%
30/04/2012,"20,865.00",0.00%
27/04/2012,"20,865.00",-0.02%
26/04/2012,"20,870.00",0.07%
25/04/2012,"20,855.00",0.14%
24/04/2012,"20,825.00",-0.07%
23/04/2012,"20,840.00",-0.05%
20/04/2012,"20,850.00",0.12%
19/04/2012,"20,825.00",0.00%
18/04/2012,"20,825.00",0.00%
17/04/2012,"20,825.00",0.00%
16/04/2012,"20,825.00",0.00%
13/04/2012,"20,825.00",-0.07%
12/4/2012,"20,840.00",0.07%
11/4/2012,"20,825.00",0.04%
10/4/2012,"20,817.00",-0.09%
9/4/2012,"20,835.00",0.02%
6/4/2012,"20,830.00",0.02%
5/4/2012,"20,825.00",-0.05%
4/4/2012,"20,835.00",-0.02%
3/4/2012,"20,840.00",-0.05%
2/4/2012,"20,850.00",0.00%
30/03/2012,"20,850.00",0.12%
29/03/2012,"20,825.00",-0.10%
28/03/2012,"20,845.00",-0.10%
27/03/2012,"20,865.00",-0.17%
26/03/2012,"20,900.00",0.07%
23/03/2012,"20,885.00",0.12%
22/03/2012,"20,860.00",-0.05%
21/03/2012,"20,870.00",0.19%
20/03/2012,"20,830.00",-0.02%
19/03/2012,"20,835.00",0.07%
16/03/2012,"20,820.00",-0.05%
15/03/2012,"20,830.00",-0.05%
14/03/2012,"20,840.00",0.00%
13/03/2012,"20,840.00",0.02%
12/3/2012,"20,835.00",0.02%
9/3/2012,"20,830.00",-0.02%
8/3/2012,"20,835.00",0.01%
7/3/2012,"20,832.50",-0.13%
6/3/2012,"20,860.00",0.14%
5/3/2012,"20,830.00",0.00%
2/3/2012,"20,830.00",-0.07%
1/3/2012,"20,845.00",0.05%
29/02/2012,"20,835.00",-0.05%
28/02/2012,"20,845.00",0.00%
27/02/2012,"20,845.00",0.02%
24/02/2012,"20,840.00",0.10%
23/02/2012,"20,820.00",-0.07%
22/02/2012,"20,835.00",0.02%
21/02/2012,"20,830.00",-0.05%
20/02/2012,"20,840.00",0.07%
17/02/2012,"20,825.00",0.02%
16/02/2012,"20,820.00",-0.19%
15/02/2012,"20,860.00",0.00%
14/02/2012,"20,860.00",0.02%
13/02/2012,"20,855.00",-0.19%
10/2/2012,"20,895.00",-0.07%
9/2/2012,"20,910.00",-0.12%
8/2/2012,"20,935.00",-0.07%
7/2/2012,"20,950.00",-0.02%
6/2/2012,"20,955.00",-0.10%
3/2/2012,"20,975.00",-0.05%
2/2/2012,"20,985.00",-0.11%
1/2/2012,"21,008.00",-0.05%
31/01/2012,"21,018.00",0.24%
30/01/2012,"20,968.00",0.33%
27/01/2012,"20,900.00",0.00%
26/01/2012,"20,900.00",0.00%
25/01/2012,"20,900.00",0.14%
24/01/2012,"20,870.00",0.00%
23/01/2012,"20,870.00",0.00%
20/01/2012,"20,870.00",-0.14%
19/01/2012,"20,900.00",-0.14%
18/01/2012,"20,930.00",-0.42%
17/01/2012,"21,018.00",0.00%
16/01/2012,"21,018.00",-0.07%
13/01/2012,"21,033.50",-0.01%
12/1/2012,"21,035.00",0.02%
11/1/2012,"21,030.50",0.06%
10/1/2012,"21,018.00",-0.08%
9/1/2012,"21,034.50",0.00%
6/1/2012,"21,033.50",0.01%
5/1/2012,"21,031.00",0.00%
4/1/2012,"21,031.00",0.00%
3/1/2012,"21,031.00",-0.01%
2/1/2012,"21,033.50",0.00%
