Date,USO_Close,USO_Volume,USO_Change
3/7/2024,81.27,734.05K,0.20%
2/7/2024,81.11,1.18M,-0.53%
1/7/2024,81.54,2.27M,2.45%
28/06/2024,79.59,1.36M,-0.41%
27/06/2024,79.92,1.79M,1.49%
26/06/2024,78.75,1.58M,-0.19%
25/06/2024,78.9,1.27M,-1.00%
24/06/2024,79.7,1.40M,1.34%
21/06/2024,78.65,1.54M,-0.96%
20/06/2024,79.41,1.45M,0.94%
18/06/2024,78.67,1.76M,1.13%
17/06/2024,77.79,2.59M,2.25%
14/06/2024,76.08,2.35M,0.45%
13/06/2024,75.74,1.69M,-0.32%
12/6/2024,75.98,2.47M,0.62%
11/6/2024,75.51,1.89M,0.07%
10/6/2024,75.46,4.02M,3.34%
7/6/2024,73.02,2.05M,-0.33%
6/6/2024,73.26,1.93M,1.91%
5/6/2024,71.89,2.06M,1.13%
4/6/2024,71.09,2.42M,-1.03%
3/6/2024,71.83,5.76M,-4.00%
31/05/2024,74.82,2.04M,-0.94%
30/05/2024,75.53,2.34M,-1.36%
29/05/2024,76.57,1.62M,-1.40%
28/05/2024,77.66,2.30M,3.07%
24/05/2024,75.35,1.16M,1.21%
23/05/2024,74.45,1.92M,-0.56%
22/05/2024,74.87,2.21M,-1.69%
21/05/2024,76.16,2.01M,-0.74%
20/05/2024,76.73,2.04M,-0.31%
17/05/2024,76.97,2.02M,0.94%
16/05/2024,76.25,3.20M,0.49%
15/05/2024,75.88,3.66M,0.89%
14/05/2024,75.21,2.15M,-1.26%
13/05/2024,76.17,2.88M,1.10%
10/5/2024,75.34,2.43M,-1.54%
9/5/2024,76.52,2.23M,0.50%
8/5/2024,76.14,2.27M,0.86%
7/5/2024,75.49,4.10M,-0.20%
6/5/2024,75.64,6.11M,0.68%
3/5/2024,75.13,2.87M,-1.05%
2/5/2024,75.93,4.68M,0.00%
1/5/2024,75.93,5.93M,-3.13%
30/04/2024,78.38,3.81M,-1.41%
29/04/2024,79.5,3.93M,-1.11%
26/04/2024,80.39,1.59M,-0.06%
25/04/2024,80.44,2.98M,1.00%
24/04/2024,79.64,3.64M,-0.43%
23/04/2024,79.98,3.35M,1.52%
22/04/2024,78.78,3.28M,-0.09%
19/04/2024,78.85,7.61M,0.09%
18/04/2024,78.78,4.51M,-0.16%
17/04/2024,78.91,5.74M,-2.98%
16/04/2024,81.33,4.24M,-0.39%
15/04/2024,81.65,10.02M,0.15%
12/4/2024,81.53,9.72M,-0.02%
11/4/2024,81.55,6.29M,-0.66%
10/4/2024,82.09,6.81M,1.16%
9/4/2024,81.15,3.88M,-1.28%
8/4/2024,82.2,3.75M,-0.24%
5/4/2024,82.4,3.84M,0.16%
4/4/2024,82.27,6.07M,1.26%
3/4/2024,81.25,3.23M,0.57%
2/4/2024,80.79,4.24M,1.41%
1/4/2024,79.67,3.94M,1.19%
28/03/2024,78.73,4.75M,1.57%
27/03/2024,77.51,2.40M,0.28%
26/03/2024,77.29,2.78M,-0.60%
25/03/2024,77.76,2.19M,1.41%
22/03/2024,76.68,2.36M,-0.18%
21/03/2024,76.82,2.71M,-0.56%
20/03/2024,77.25,4.25M,-1.50%
19/03/2024,78.43,2.70M,0.58%
18/03/2024,77.98,3.35M,2.16%
15/03/2024,76.33,2.91M,0.04%
14/03/2024,76.3,4.19M,1.61%
13/03/2024,75.09,4.40M,2.37%
12/3/2024,73.35,4.11M,-0.37%
11/3/2024,73.62,3.07M,0.35%
8/3/2024,73.36,4.04M,-1.17%
7/3/2024,74.23,3.74M,-0.15%
6/3/2024,74.34,4.94M,1.21%
5/3/2024,73.45,4.24M,-0.76%
4/3/2024,74.01,3.32M,-1.27%
1/3/2024,74.96,5.36M,2.18%
29/02/2024,73.36,3.83M,-0.35%
28/02/2024,73.62,3.94M,-0.31%
27/02/2024,73.85,5.07M,1.46%
26/02/2024,72.79,3.57M,1.21%
23/02/2024,71.92,3.40M,-2.28%
22/02/2024,73.6,2.72M,0.55%
21/02/2024,73.2,3.77M,1.08%
20/02/2024,72.42,3.37M,-1.35%
16/02/2024,73.41,4.21M,0.78%
15/02/2024,72.84,4.19M,1.80%
14/02/2024,71.55,4.62M,-1.51%
13/02/2024,72.65,3.60M,0.75%
12/2/2024,72.11,3.83M,0.61%
9/2/2024,71.67,2.76M,0.21%
8/2/2024,71.52,6.01M,3.03%
7/2/2024,69.42,5.16M,0.89%
6/2/2024,68.81,4.41M,0.92%
5/2/2024,68.18,3.24M,0.99%
2/2/2024,67.51,5.66M,-2.26%
1/2/2024,69.07,13.33M,-2.61%
31/01/2024,70.92,5.07M,-2.60%
30/01/2024,72.81,3.51M,1.05%
29/01/2024,72.05,3.38M,-1.44%
26/01/2024,73.1,4.82M,1.20%
25/01/2024,72.23,4.97M,2.40%
24/01/2024,70.54,4.84M,1.26%
23/01/2024,69.66,3.13M,-0.04%
22/01/2024,69.69,4.86M,1.26%
19/01/2024,68.82,4.67M,-0.35%
18/01/2024,69.06,4.60M,1.65%
17/01/2024,67.94,4.45M,1.03%
16/01/2024,67.25,4.88M,-1.13%
12/1/2024,68.02,7.20M,0.55%
11/1/2024,67.65,7.33M,1.64%
10/1/2024,66.56,6.28M,-1.23%
9/1/2024,67.39,4.38M,1.49%
8/1/2024,66.4,6.25M,-3.81%
5/1/2024,69.03,5.00M,2.16%
4/1/2024,67.57,4.99M,-0.91%
3/1/2024,68.19,7.06M,3.68%
2/1/2024,65.77,7.89M,-1.32%
29/12/2023,66.65,3.31M,-0.79%
28/12/2023,67.18,5.74M,-2.52%
27/12/2023,68.92,3.74M,-1.84%
26/12/2023,70.21,4.85M,2.21%
22/12/2023,68.69,4.30M,-0.49%
21/12/2023,69.03,3.27M,0.35%
20/12/2023,68.79,5.19M,-0.82%
19/12/2023,69.36,3.96M,1.87%
18/12/2023,68.09,5.56M,1.40%
15/12/2023,67.15,3.45M,-0.01%
14/12/2023,67.16,5.06M,2.80%
13/12/2023,65.33,3.55M,1.68%
12/12/2023,64.25,7.09M,-3.82%
11/12/2023,66.8,2.59M,0.41%
8/12/2023,66.53,4.06M,2.18%
7/12/2023,65.11,4.55M,0.54%
6/12/2023,64.76,9.36M,-4.17%
5/12/2023,67.58,4.78M,-1.30%
4/12/2023,68.47,5.03M,-1.11%
1/12/2023,69.24,4.35M,-1.28%
30/11/2023,70.14,9.67M,-3.28%
29/11/2023,72.52,4.56M,1.77%
28/11/2023,71.26,2.49M,1.86%
27/11/2023,69.96,4.62M,-1.21%
24/11/2023,70.82,1.45M,-1.10%
22/11/2023,71.61,5.29M,-1.27%
21/11/2023,72.53,2.53M,0.32%
20/11/2023,72.3,3.99M,2.19%
17/11/2023,70.75,5.92M,3.97%
16/11/2023,68.05,6.64M,-4.61%
15/11/2023,71.34,4.99M,-1.86%
14/11/2023,72.69,2.68M,-0.32%
13/11/2023,72.92,3.06M,1.57%
10/11/2023,71.79,3.75M,2.19%
9/11/2023,70.25,4.31M,0.09%
8/11/2023,70.19,7.20M,-2.24%
7/11/2023,71.8,7.35M,-4.15%
6/11/2023,74.91,2.76M,0.08%
3/11/2023,74.85,5.05M,-1.75%
2/11/2023,76.18,4.19M,1.91%
1/11/2023,74.75,4.14M,-0.36%
31/10/2023,75.02,4.59M,-1.35%
30/10/2023,76.05,5.91M,-2.95%
27/10/2023,78.36,5.52M,1.91%
26/10/2023,76.89,3.50M,-2.00%
25/10/2023,78.46,6.12M,1.99%
24/10/2023,76.93,6.10M,-2.48%
23/10/2023,78.89,4.45M,-2.24%
20/10/2023,80.7,4.66M,-1.20%
19/10/2023,81.68,5.90M,2.30%
18/10/2023,79.84,4.62M,1.32%
17/10/2023,78.8,3.84M,0.52%
16/10/2023,78.39,5.11M,-0.76%
13/10/2023,78.99,6.77M,4.73%
12/10/2023,75.42,4.24M,-0.33%
11/10/2023,75.67,6.01M,-1.36%
10/10/2023,76.71,4.21M,-0.54%
9/10/2023,77.13,6.89M,4.00%
6/10/2023,74.16,3.90M,0.23%
5/10/2023,73.99,5.59M,-2.12%
4/10/2023,75.59,7.84M,-5.43%
3/10/2023,79.93,2.89M,0.68%
2/10/2023,79.39,3.48M,-1.82%
29/09/2023,80.86,2.40M,-0.87%
28/09/2023,81.57,3.10M,-1.60%
27/09/2023,82.9,4.18M,2.50%
26/09/2023,80.88,2.52M,0.61%
25/09/2023,80.39,1.91M,-0.30%
22/09/2023,80.63,2.70M,0.27%
21/09/2023,80.41,2.90M,0.34%
20/09/2023,80.14,4.11M,-1.67%
19/09/2023,81.5,6.49M,0.06%
18/09/2023,81.45,5.68M,0.20%
15/09/2023,81.29,2.87M,0.21%
14/09/2023,81.12,2.89M,1.81%
13/09/2023,79.68,2.75M,-0.03%
12/9/2023,79.7,3.30M,1.70%
11/9/2023,78.37,2.08M,0.09%
8/9/2023,78.3,2.04M,0.45%
7/9/2023,77.95,2.67M,-0.73%
6/9/2023,78.52,3.12M,0.98%
5/9/2023,77.76,4.77M,1.09%
1/9/2023,76.92,4.21M,2.48%
31/08/2023,75.06,2.89M,1.90%
30/08/2023,73.66,2.22M,0.46%
29/08/2023,73.32,2.87M,1.26%
28/08/2023,72.41,1.61M,-0.06%
25/08/2023,72.45,3.11M,1.46%
24/08/2023,71.41,2.37M,0.07%
23/08/2023,71.36,3.82M,-1.27%
22/08/2023,72.28,1.64M,-0.41%
21/08/2023,72.58,2.08M,-0.29%
18/08/2023,72.79,2.73M,1.13%
17/08/2023,71.98,2.64M,0.85%
16/08/2023,71.37,3.78M,-1.72%
15/08/2023,72.62,3.90M,-1.61%
14/08/2023,73.81,3.54M,-0.59%
11/8/2023,74.25,3.14M,0.07%
10/8/2023,74.2,3.44M,-1.20%
9/8/2023,75.1,4.77M,1.40%
8/8/2023,74.06,4.22M,0.33%
7/8/2023,73.82,1.86M,0.04%
4/8/2023,73.79,2.02M,0.89%
3/8/2023,73.14,2.92M,2.32%
2/8/2023,71.48,3.17M,-2.03%
1/8/2023,72.96,1.47M,-0.29%
31/07/2023,73.17,2.06M,1.50%
28/07/2023,72.09,1.75M,0.92%
27/07/2023,71.43,1.80M,1.09%
26/07/2023,70.66,1.38M,-0.70%
25/07/2023,71.16,2.33M,0.66%
24/07/2023,70.69,2.41M,2.46%
21/07/2023,68.99,2.99M,1.38%
20/07/2023,68.05,2.03M,0.53%
19/07/2023,67.69,1.93M,-0.40%
18/07/2023,67.96,2.54M,2.07%
17/07/2023,66.58,2.28M,-1.32%
14/07/2023,67.47,2.40M,-2.34%
13/07/2023,69.09,3.50M,1.80%
12/7/2023,67.87,3.04M,1.25%
11/7/2023,67.03,2.26M,2.27%
10/7/2023,65.54,2.44M,-0.47%
7/7/2023,65.85,2.78M,2.19%
6/7/2023,64.44,2.37M,-0.29%
5/7/2023,64.63,2.84M,1.96%
3/7/2023,63.39,1.22M,-0.25%
30/06/2023,63.55,3.13M,0.94%
29/06/2023,62.96,1.99M,0.70%
28/06/2023,62.52,2.45M,1.99%
27/06/2023,61.3,2.39M,-2.28%
26/06/2023,62.73,2.08M,0.50%
23/06/2023,62.42,2.41M,-0.16%
22/06/2023,62.52,3.87M,-3.87%
21/06/2023,65.04,2.52M,1.75%
20/06/2023,63.92,2.31M,-0.67%
16/06/2023,64.35,2.97M,1.48%
15/06/2023,63.41,3.44M,2.56%
14/06/2023,61.83,4.82M,-0.50%
13/06/2023,62.14,3.40M,3.15%
12/6/2023,60.24,5.76M,-4.27%
9/6/2023,62.93,3.35M,-0.84%
8/6/2023,63.46,8.41M,-1.93%
7/6/2023,64.71,3.52M,1.44%
6/6/2023,63.79,2.53M,-0.37%
5/6/2023,64.03,2.63M,-0.19%
2/6/2023,64.15,6.94M,2.56%
1/6/2023,62.55,3.62M,3.17%
31/05/2023,60.63,3.82M,-2.68%
30/05/2023,62.3,6.25M,-3.86%
26/05/2023,64.8,2.15M,1.11%
25/05/2023,64.09,4.32M,-2.39%
24/05/2023,65.66,3.75M,1.22%
23/05/2023,64.87,3.38M,1.50%
22/05/2023,63.91,1.43M,0.02%
19/05/2023,63.9,2.49M,-0.22%
18/05/2023,64.04,2.49M,-0.87%
17/05/2023,64.6,4.27M,3.29%
16/05/2023,62.54,1.99M,-0.71%
15/05/2023,62.99,4.81M,1.48%
12/5/2023,62.07,4.07M,-1.87%
11/5/2023,63.25,3.99M,-1.77%
10/5/2023,64.39,2.68M,-0.74%
9/5/2023,64.87,5.82M,0.95%
8/5/2023,64.26,3.45M,1.95%
5/5/2023,63.03,4.70M,3.84%
4/5/2023,60.7,4.98M,0.65%
3/5/2023,60.31,11.92M,-4.35%
2/5/2023,63.05,6.52M,-5.26%
1/5/2023,66.55,2.93M,-1.41%
28/04/2023,67.5,3.04M,2.57%
27/04/2023,65.81,2.75M,0.69%
26/04/2023,65.36,5.64M,-3.34%
25/04/2023,67.62,2.25M,-2.35%
24/04/2023,69.25,1.88M,1.52%
21/04/2023,68.21,2.62M,0.90%
20/04/2023,67.6,3.11M,-2.45%
19/04/2023,69.3,3.60M,-2.02%
18/04/2023,70.73,1.46M,-0.16%
17/04/2023,70.84,2.99M,-1.73%
14/04/2023,72.09,3.17M,0.40%
13/04/2023,71.8,2.79M,-0.87%
12/4/2023,72.43,4.25M,1.91%
11/4/2023,71.07,3.18M,1.88%
10/4/2023,69.76,2.77M,-0.71%
6/4/2023,70.26,2.84M,0.03%
5/4/2023,70.24,3.01M,-0.04%
4/4/2023,70.27,3.52M,0.00%
3/4/2023,70.27,7.48M,5.76%
31/03/2023,66.44,2.73M,1.71%
30/03/2023,65.32,3.29M,1.82%
29/03/2023,64.15,2.59M,-0.62%
28/03/2023,64.55,4.13M,0.62%
27/03/2023,64.15,8.68M,5.23%
24/03/2023,60.96,3.72M,-0.05%
23/03/2023,60.99,2.62M,-1.01%
22/03/2023,61.61,3.49M,0.62%
21/03/2023,61.23,3.95M,2.41%
20/03/2023,59.79,5.10M,1.93%
17/03/2023,58.66,9.07M,-2.31%
16/03/2023,60.05,8.35M,0.05%
15/03/2023,60.02,13.54M,-4.62%
14/03/2023,62.93,6.32M,-3.56%
13/03/2023,65.25,4.97M,-2.82%
10/3/2023,67.14,2.99M,1.36%
9/3/2023,66.24,2.42M,-1.28%
8/3/2023,67.1,3.02M,-1.11%
7/3/2023,67.85,5.07M,-3.75%
6/3/2023,70.49,3.98M,0.90%
3/3/2023,69.86,5.17M,2.28%
2/3/2023,68.3,1.62M,0.34%
1/3/2023,68.07,2.57M,1.28%
28/02/2023,67.21,1.89M,1.45%
27/02/2023,66.25,3.02M,-1.27%
24/02/2023,67.1,2.59M,1.08%
23/02/2023,66.38,2.07M,2.25%
22/02/2023,64.92,3.45M,-2.65%
21/02/2023,66.69,2.43M,-0.49%
17/02/2023,67.02,3.85M,-2.09%
16/02/2023,68.45,2.36M,-0.83%
15/02/2023,69.02,1.91M,-0.55%
14/02/2023,69.4,1.58M,-0.14%
13/02/2023,69.5,3.44M,-0.53%
10/2/2023,69.87,2.82M,2.87%
9/2/2023,67.92,2.43M,-1.11%
8/2/2023,68.68,2.05M,1.36%
7/2/2023,67.76,3.56M,3.45%
6/2/2023,65.5,2.68M,1.71%
3/2/2023,64.4,4.88M,-3.26%
2/2/2023,66.57,2.55M,-1.17%
1/2/2023,67.36,3.52M,-2.83%
31/01/2023,69.32,1.38M,1.79%
30/01/2023,68.1,2.35M,-2.01%
27/01/2023,69.5,3.19M,-2.02%
26/01/2023,70.93,1.47M,0.60%
25/01/2023,70.51,1.61M,0.41%
24/01/2023,70.22,1.64M,-1.79%
23/01/2023,71.5,1.66M,-0.07%
20/01/2023,71.55,2.44M,1.36%
19/01/2023,70.59,2.72M,1.55%
18/01/2023,69.51,3.15M,-1.91%
17/01/2023,70.86,3.78M,1.16%
13/01/2023,70.05,2.50M,2.10%
12/1/2023,68.61,2.61M,0.82%
11/1/2023,68.05,3.54M,3.26%
10/1/2023,65.9,1.98M,0.03%
9/1/2023,65.88,2.93M,1.62%
6/1/2023,64.83,2.99M,0.08%
5/1/2023,64.78,3.56M,0.75%
4/1/2023,64.3,4.21M,-4.94%
3/1/2023,67.64,3.31M,-3.52%
30/12/2022,70.11,3.65M,2.31%
29/12/2022,68.53,1.95M,-0.07%
28/12/2022,68.58,2.77M,-1.37%
27/12/2022,69.53,3.12M,0.30%
23/12/2022,69.32,2.93M,2.39%
22/12/2022,67.7,2.38M,-0.53%
21/12/2022,68.06,3.27M,2.78%
20/12/2022,66.22,2.50M,0.23%
19/12/2022,66.07,3.90M,1.80%
16/12/2022,64.9,4.85M,-1.89%
15/12/2022,66.15,4.66M,-1.80%
14/12/2022,67.36,7.38M,2.28%
13/12/2022,65.86,4.25M,2.25%
12/12/2022,64.41,4.46M,2.48%
9/12/2022,62.85,7.18M,0.22%
8/12/2022,62.71,8.28M,-1.48%
7/12/2022,63.65,5.43M,-2.42%
6/12/2022,65.23,6.75M,-3.68%
5/12/2022,67.72,5.24M,-3.04%
2/12/2022,69.84,3.46M,-0.87%
1/12/2022,70.45,4.57M,0.31%
30/11/2022,70.23,3.71M,2.77%
29/11/2022,68.34,6.28M,2.18%
28/11/2022,66.88,7.36M,-0.12%
25/11/2022,66.96,1.70M,-0.67%
23/11/2022,67.41,4.69M,-3.67%
22/11/2022,69.98,3.71M,1.38%
21/11/2022,69.03,12.86M,0.00%
18/11/2022,69.03,8.38M,-1.58%
17/11/2022,70.14,5.01M,-2.64%
16/11/2022,72.04,3.35M,-1.65%
15/11/2022,73.25,3.30M,1.86%
14/11/2022,71.91,2.67M,-3.32%
11/11/2022,74.38,3.19M,2.96%
10/11/2022,72.24,2.02M,0.80%
9/11/2022,71.67,2.58M,-3.76%
8/11/2022,74.47,2.51M,-2.73%
7/11/2022,76.56,2.23M,-0.34%
4/11/2022,76.82,3.68M,4.82%
3/11/2022,73.29,1.47M,-1.07%
2/11/2022,74.08,2.74M,1.31%
1/11/2022,73.12,4.57M,2.22%
31/10/2022,71.53,3.09M,-1.77%
28/10/2022,72.82,1.51M,-1.09%
27/10/2022,73.62,1.30M,0.89%
26/10/2022,72.97,3.44M,3.34%
25/10/2022,70.61,1.49M,0.33%
24/10/2022,70.38,1.72M,-0.27%
21/10/2022,70.57,1.56M,0.56%
20/10/2022,70.18,2.55M,0.20%
19/10/2022,70.04,3.09M,1.95%
18/10/2022,68.7,3.27M,-2.04%
17/10/2022,70.13,3.26M,-0.06%
14/10/2022,70.17,2.52M,-3.24%
13/10/2022,72.52,2.30M,2.24%
12/10/2022,70.93,2.34M,-1.14%
11/10/2022,71.75,2.46M,-2.75%
10/10/2022,73.78,3.49M,-1.76%
7/10/2022,75.1,4.67M,2.89%
6/10/2022,72.99,2.86M,1.46%
5/10/2022,71.94,4.89M,2.36%
4/10/2022,70.28,6.50M,3.52%
3/10/2022,67.89,5.26M,4.00%
30/09/2022,65.28,2.40M,-2.23%
29/09/2022,66.77,2.76M,-0.54%
28/09/2022,67.13,2.58M,4.21%
27/09/2022,64.42,3.24M,1.93%
26/09/2022,63.2,5.06M,-3.25%
23/09/2022,65.32,5.92M,-5.29%
22/09/2022,68.97,2.93M,0.42%
21/09/2022,68.68,4.52M,-0.78%
20/09/2022,69.22,3.52M,-1.18%
19/09/2022,70.05,2.74M,0.21%
16/09/2022,69.9,3.38M,0.20%
15/09/2022,69.76,3.89M,-4.08%
14/09/2022,72.73,2.59M,1.00%
13/09/2022,72.01,6.02M,-0.50%
12/9/2022,72.37,3.68M,1.79%
9/9/2022,71.1,4.95M,4.42%
8/9/2022,68.09,4.26M,0.70%
7/9/2022,67.62,7.50M,-5.32%
6/9/2022,71.42,5.25M,-0.01%
2/9/2022,71.43,4.05M,0.68%
1/9/2022,70.95,4.32M,-2.95%
31/08/2022,73.11,4.52M,-3.13%
30/08/2022,75.47,4.95M,-4.09%
29/08/2022,78.69,3.68M,3.74%
26/08/2022,75.85,2.42M,-0.85%
25/08/2022,76.5,2.93M,-1.97%
24/08/2022,78.04,3.84M,1.57%
23/08/2022,76.83,3.78M,2.88%
22/08/2022,74.68,7.93M,0.84%
19/08/2022,74.06,2.70M,-0.20%
18/08/2022,74.21,3.10M,3.00%
17/08/2022,72.05,3.80M,1.14%
16/08/2022,71.24,5.75M,-2.25%
15/08/2022,72.88,4.11M,-2.80%
12/8/2022,74.98,2.95M,-1.70%
11/8/2022,76.28,4.56M,2.64%
10/8/2022,74.32,4.62M,1.18%
9/8/2022,73.45,2.49M,-0.12%
8/8/2022,73.54,4.43M,2.80%
5/8/2022,71.54,3.14M,0.01%
4/8/2022,71.53,4.93M,-2.72%
3/8/2022,73.53,4.01M,-3.16%
2/8/2022,75.93,2.74M,1.06%
1/8/2022,75.13,3.33M,-3.74%
29/07/2022,78.05,3.63M,1.19%
28/07/2022,77.13,4.30M,-0.95%
27/07/2022,77.87,3.15M,3.61%
26/07/2022,75.16,2.94M,-1.39%
25/07/2022,76.22,2.80M,2.27%
22/07/2022,74.53,5.77M,-1.27%
21/07/2022,75.49,3.97M,-2.77%
20/07/2022,77.64,3.12M,-0.53%
19/07/2022,78.05,3.13M,1.61%
18/07/2022,76.81,5.33M,4.16%
15/07/2022,73.74,3.37M,1.22%
14/07/2022,72.85,5.27M,-0.46%
13/07/2022,73.19,4.33M,0.52%
12/7/2022,72.81,6.03M,-6.93%
11/7/2022,78.23,4.92M,-0.39%
8/7/2022,78.54,6.45M,2.60%
7/7/2022,76.55,6.76M,3.91%
6/7/2022,73.67,8.87M,-1.48%
5/7/2022,74.78,10.72M,-8.44%
1/7/2022,81.67,4.69M,1.64%
30/06/2022,80.35,4.62M,-3.13%
29/06/2022,82.95,4.50M,-2.09%
28/06/2022,84.72,4.15M,2.16%
27/06/2022,82.93,4.50M,2.04%
24/06/2022,81.27,3.46M,2.90%
23/06/2022,78.98,3.78M,-2.35%
22/06/2022,80.88,5.16M,-3.77%
21/06/2022,84.05,3.66M,0.85%
17/06/2022,83.34,8.74M,-4.93%
16/06/2022,87.66,5.14M,0.84%
15/06/2022,86.93,4.36M,-1.72%
14/06/2022,88.45,4.65M,-2.11%
13/06/2022,90.36,6.59M,0.26%
10/6/2022,90.13,5.87M,-1.04%
9/6/2022,91.08,4.54M,-0.99%
8/6/2022,91.99,5.36M,2.17%
7/6/2022,90.04,3.84M,1.87%
6/6/2022,88.39,2.32M,-1.21%
3/6/2022,89.47,3.67M,2.54%
2/6/2022,87.25,3.76M,2.00%
1/6/2022,85.54,4.73M,0.08%
31/05/2022,85.47,7.42M,0.01%
27/05/2022,85.46,2.37M,1.03%
26/05/2022,84.59,3.78M,2.56%
25/05/2022,82.48,1.94M,0.59%
24/05/2022,82,1.53M,0.04%
23/05/2022,81.97,2.94M,0.39%
20/05/2022,81.65,3.10M,1.33%
19/05/2022,80.58,4.14M,1.63%
18/05/2022,79.29,3.86M,-2.24%
17/05/2022,81.11,4.04M,-2.41%
16/05/2022,83.11,4.80M,2.25%
13/05/2022,81.28,4.17M,2.59%
12/5/2022,79.23,4.32M,1.34%
11/5/2022,78.18,4.59M,4.90%
10/5/2022,74.53,5.69M,-2.66%
9/5/2022,76.57,5.63M,-6.77%
6/5/2022,82.13,5.68M,2.05%
5/5/2022,80.48,6.00M,0.32%
4/5/2022,80.22,5.42M,4.60%
3/5/2022,76.69,2.96M,-2.16%
2/5/2022,78.38,4.43M,1.58%
29/04/2022,77.16,6.10M,-1.18%
28/04/2022,78.08,6.85M,2.24%
27/04/2022,76.37,4.48M,-0.12%
26/04/2022,76.46,7.33M,2.42%
25/04/2022,74.65,5.07M,-2.18%
22/04/2022,76.31,3.73M,-2.32%
21/04/2022,78.12,4.75M,1.14%
20/04/2022,77.24,5.04M,0.49%
19/04/2022,76.86,7.53M,-4.41%
18/04/2022,80.41,5.25M,1.06%
14/04/2022,79.57,7.44M,1.47%
13/04/2022,78.42,6.84M,3.21%
12/4/2022,75.98,6.79M,5.09%
11/4/2022,72.3,5.17M,-2.44%
8/4/2022,74.11,5.67M,1.37%
7/4/2022,73.11,5.71M,0.08%
6/4/2022,73.05,7.04M,-2.34%
5/4/2022,74.8,7.50M,-2.68%
4/4/2022,76.86,6.13M,3.63%
1/4/2022,74.17,4.93M,0.07%
31/03/2022,74.12,10.71M,-4.86%
30/03/2022,77.91,5.23M,2.31%
29/03/2022,76.15,8.91M,2.17%
28/03/2022,74.53,8.89M,-7.69%
25/03/2022,80.74,7.54M,1.24%
24/03/2022,79.75,4.42M,-2.68%
23/03/2022,81.95,6.16M,4.32%
22/03/2022,78.56,4.18M,-1.23%
21/03/2022,79.54,6.41M,6.56%
18/03/2022,74.64,4.44M,1.30%
17/03/2022,73.68,9.65M,7.91%
16/03/2022,68.28,7.39M,-0.51%
15/03/2022,68.63,13.58M,-5.78%
14/03/2022,72.84,9.47M,-4.66%
11/3/2022,76.4,7.94M,3.16%
10/3/2022,74.06,11.69M,-1.87%
9/3/2022,75.47,29.74M,-11.66%
8/3/2022,85.43,29.72M,3.71%
7/3/2022,82.37,16.47M,3.66%
4/3/2022,79.46,17.36M,6.61%
3/3/2022,74.53,18.32M,-1.18%
2/3/2022,75.42,21.91M,5.01%
1/3/2022,71.82,16.74M,6.43%
28/02/2022,67.48,8.87M,2.55%
25/02/2022,65.8,8.80M,-0.81%
24/02/2022,66.34,18.09M,0.15%
23/02/2022,66.24,8.30M,1.07%
22/02/2022,65.54,9.30M,1.24%
18/02/2022,64.74,8.44M,0.89%
17/02/2022,64.17,7.11M,0.99%
16/02/2022,63.54,6.89M,-1.15%
15/02/2022,64.28,10.03M,-3.13%
14/02/2022,66.36,9.53M,0.94%
11/2/2022,65.74,12.31M,2.78%
10/2/2022,63.96,4.77M,-0.33%
9/2/2022,64.17,3.92M,0.86%
8/2/2022,63.62,4.92M,-1.64%
7/2/2022,64.68,2.24M,-0.35%
4/2/2022,64.91,4.83M,2.20%
3/2/2022,63.51,4.99M,1.58%
2/2/2022,62.52,3.11M,-0.02%
1/2/2022,62.53,4.30M,0.08%
31/01/2022,62.48,2.94M,0.82%
28/01/2022,61.97,4.19M,0.18%
27/01/2022,61.86,5.59M,0.29%
26/01/2022,61.68,6.62M,1.16%
25/01/2022,60.97,5.89M,1.43%
24/01/2022,60.11,8.87M,-1.10%
21/01/2022,60.78,5.41M,0.20%
20/01/2022,60.66,4.24M,-0.64%
19/01/2022,61.05,5.17M,0.13%
18/01/2022,60.97,6.05M,1.67%
14/01/2022,59.97,6.03M,2.92%
13/01/2022,58.27,4.67M,-1.09%
12/1/2022,58.91,4.91M,1.29%
11/1/2022,58.16,6.41M,3.56%
10/1/2022,56.16,3.70M,-0.90%
7/1/2022,56.67,6.02M,-0.39%
6/1/2022,56.89,4.94M,2.63%
5/1/2022,55.43,5.03M,-0.29%
4/1/2022,55.59,4.69M,1.39%
3/1/2022,54.83,5.52M,0.86%
31/12/2021,54.36,2.50M,-1.34%
30/12/2021,55.1,3.64M,0.04%
29/12/2021,55.08,3.93M,0.75%
28/12/2021,54.67,2.86M,0.28%
27/12/2021,54.52,4.32M,2.62%
23/12/2021,53.13,3.66M,1.24%
22/12/2021,52.48,5.87M,1.76%
21/12/2021,51.57,4.80M,3.35%
20/12/2021,49.9,8.41M,-1.73%
17/12/2021,50.78,5.81M,-2.10%
16/12/2021,51.87,4.86M,0.48%
15/12/2021,51.62,5.33M,1.37%
14/12/2021,50.92,4.78M,-1.01%
13/12/2021,51.44,6.36M,-1.13%
10/12/2021,52.03,6.20M,1.98%
9/12/2021,51.02,5.80M,-2.67%
8/12/2021,52.42,5.74M,1.61%
7/12/2021,51.59,9.40M,2.14%
6/12/2021,50.51,8.09M,5.23%
3/12/2021,48,10.86M,-0.60%
2/12/2021,48.29,14.55M,2.66%
1/12/2021,47.04,12.43M,-1.82%
30/11/2021,47.91,21.15M,-4.50%
29/11/2021,50.17,13.57M,1.09%
26/11/2021,49.63,18.76M,-11.18%
24/11/2021,55.88,4.11M,-0.57%
23/11/2021,56.2,5.88M,3.21%
22/11/2021,54.45,7.36M,1.25%
19/11/2021,53.78,6.39M,-3.19%
18/11/2021,55.55,4.63M,1.00%
17/11/2021,55,7.47M,-2.14%
16/11/2021,56.2,4.19M,0.23%
15/11/2021,56.07,4.96M,0.16%
12/11/2021,55.98,5.87M,-0.43%
11/11/2021,56.22,5.37M,-0.18%
10/11/2021,56.32,5.13M,-2.85%
9/11/2021,57.97,5.11M,1.54%
8/11/2021,57.09,3.04M,0.95%
5/11/2021,56.55,4.74M,2.97%
4/11/2021,54.92,9.15M,-0.76%
3/11/2021,55.34,7.71M,-3.81%
2/11/2021,57.53,2.95M,0.00%
1/11/2021,57.53,2.79M,0.66%
29/10/2021,57.15,5.32M,-0.44%
28/10/2021,57.4,5.41M,0.88%
27/10/2021,56.9,6.73M,-2.65%
26/10/2021,58.45,3.51M,1.07%
25/10/2021,57.83,5.18M,-0.34%
22/10/2021,58.03,3.35M,1.08%
21/10/2021,57.41,4.74M,-1.22%
20/10/2021,58.12,6.03M,1.22%
19/10/2021,57.42,4.10M,0.81%
18/10/2021,56.96,4.09M,-0.33%
15/10/2021,57.15,3.62M,0.60%
14/10/2021,56.81,3.40M,1.16%
13/10/2021,56.16,2.85M,0.09%
12/10/2021,56.11,5.37M,-0.12%
11/10/2021,56.18,3.83M,1.28%
8/10/2021,55.47,5.64M,0.20%
7/10/2021,55.36,6.96M,2.22%
6/10/2021,54.16,7.94M,-2.64%
5/10/2021,55.63,5.82M,2.09%
4/10/2021,54.49,6.92M,2.31%
1/10/2021,53.26,4.79M,1.33%
30/09/2021,52.56,12.38M,0.46%
29/09/2021,52.32,4.43M,-0.15%
28/09/2021,52.4,5.25M,-0.96%
27/09/2021,52.91,4.39M,2.10%
24/09/2021,51.82,2.59M,0.86%
23/09/2021,51.38,3.03M,1.78%
22/09/2021,50.48,2.94M,1.82%
21/09/2021,49.58,3.45M,-0.04%
20/09/2021,49.6,4.46M,-1.43%
17/09/2021,50.32,4.63M,-0.75%
16/09/2021,50.7,2.73M,0.02%
15/09/2021,50.69,5.72M,2.80%
14/09/2021,49.31,2.95M,-0.34%
13/09/2021,49.48,3.26M,1.39%
10/9/2021,48.8,3.99M,2.20%
9/9/2021,47.75,7.49M,-1.73%
8/9/2021,48.59,4.18M,1.14%
7/9/2021,48.04,3.77M,-1.27%
3/9/2021,48.66,5.34M,-0.59%
2/9/2021,48.95,6.15M,2.13%
1/9/2021,47.93,8.12M,-0.23%
31/08/2021,48.04,4.07M,-0.74%
30/08/2021,48.4,3.66M,0.52%
27/08/2021,48.15,4.11M,1.41%
26/08/2021,47.48,4.90M,-0.69%
25/08/2021,47.81,4.80M,0.93%
24/08/2021,47.37,4.88M,3.32%
23/08/2021,45.85,4.58M,5.57%
20/08/2021,43.43,4.60M,-2.99%
19/08/2021,44.77,6.02M,-1.39%
18/08/2021,45.4,5.80M,-2.53%
17/08/2021,46.58,3.09M,-0.98%
16/08/2021,47.04,4.74M,-0.82%
13/08/2021,47.43,3.40M,-1.39%
12/8/2021,48.1,2.83M,-0.41%
11/8/2021,48.3,5.23M,1.30%
10/8/2021,47.68,4.15M,2.32%
9/8/2021,46.6,5.25M,-2.04%
8/8/2021,47.57,,0.00%
7/8/2021,47.57,,0.00%
6/8/2021,47.57,5.25M,-1.10%
5/8/2021,48.1,3.12M,1.91%
4/8/2021,47.2,6.80M,-3.38%
3/8/2021,48.85,8.23M,-0.67%
2/8/2021,49.18,5.88M,-2.92%
30/07/2021,50.66,3.61M,0.04%
29/07/2021,50.64,2.66M,1.85%
28/07/2021,49.72,3.10M,0.51%
27/07/2021,49.47,2.65M,-0.40%
26/07/2021,49.67,2.86M,0.40%
23/07/2021,49.47,2.74M,0.61%
22/07/2021,49.17,4.52M,1.86%
21/07/2021,48.27,6.50M,3.78%
20/07/2021,46.51,4.78M,1.46%
19/07/2021,45.84,8.95M,-6.72%
16/07/2021,49.14,4.52M,0.20%
15/07/2021,49.04,3.93M,-1.33%
14/07/2021,49.7,6.74M,-2.83%
13/07/2021,51.15,4.39M,1.67%
12/7/2021,50.31,2.50M,-0.20%
9/7/2021,50.41,4.28M,1.80%
8/7/2021,49.52,6.35M,1.77%
7/7/2021,48.66,10.57M,-2.48%
6/7/2021,49.9,10.85M,-2.02%
5/7/2021,50.93,,0.00%
4/7/2021,50.93,,0.00%
3/7/2021,50.93,,0.00%
2/7/2021,50.93,4.44M,0.61%
1/7/2021,50.62,4.76M,1.48%
30/06/2021,49.88,2.85M,-0.02%
29/06/2021,49.89,3.03M,0.71%
28/06/2021,49.54,4.25M,-1.41%
25/06/2021,50.25,5.27M,0.82%
24/06/2021,49.84,5.42M,0.24%
23/06/2021,49.72,4.73M,0.61%
22/06/2021,49.42,3.73M,0.12%
21/06/2021,49.36,8.82M,2.07%
18/06/2021,48.36,6.25M,0.67%
17/06/2021,48.04,11.05M,-1.46%
16/06/2021,48.75,6.15M,-0.47%
15/06/2021,48.98,4.36M,1.37%
14/06/2021,48.32,4.76M,0.52%
11/6/2021,48.07,4.39M,0.50%
10/6/2021,47.83,8.68M,0.53%
9/6/2021,47.58,4.61M,-0.63%
8/6/2021,47.88,5.13M,1.29%
7/6/2021,47.27,3.87M,0.02%
4/6/2021,47.26,3.65M,0.62%
3/6/2021,46.97,3.38M,0.15%
2/6/2021,46.9,3.68M,1.23%
1/6/2021,46.33,6.37M,2.00%
28/05/2021,45.42,4.85M,-0.29%
27/05/2021,45.55,3.19M,0.77%
26/05/2021,45.2,3.82M,0.62%
25/05/2021,44.92,3.60M,-0.22%
24/05/2021,45.02,5.15M,3.02%
21/05/2021,43.7,4.20M,2.87%
20/05/2021,42.48,5.32M,-2.19%
19/05/2021,43.43,9.18M,-3.14%
18/05/2021,44.84,9.17M,-1.21%
17/05/2021,45.39,3.83M,1.52%
14/05/2021,44.71,5.06M,2.05%
13/05/2021,43.81,7.61M,-3.12%
12/5/2021,45.22,6.84M,0.78%
11/5/2021,44.87,6.93M,0.88%
10/5/2021,44.48,4.39M,0.11%
7/5/2021,44.43,4.25M,0.05%
6/5/2021,44.41,6.64M,-0.56%
5/5/2021,44.66,6.91M,-0.47%
4/5/2021,44.87,5.36M,2.02%
3/5/2021,43.98,3.31M,1.64%
30/04/2021,43.27,5.01M,-2.24%
29/04/2021,44.26,5.92M,1.68%
28/04/2021,43.53,5.50M,0.97%
27/04/2021,43.11,3.45M,1.84%
26/04/2021,42.33,3.15M,-0.31%
23/04/2021,42.46,4.21M,0.88%
22/04/2021,42.09,3.28M,0.77%
21/04/2021,41.77,5.80M,-2.27%
20/04/2021,42.74,6.42M,-1.34%
19/04/2021,43.32,3.32M,0.32%
16/04/2021,43.18,4.68M,-0.21%
15/04/2021,43.27,4.39M,0.53%
14/04/2021,43.04,9.35M,3.96%
13/04/2021,41.4,5.06M,1.22%
12/4/2021,40.9,6.00M,0.64%
9/4/2021,40.64,3.71M,-0.44%
8/4/2021,40.82,4.29M,-0.10%
7/4/2021,40.86,9.99M,0.39%
6/4/2021,40.7,6.73M,1.04%
5/4/2021,40.28,9.80M,-3.73%
1/4/2021,41.84,11.60M,3.23%
31/03/2021,40.53,6.37M,-1.55%
30/03/2021,41.17,4.15M,-1.79%
29/03/2021,41.92,6.38M,0.94%
26/03/2021,41.53,10.09M,4.11%
25/03/2021,39.89,9.48M,-3.76%
24/03/2021,41.45,11.33M,5.28%
23/03/2021,39.37,12.36M,-5.61%
22/03/2021,41.71,4.16M,-0.14%
19/03/2021,41.77,6.43M,3.21%
18/03/2021,40.47,18.82M,-7.64%
17/03/2021,43.82,5.84M,-0.02%
16/03/2021,43.83,4.93M,-0.97%
15/03/2021,44.26,5.72M,-0.20%
12/3/2021,44.35,4.64M,-0.56%
11/3/2021,44.6,6.59M,1.97%
10/3/2021,43.74,5.73M,1.46%
9/3/2021,43.11,5.50M,-0.90%
8/3/2021,43.5,5.08M,-2.12%
5/3/2021,44.44,7.88M,3.18%
4/3/2021,43.07,11.82M,4.69%
3/3/2021,41.14,4.76M,2.67%
2/3/2021,40.07,8.27M,-1.31%
1/3/2021,40.6,6.96M,-1.72%
26/02/2021,41.31,5.91M,-2.71%
25/02/2021,42.46,4.52M,-0.09%
24/02/2021,42.5,6.50M,2.11%
23/02/2021,41.62,5.64M,0.82%
22/02/2021,41.28,5.81M,4.03%
19/02/2021,39.68,5.54M,-1.47%
18/02/2021,40.27,6.72M,-1.52%
17/02/2021,40.89,7.42M,1.09%
16/02/2021,40.45,5.47M,1.28%
12/2/2021,39.94,5.79M,2.49%
11/2/2021,38.97,3.74M,-0.79%
10/2/2021,39.28,5.05M,0.28%
9/2/2021,39.17,4.90M,0.59%
8/2/2021,38.94,4.22M,1.96%
5/2/2021,38.19,4.38M,1.01%
4/2/2021,37.81,5.03M,0.99%
3/2/2021,37.44,6.80M,1.68%
2/2/2021,36.82,6.27M,1.94%
1/2/2021,36.12,6.05M,2.67%
29/01/2021,35.18,3.92M,-0.20%
28/01/2021,35.25,5.41M,-0.70%
27/01/2021,35.5,4.92M,0.14%
26/01/2021,35.45,2.63M,-0.39%
25/01/2021,35.59,4.13M,1.02%
22/01/2021,35.23,4.67M,-1.48%
21/01/2021,35.76,3.01M,-0.08%
20/01/2021,35.79,3.22M,0.11%
19/01/2021,35.75,3.80M,1.16%
15/01/2021,35.34,5.49M,-2.48%
14/01/2021,36.24,5.18M,1.23%
13/01/2021,35.8,4.46M,-0.28%
12/1/2021,35.9,4.19M,1.82%
11/1/2021,35.26,5.11M,-0.48%
8/1/2021,35.43,7.55M,2.61%
7/1/2021,34.53,4.10M,1.23%
6/1/2021,34.11,7.46M,0.50%
5/1/2021,33.94,13.62M,4.82%
4/1/2021,32.38,14.34M,-1.91%
31/12/2020,33.01,4.42M,0.30%
30/12/2020,32.91,4.84M,0.40%
29/12/2020,32.78,3.63M,0.58%
28/12/2020,32.59,4.92M,-1.00%
24/12/2020,32.92,1.69M,0.52%
23/12/2020,32.75,5.08M,2.06%
22/12/2020,32.09,3.77M,-1.69%
21/12/2020,32.64,6.14M,-2.51%
18/12/2020,33.48,4.76M,0.97%
17/12/2020,33.16,4.53M,1.28%
16/12/2020,32.74,4.35M,0.61%
15/12/2020,32.54,3.51M,1.15%
14/12/2020,32.17,4.88M,0.72%
11/12/2020,31.94,3.39M,-0.53%
10/12/2020,32.11,7.57M,2.46%
9/12/2020,31.34,7.63M,-0.22%
8/12/2020,31.41,3.79M,0.03%
7/12/2020,31.4,4.79M,-0.51%
4/12/2020,31.56,6.93M,0.99%
3/12/2020,31.25,5.56M,0.90%
2/12/2020,30.97,7.06M,1.14%
1/12/2020,30.62,4.54M,-1.13%
30/11/2020,30.97,6.78M,-0.80%
27/11/2020,31.22,2.90M,-0.48%
25/11/2020,31.37,5.87M,1.85%
24/11/2020,30.8,9.10M,4.34%
23/11/2020,29.52,4.40M,0.85%
20/11/2020,29.27,4.91M,0.62%
19/11/2020,29.09,2.93M,0.31%
18/11/2020,29,4.11M,0.45%
17/11/2020,28.87,3.61M,0.21%
16/11/2020,28.81,4.58M,2.42%
13/11/2020,28.13,4.37M,-1.85%
12/11/2020,28.66,6.09M,-1.31%
11/11/2020,29.04,6.38M,0.45%
10/11/2020,28.91,6.60M,2.99%
9/11/2020,28.07,9.84M,6.04%
6/11/2020,26.47,5.12M,-2.54%
5/11/2020,27.16,5.12M,-1.02%
4/11/2020,27.44,5.98M,2.69%
3/11/2020,26.72,7.24M,1.75%
2/11/2020,26.26,5.39M,4.00%
30/10/2020,25.25,5.43M,-1.37%
29/10/2020,25.6,8.40M,-2.70%
28/10/2020,26.31,7.01M,-4.98%
27/10/2020,27.69,3.04M,2.14%
26/10/2020,27.11,4.65M,-2.76%
23/10/2020,27.88,3.99M,-2.21%
22/10/2020,28.51,3.24M,1.46%
21/10/2020,28.1,5.17M,-3.27%
20/10/2020,29.05,4.39M,1.61%
19/10/2020,28.59,2.80M,-0.45%
16/10/2020,28.72,2.52M,-0.76%
15/10/2020,28.94,5.28M,-0.14%
14/10/2020,28.98,3.20M,1.83%
13/10/2020,28.46,3.62M,1.39%
12/10/2020,28.07,4.55M,-2.16%
9/10/2020,28.69,4.60M,-1.54%
8/10/2020,29.14,6.57M,2.64%
7/10/2020,28.39,5.53M,0.00%
6/10/2020,28.39,6.29M,1.65%
5/10/2020,27.93,7.85M,6.00%
4/10/2020,26.35,,0.00%
3/10/2020,26.35,,0.00%
2/10/2020,26.35,8.58M,-4.22%
1/10/2020,27.51,6.56M,-2.76%
30/09/2020,28.29,3.45M,2.13%
29/09/2020,27.7,5.34M,-3.45%
28/09/2020,28.69,2.43M,1.20%
27/09/2020,28.35,,0.00%
26/09/2020,28.35,,0.00%
25/09/2020,28.35,2.45M,-0.53%
24/09/2020,28.5,3.42M,1.68%
23/09/2020,28.03,5.11M,-0.50%
22/09/2020,28.17,3.02M,-0.42%
21/09/2020,28.29,5.36M,-2.65%
18/09/2020,29.06,3.06M,-0.58%
17/09/2020,29.23,4.58M,1.85%
16/09/2020,28.7,5.79M,4.29%
15/09/2020,27.52,3.91M,2.15%
14/09/2020,26.94,3.31M,-0.37%
13/09/2020,27.04,,0.00%
11/9/2020,27.04,3.36M,0.93%
10/9/2020,26.79,4.86M,-2.26%
9/9/2020,27.41,5.31M,2.47%
8/9/2020,26.75,10.55M,-6.17%
4/9/2020,28.51,7.37M,-3.81%
3/9/2020,29.64,8.00M,-0.74%
2/9/2020,29.86,7.28M,-2.45%
1/9/2020,30.61,3.93M,0.10%
31/08/2020,30.58,3.83M,-0.46%
30/08/2020,30.72,,0.00%
28/08/2020,30.72,2.44M,0.16%
27/08/2020,30.67,4.37M,-0.84%
26/08/2020,30.93,5.40M,0.03%
25/08/2020,30.92,5.25M,1.88%
24/08/2020,30.35,4.51M,0.56%
23/08/2020,30.18,,0.00%
21/08/2020,30.18,6.52M,-1.11%
20/08/2020,30.52,6.11M,-0.46%
19/08/2020,30.66,3.78M,0.20%
18/08/2020,30.6,5.59M,-0.55%
17/08/2020,30.77,4.31M,1.45%
14/08/2020,30.33,3.79M,-0.23%
13/08/2020,30.4,3.41M,-0.52%
12/8/2020,30.56,5.31M,2.48%
11/8/2020,29.82,5.56M,-1.13%
10/8/2020,30.16,4.23M,1.04%
9/8/2020,29.85,,0.00%
8/8/2020,29.85,,0.00%
7/8/2020,29.85,4.87M,-1.09%
6/8/2020,30.18,4.34M,-0.17%
5/8/2020,30.23,9.10M,1.51%
4/8/2020,29.78,7.71M,1.50%
3/8/2020,29.34,5.90M,0.93%
2/8/2020,29.07,,0.00%
31/07/2020,29.07,5.03M,0.48%
30/07/2020,28.93,10.02M,-2.16%
29/07/2020,29.57,3.11M,0.75%
28/07/2020,29.35,4.42M,-1.24%
27/07/2020,29.72,6.27M,0.95%
26/07/2020,29.44,,0.00%
25/07/2020,29.44,,0.00%
24/07/2020,29.44,4.95M,0.10%
23/07/2020,29.41,5.93M,-1.14%
22/07/2020,29.75,3.93M,0.10%
21/07/2020,29.72,8.35M,2.06%
20/07/2020,29.12,3.86M,0.07%
17/07/2020,29.1,3.57M,-0.21%
16/07/2020,29.16,3.24M,-0.44%
15/07/2020,29.29,7.04M,1.42%
14/07/2020,28.88,5.06M,1.33%
13/07/2020,28.5,6.54M,-1.83%
12/7/2020,29.03,,0.00%
11/7/2020,29.03,,0.00%
10/7/2020,29.03,5.43M,2.18%
9/7/2020,28.41,5.60M,-2.64%
8/7/2020,29.18,4.68M,1.35%
7/7/2020,28.79,4.67M,-0.59%
6/7/2020,28.96,6.15M,0.73%
5/7/2020,28.75,,0.00%
4/7/2020,28.75,,0.00%
2/7/2020,28.75,5.55M,1.41%
1/7/2020,28.35,6.96M,1.03%
30/06/2020,28.06,5.84M,-0.74%
29/06/2020,28.27,6.97M,3.33%
26/06/2020,27.36,5.26M,-2.08%
25/06/2020,27.94,8.77M,2.53%
24/06/2020,27.25,11.10M,-5.12%
23/06/2020,28.72,7.36M,-0.90%
22/06/2020,28.98,8.86M,2.66%
19/06/2020,28.23,13.50M,1.22%
18/06/2020,27.89,6.28M,2.24%
17/06/2020,27.28,7.39M,-1.30%
16/06/2020,27.64,11.80M,2.45%
15/06/2020,26.98,8.64M,2.08%
12/6/2020,26.43,8.89M,0.27%
11/6/2020,26.36,22.80M,-7.28%
10/6/2020,28.43,8.30M,0.04%
9/6/2020,28.42,10.18M,0.18%
8/6/2020,28.37,14.16M,-1.73%
7/6/2020,28.87,,0.00%
5/6/2020,28.87,11.82M,4.98%
4/6/2020,27.5,11.38M,1.40%
3/6/2020,27.12,11.43M,0.18%
2/6/2020,27.07,9.13M,3.24%
1/6/2020,26.22,8.22M,1.31%
29/05/2020,25.88,12.75M,3.40%
28/05/2020,25.03,8.09M,0.12%
27/05/2020,25,13.84M,-2.57%
26/05/2020,25.66,12.89M,0.35%
22/05/2020,25.57,10.61M,-3.87%
21/05/2020,26.6,21.26M,4.97%
20/05/2020,25.34,11.75M,3.68%
19/05/2020,24.44,9.37M,0.53%
18/05/2020,24.31,19.71M,8.58%
15/05/2020,22.39,11.52M,4.38%
14/05/2020,21.45,11.54M,4.13%
13/05/2020,20.6,10.08M,-1.76%
12/5/2020,20.97,10.14M,-0.94%
11/5/2020,21.17,10.46M,-1.40%
8/5/2020,21.47,10.52M,4.89%
7/5/2020,20.47,12.75M,-1.82%
6/5/2020,20.85,17.30M,-3.07%
5/5/2020,21.51,20.95M,9.35%
4/5/2020,19.67,14.04M,4.29%
3/5/2020,18.86,,0.00%
2/5/2020,18.86,,0.00%
1/5/2020,18.86,13.83M,-1.36%
30/04/2020,19.12,24.00M,6.22%
29/04/2020,18,23.38M,5.63%
28/04/2020,17.04,19.48M,-2.74%
27/04/2020,17.52,33.89M,-14.79%
24/04/2020,20.56,22.80M,-2.65%
23/04/2020,21.12,39.78M,5.18%
22/04/2020,20.08,54.85M,-10.68%
21/04/2020,22.48,125.41M,-25.07%
20/04/2020,30,109.40M,-10.93%
17/04/2020,33.68,31.27M,-3.44%
16/04/2020,34.88,30.16M,-1.58%
15/04/2020,35.44,27.40M,-4.94%
14/04/2020,37.28,23.98M,-5.48%
13/04/2020,39.44,15.69M,-1.00%
9/4/2020,39.84,37.98M,-7.26%
8/4/2020,42.96,21.11M,5.50%
7/4/2020,40.72,23.43M,-7.12%
6/4/2020,43.84,20.35M,-7.12%
3/4/2020,47.2,28.24M,15.46%
2/4/2020,40.88,40.23M,16.67%
1/4/2020,35.04,14.88M,4.04%
31/03/2020,33.68,15.64M,-0.47%
30/03/2020,33.84,20.54M,-5.37%
27/03/2020,35.76,15.31M,-7.45%
26/03/2020,38.64,15.70M,-4.92%
25/03/2020,40.64,12.34M,2.01%
24/03/2020,39.84,10.64M,2.05%
23/03/2020,39.04,9.05M,-1.21%
20/03/2020,39.52,18.33M,-8.01%
19/03/2020,42.96,16.27M,14.01%
18/03/2020,37.68,23.76M,-17.51%
17/03/2020,45.68,8.62M,-5.62%
16/03/2020,48.4,9.52M,-13.07%
13/03/2020,55.68,9.83M,6.42%
12/3/2020,52.32,11.63M,-5.76%
11/3/2020,55.52,8.15M,-4.14%
10/3/2020,57.92,10.70M,11.04%
9/3/2020,52.16,19.27M,-25.32%
6/3/2020,69.84,9.78M,-9.16%
5/3/2020,76.88,4.14M,-2.54%
4/3/2020,78.88,5.79M,-0.30%
3/3/2020,79.12,6.41M,-0.30%
2/3/2020,79.36,5.17M,4.97%
28/02/2020,75.6,5.38M,-3.37%
27/02/2020,78.24,6.23M,-4.02%
26/02/2020,81.52,4.93M,-2.02%
25/02/2020,83.2,4.13M,-3.17%
24/02/2020,85.92,4.69M,-3.76%
21/02/2020,89.28,3.38M,-1.06%
20/02/2020,90.24,3.42M,0.89%
19/02/2020,89.44,3.14M,2.10%
18/02/2020,87.6,2.68M,0.00%
14/02/2020,87.6,3.06M,1.01%
13/02/2020,86.72,3.61M,0.28%
12/2/2020,86.48,3.93M,2.95%
11/2/2020,84,3.12M,0.77%
10/2/2020,83.36,2.83M,-1.51%
7/2/2020,84.64,2.61M,-1.49%
6/2/2020,85.92,3.25M,0.37%
5/2/2020,85.6,5.09M,2.49%
4/2/2020,83.52,5.19M,-0.48%
3/2/2020,83.92,5.06M,-3.23%
31/01/2020,86.72,4.05M,-2.17%
30/01/2020,88.64,3.69M,-0.72%
29/01/2020,89.28,2.72M,-0.80%
28/01/2020,90,3.05M,1.35%
27/01/2020,88.8,3.14M,-2.89%
24/01/2020,91.44,3.05M,-1.97%
23/01/2020,93.28,3.86M,-2.02%
22/01/2020,95.2,3.20M,-2.78%
21/01/2020,97.92,1.71M,-0.73%
17/01/2020,98.64,2.22M,0.33%
16/01/2020,98.32,1.96M,0.90%
15/01/2020,97.44,1.88M,-0.81%
14/01/2020,98.24,2.34M,0.66%
13/01/2020,97.6,2.86M,-1.69%
10/1/2020,99.28,2.02M,-0.64%
9/1/2020,99.92,3.44M,-1.34%
8/1/2020,101.28,6.93M,-3.58%
7/1/2020,105.04,1.86M,-0.23%
6/1/2020,105.28,2.60M,-0.15%
3/1/2020,105.44,4.33M,2.89%
2/1/2020,102.48,1.56M,0.00%
31/12/2019,102.48,1.45M,-0.62%
30/12/2019,103.12,1.12M,-0.15%
27/12/2019,103.28,1.14M,0.16%
26/12/2019,103.12,881.69K,0.94%
24/12/2019,102.16,431.74K,0.55%
23/12/2019,101.6,931.69K,0.55%
20/12/2019,101.04,1.43M,-1.17%
19/12/2019,102.24,959.59K,0.31%
18/12/2019,101.92,1.48M,0.16%
17/12/2019,101.76,1.49M,1.03%
16/12/2019,100.72,801.84K,0.80%
13/12/2019,99.92,2.14M,0.97%
12/12/2019,98.96,2.79M,0.57%
11/12/2019,98.4,1.92M,-0.73%
10/12/2019,99.12,1.28M,0.49%
9/12/2019,98.64,1.72M,0.08%
6/12/2019,98.56,2.63M,1.07%
5/12/2019,97.52,2.98M,0.00%
4/12/2019,97.52,3.67M,3.66%
3/12/2019,94.08,2.92M,0.77%
2/12/2019,93.36,1.74M,0.43%
29/11/2019,92.96,3.35M,-4.28%
27/11/2019,97.12,1.88M,-0.41%
26/11/2019,97.52,2.06M,0.66%
25/11/2019,96.88,2.35M,0.00%
22/11/2019,96.88,2.24M,-0.74%
21/11/2019,97.6,3.37M,2.52%
20/11/2019,95.2,4.80M,2.85%
19/11/2019,92.56,3.61M,-2.77%
18/11/2019,95.2,3.13M,-1.49%
15/11/2019,96.64,2.21M,1.43%
14/11/2019,95.28,2.55M,-0.42%
13/11/2019,95.68,2.82M,0.76%
12/11/2019,94.96,2.17M,-0.17%
11/11/2019,95.12,2.23M,-0.83%
8/11/2019,95.92,3.01M,0.93%
7/11/2019,95.04,3.26M,0.59%
6/11/2019,94.48,4.25M,-1.01%
5/11/2019,95.44,2.10M,1.02%
4/11/2019,94.48,3.04M,1.03%
1/11/2019,93.52,3.28M,3.45%
31/10/2019,90.4,2.76M,-1.48%
30/10/2019,91.76,3.00M,-0.95%
29/10/2019,92.64,2.20M,-0.60%
28/10/2019,93.2,2.37M,-1.52%
25/10/2019,94.64,2.06M,0.85%
24/10/2019,93.84,2.02M,0.69%
23/10/2019,93.2,3.24M,2.73%
22/10/2019,90.72,2.78M,1.16%
21/10/2019,89.68,2.21M,-0.09%
18/10/2019,89.76,2.50M,-0.53%
17/10/2019,90.24,2.21M,1.26%
16/10/2019,89.12,2.56M,0.72%
15/10/2019,88.48,3.12M,-1.07%
14/10/2019,89.44,2.97M,-2.10%
11/10/2019,91.36,4.61M,2.06%
10/10/2019,89.52,2.66M,1.82%
9/10/2019,87.92,3.00M,0.92%
8/10/2019,87.12,3.06M,-1.36%
7/10/2019,88.32,2.52M,0.00%
4/10/2019,88.32,3.50M,1.01%
3/10/2019,87.44,3.68M,-0.46%
2/10/2019,87.84,3.57M,-1.88%
1/10/2019,89.52,3.32M,-1.32%
30/09/2019,90.72,3.18M,-2.74%
27/09/2019,93.28,3.22M,-1.19%
26/09/2019,94.4,2.63M,0.00%
25/09/2019,94.4,2.71M,-0.84%
24/09/2019,95.2,3.70M,-2.54%
23/09/2019,97.68,2.70M,0.08%
20/09/2019,97.6,3.02M,0.08%
19/09/2019,97.52,3.82M,0.74%
18/09/2019,96.8,4.34M,-1.55%
17/09/2019,98.32,12.38M,-4.21%
16/09/2019,102.64,10.13M,12.15%
13/09/2019,91.52,1.76M,-0.26%
12/9/2019,91.76,4.47M,-1.80%
11/9/2019,93.44,4.79M,-2.50%
10/9/2019,95.84,3.20M,-0.83%
9/9/2019,96.64,2.93M,2.63%
6/9/2019,94.16,2.79M,0.60%
5/9/2019,93.6,3.41M,-0.09%
4/9/2019,93.68,3.64M,4.37%
3/9/2019,89.76,3.51M,-2.09%
30/08/2019,91.68,3.82M,-2.72%
29/08/2019,94.24,2.85M,1.20%
28/08/2019,93.12,3.80M,1.93%
27/08/2019,91.36,3.07M,2.15%
26/08/2019,89.44,3.26M,-0.09%
23/08/2019,89.52,4.26M,-2.95%
22/08/2019,92.24,2.72M,-0.69%
21/08/2019,92.88,3.01M,-0.17%
20/08/2019,93.04,3.08M,-0.26%
19/08/2019,93.28,3.05M,2.28%
16/08/2019,91.2,2.93M,0.44%
15/08/2019,90.8,3.77M,-0.79%
14/08/2019,91.52,5.23M,-3.62%
13/08/2019,94.96,5.98M,4.49%
12/8/2019,90.88,3.02M,0.71%
9/8/2019,90.24,3.62M,2.92%
8/8/2019,87.68,2.94M,1.11%
7/8/2019,86.72,6.76M,-2.69%
6/8/2019,89.12,3.78M,-2.02%
5/8/2019,90.96,5.89M,-0.96%
2/8/2019,91.84,4.70M,1.50%
1/8/2019,90.48,7.20M,-6.06%
31/07/2019,96.32,3.49M,-0.33%
30/07/2019,96.64,2.72M,2.20%
29/07/2019,94.56,2.84M,1.46%
26/07/2019,93.2,2.16M,0.43%
25/07/2019,92.8,2.49M,0.09%
24/07/2019,92.72,4.37M,-1.86%
23/07/2019,94.48,2.24M,1.11%
22/07/2019,93.44,3.00M,0.09%
19/07/2019,93.36,3.14M,0.95%
18/07/2019,92.48,4.83M,-1.62%
17/07/2019,94,3.77M,-2.65%
16/07/2019,96.56,4.50M,-1.87%
15/07/2019,98.4,2.72M,-1.76%
12/7/2019,100.16,1.86M,-0.24%
11/7/2019,100.4,2.23M,0.16%
10/7/2019,100.24,4.19M,4.07%
9/7/2019,96.32,1.83M,0.92%
8/7/2019,95.44,3.14M,-0.17%
5/7/2019,95.6,2.84M,1.53%
3/7/2019,94.16,2.46M,0.60%
2/7/2019,93.6,6.16M,-4.72%
1/7/2019,98.24,3.92M,1.99%
28/06/2019,96.32,3.61M,-2.03%
27/06/2019,98.32,3.30M,0.00%
26/06/2019,98.32,4.38M,2.42%
25/06/2019,96,2.90M,-0.08%
24/06/2019,96.08,3.33M,0.33%
21/06/2019,95.76,3.07M,1.01%
20/06/2019,94.8,5.82M,4.59%
19/06/2019,90.64,5.14M,0.71%
18/06/2019,90,4.51M,4.07%
17/06/2019,86.48,3.94M,-1.19%
14/06/2019,87.52,3.22M,0.55%
13/06/2019,87.04,4.37M,2.26%
12/6/2019,85.12,4.38M,-4.23%
11/6/2019,88.88,2.36M,0.00%
10/6/2019,88.88,2.94M,-1.07%
7/6/2019,89.84,3.27M,1.54%
6/6/2019,88.48,3.95M,2.69%
5/6/2019,86.16,5.20M,-3.49%
4/6/2019,89.28,2.81M,1.55%
3/6/2019,87.92,4.14M,-0.99%
31/05/2019,88.8,5.04M,-5.61%
30/05/2019,94.08,3.69M,-3.92%
29/05/2019,97.92,4.51M,0.08%
28/05/2019,97.84,2.93M,0.00%
24/05/2019,97.84,2.69M,1.16%
23/05/2019,96.72,5.70M,-5.10%
22/05/2019,101.92,3.44M,-2.97%
21/05/2019,105.04,1.84M,-0.15%
20/05/2019,105.2,2.68M,0.54%
17/05/2019,104.64,2.95M,-0.46%
16/05/2019,105.12,2.46M,1.31%
15/05/2019,103.76,2.75M,0.78%
14/05/2019,102.96,2.54M,1.50%
13/05/2019,101.44,4.85M,-1.25%
10/5/2019,102.72,2.35M,0.23%
9/5/2019,102.48,2.40M,-0.62%
8/5/2019,103.12,2.89M,1.26%
7/5/2019,101.84,3.74M,-2.60%
6/5/2019,104.56,4.74M,1.55%
3/5/2019,102.96,3.27M,0.39%
2/5/2019,102.56,5.29M,-3.03%
1/5/2019,105.76,3.22M,-0.53%
30/04/2019,106.32,2.10M,0.45%
29/04/2019,105.84,2.93M,1.07%
26/04/2019,104.72,5.27M,-3.25%
25/04/2019,108.24,2.20M,-1.10%
24/04/2019,109.44,1.88M,-0.80%
23/04/2019,110.32,2.32M,0.88%
22/04/2019,109.36,2.55M,2.63%
18/04/2019,106.56,1.55M,0.30%
17/04/2019,106.24,1.93M,-0.67%
16/04/2019,106.96,1.68M,0.98%
15/04/2019,105.92,1.98M,-0.45%
12/4/2019,106.4,2.32M,0.23%
11/4/2019,106.16,2.36M,-1.04%
10/4/2019,107.28,2.11M,0.60%
9/4/2019,106.64,3.42M,-0.52%
8/4/2019,107.2,2.98M,1.90%
5/4/2019,105.2,2.34M,1.78%
4/4/2019,103.36,2.17M,-0.54%
3/4/2019,103.92,3.04M,-0.15%
2/4/2019,104.08,2.90M,1.48%
1/4/2019,102.56,2.86M,2.56%
29/03/2019,100,2.20M,1.21%
28/03/2019,98.8,2.59M,0.08%
27/03/2019,98.72,2.39M,-1.04%
26/03/2019,99.76,2.05M,1.80%
25/03/2019,98,2.46M,0.16%
22/03/2019,97.84,2.84M,-1.69%
21/03/2019,99.52,1.87M,-0.48%
20/03/2019,100,2.45M,1.79%
19/03/2019,98.24,1.95M,-0.24%
18/03/2019,98.48,2.30M,0.90%
15/03/2019,97.6,2.03M,-0.16%
14/03/2019,97.76,2.65M,0.25%
13/03/2019,97.52,3.63M,2.52%
12/3/2019,95.12,2.05M,0.25%
11/3/2019,94.88,2.81M,1.11%
8/3/2019,93.84,3.69M,-0.68%
7/3/2019,94.48,2.22M,0.51%
6/3/2019,94,3.23M,-0.59%
5/3/2019,94.56,2.59M,0.17%
4/3/2019,94.4,2.75M,1.20%
1/3/2019,93.28,3.96M,-2.43%
28/02/2019,95.6,1.78M,0.50%
27/02/2019,95.12,2.69M,2.24%
26/02/2019,93.04,2.49M,0.52%
25/02/2019,92.56,3.57M,-3.18%
22/02/2019,95.6,1.64M,0.59%
21/02/2019,95.04,1.65M,-0.42%
20/02/2019,95.44,2.13M,1.27%
19/02/2019,94.24,2.64M,0.60%
15/02/2019,93.68,2.35M,2.00%
14/02/2019,91.84,3.40M,1.23%
13/02/2019,90.72,2.60M,1.61%
12/2/2019,89.28,2.23M,1.36%
11/2/2019,88.08,2.95M,-0.63%
8/2/2019,88.64,1.73M,0.09%
7/2/2019,88.56,2.78M,-2.21%
6/2/2019,90.56,2.40M,0.27%
5/2/2019,90.32,2.74M,-1.83%
4/2/2019,92,2.48M,-1.12%
1/2/2019,93.04,2.36M,2.47%
31/01/2019,90.8,3.44M,-0.44%
30/01/2019,91.2,2.58M,2.15%
29/01/2019,89.28,2.85M,1.92%
28/01/2019,87.6,3.61M,-2.67%
25/01/2019,90,2.22M,0.72%
24/01/2019,89.36,2.75M,1.09%
23/01/2019,88.4,3.63M,-0.63%
22/01/2019,88.96,4.60M,-1.68%
18/01/2019,90.48,5.11M,2.54%
17/01/2019,88.24,4.48M,-0.27%
16/01/2019,88.48,4.09M,0.55%
15/01/2019,88,2.99M,2.90%
14/01/2019,85.52,3.88M,-1.93%
11/1/2019,87.2,3.58M,-1.80%
10/1/2019,88.8,2.65M,0.45%
9/1/2019,88.4,6.15M,5.24%
8/1/2019,84,3.64M,2.04%
7/1/2019,82.32,4.03M,1.08%
4/1/2019,81.44,4.86M,2.31%
3/1/2019,79.6,4.03M,1.02%
2/1/2019,78.8,4.14M,1.97%
31/12/2018,77.28,3.55M,1.36%
28/12/2018,76.24,2.85M,-0.94%
27/12/2018,76.96,4.57M,-2.83%
26/12/2018,79.2,5.12M,6.57%
24/12/2018,74.32,2.70M,-2.93%
21/12/2018,76.56,4.86M,-1.54%
20/12/2018,77.76,5.52M,-2.99%
19/12/2018,80.16,4.81M,2.35%
18/12/2018,78.32,7.05M,-6.32%
17/12/2018,83.6,5.02M,-3.42%
14/12/2018,86.56,4.47M,-3.48%
13/12/2018,89.68,6.64M,3.60%
12/12/2018,86.56,3.28M,-1.19%
11/12/2018,87.6,2.61M,1.86%
10/12/2018,86,3.93M,-3.24%
7/12/2018,88.88,5.41M,1.55%
6/12/2018,87.52,5.74M,-2.15%
4/12/2018,89.44,3.40M,-0.80%
3/12/2018,90.16,4.04M,5.03%
30/11/2018,85.84,5.85M,-1.29%
29/11/2018,86.96,4.14M,1.97%
28/11/2018,85.28,6.10M,-2.65%
27/11/2018,87.6,4.51M,0.09%
26/11/2018,87.52,4.88M,1.02%
23/11/2018,86.64,6.94M,-5.99%
21/11/2018,92.16,4.78M,2.22%
20/11/2018,90.16,9.02M,-7.17%
19/11/2018,97.12,4.32M,0.58%
16/11/2018,96.56,3.79M,0.75%
15/11/2018,95.84,4.92M,0.25%
14/11/2018,95.6,6.94M,2.22%
13/11/2018,93.52,10.62M,-6.33%
12/11/2018,99.84,4.36M,-1.73%
9/11/2018,101.6,3.86M,-1.09%
8/11/2018,102.72,3.43M,-1.68%
7/11/2018,104.48,3.24M,-0.91%
6/11/2018,105.44,3.70M,-0.90%
5/11/2018,106.4,2.46M,-0.08%
2/11/2018,106.48,3.60M,-1.11%
1/11/2018,107.68,4.51M,-2.39%
31/10/2018,110.32,4.00M,-1.71%
30/10/2018,112.24,2.46M,-0.57%
29/10/2018,112.88,2.66M,-1.54%
26/10/2018,114.64,2.71M,0.84%
25/10/2018,113.68,1.92M,1.14%
24/10/2018,112.4,3.38M,0.07%
23/10/2018,112.32,5.84M,-4.75%
22/10/2018,117.92,2.18M,0.14%
19/10/2018,117.76,2.57M,1.10%
18/10/2018,116.48,2.99M,-1.75%
17/10/2018,118.56,3.95M,-2.44%
16/10/2018,121.52,2.31M,0.40%
15/10/2018,121.04,2.80M,0.07%
12/10/2018,120.96,3.34M,1.14%
11/10/2018,119.6,3.72M,-2.80%
10/10/2018,123.04,2.26M,-2.78%
9/10/2018,126.56,2.91M,0.89%
8/10/2018,125.44,2.47M,-0.06%
5/10/2018,125.52,3.25M,-0.32%
4/10/2018,125.92,3.30M,-2.11%
3/10/2018,128.64,3.28M,1.32%
2/10/2018,126.96,2.00M,-0.50%
1/10/2018,127.6,3.28M,2.77%
28/09/2018,124.16,2.31M,1.70%
27/09/2018,122.08,1.47M,0.99%
26/09/2018,120.88,1.38M,-1.05%
25/09/2018,122.16,2.29M,0.13%
24/09/2018,122,3.09M,1.94%
21/09/2018,119.68,3.54M,1.08%
20/09/2018,118.4,1.85M,-0.94%
19/09/2018,119.52,2.18M,1.70%
18/09/2018,117.52,1.84M,1.52%
17/09/2018,115.76,1.80M,-0.21%
14/09/2018,116,2.04M,0.07%
13/09/2018,115.92,2.30M,-1.96%
12/9/2018,118.24,2.33M,1.23%
11/9/2018,116.8,1.55M,2.74%
10/9/2018,113.68,1.24M,-0.49%
7/9/2018,114.24,1.72M,-0.14%
6/9/2018,114.4,1.94M,-1.31%
5/9/2018,115.92,1.61M,-0.62%
4/9/2018,116.64,1.88M,-0.88%
31/08/2018,117.68,1.38M,-0.27%
30/08/2018,118,1.79M,0.61%
29/08/2018,117.28,2.21M,1.59%
28/08/2018,115.44,1.34M,-0.48%
27/08/2018,116,1.36M,0.49%
24/08/2018,115.44,1.79M,1.12%
23/08/2018,114.16,1.44M,0.00%
22/08/2018,114.16,2.54M,3.18%
21/08/2018,110.64,1.34M,0.51%
20/08/2018,110.08,2.19M,0.51%
17/08/2018,109.52,2.55M,0.44%
16/08/2018,109.04,2.31M,0.89%
15/08/2018,108.08,5.95M,-3.43%
14/08/2018,111.92,2.37M,-0.14%
13/08/2018,112.08,3.42M,-0.50%
10/8/2018,112.64,2.26M,1.44%
9/8/2018,111.04,2.02M,-0.14%
8/8/2018,111.2,3.61M,-3.20%
7/8/2018,114.88,1.67M,0.35%
6/8/2018,114.48,2.56M,0.28%
3/8/2018,114.16,2.06M,-0.63%
2/8/2018,114.88,2.17M,1.92%
1/8/2018,112.72,2.26M,-1.33%
31/07/2018,114.24,2.03M,-1.79%
30/07/2018,116.32,2.16M,1.54%
27/07/2018,114.56,1.88M,-1.04%
26/07/2018,115.76,1.98M,0.35%
25/07/2018,115.36,2.69M,1.34%
24/07/2018,113.84,2.50M,0.99%
23/07/2018,112.72,2.94M,-0.42%
20/07/2018,113.2,2.85M,0.14%
19/07/2018,113.04,2.77M,0.21%
18/07/2018,112.8,2.78M,1.08%
17/07/2018,111.6,6.81M,0.07%
16/07/2018,111.52,3.90M,-3.66%
13/07/2018,115.76,2.40M,0.56%
12/7/2018,115.12,2.94M,0.56%
11/7/2018,114.48,4.80M,-5.04%
10/7/2018,120.56,1.93M,0.27%
9/7/2018,120.24,1.61M,0.47%
6/7/2018,119.68,2.37M,1.22%
5/7/2018,118.24,2.74M,-0.94%
3/7/2018,119.36,2.64M,-0.27%
2/7/2018,119.68,2.69M,-0.66%
29/06/2018,120.48,2.70M,1.35%
28/06/2018,118.88,3.88M,1.43%
27/06/2018,117.2,4.31M,2.66%
26/06/2018,114.16,4.21M,3.63%
25/06/2018,110.16,3.10M,-1.78%
22/06/2018,112.16,4.12M,5.33%
21/06/2018,106.48,2.25M,0.23%
20/06/2018,106.24,2.54M,1.07%
19/06/2018,105.12,2.00M,-1.13%
18/06/2018,106.32,2.22M,1.84%
15/06/2018,104.4,3.44M,-3.48%
14/06/2018,108.16,1.67M,0.37%
13/06/2018,107.76,2.18M,0.52%
12/6/2018,107.2,2.43M,0.30%
11/6/2018,106.88,1.84M,0.68%
8/6/2018,106.16,1.98M,-0.60%
7/6/2018,106.8,1.78M,1.44%
6/6/2018,105.28,2.12M,-0.45%
5/6/2018,105.76,2.79M,0.76%
4/6/2018,104.96,2.48M,-0.98%
1/6/2018,106,2.87M,-2.21%
31/05/2018,108.4,3.03M,-2.02%
30/05/2018,110.64,3.02M,2.37%
29/05/2018,108.08,3.29M,-1.24%
25/05/2018,109.44,5.07M,-4.27%
24/05/2018,114.32,1.93M,-1.52%
23/05/2018,116.08,2.01M,-0.34%
22/05/2018,116.48,2.46M,-0.75%
21/05/2018,117.36,1.68M,1.66%
18/05/2018,115.44,1.56M,-0.41%
17/05/2018,115.92,2.15M,0.21%
16/05/2018,115.68,1.68M,0.42%
15/05/2018,115.2,2.24M,0.14%
14/05/2018,115.04,2.03M,0.91%
11/5/2018,114,1.76M,-1.11%
10/5/2018,115.28,1.95M,0.28%
9/5/2018,114.96,2.44M,2.20%
8/5/2018,112.48,6.61M,-0.28%
7/5/2018,112.8,3.60M,0.07%
4/5/2018,112.72,2.35M,1.95%
3/5/2018,110.56,1.52M,1.10%
2/5/2018,109.36,1.73M,0.44%
1/5/2018,108.88,2.01M,-1.38%
30/04/2018,110.4,3.62M,0.51%
27/04/2018,109.84,1.60M,-0.29%
26/04/2018,110.16,2.15M,0.36%
25/04/2018,109.76,1.71M,0.29%
24/04/2018,109.44,2.51M,-1.72%
23/04/2018,111.36,2.07M,1.24%
20/04/2018,110,1.48M,-0.15%
19/04/2018,110.16,2.18M,-0.79%
18/04/2018,111.04,3.32M,3.50%
17/04/2018,107.28,1.64M,0.22%
16/04/2018,107.04,1.75M,-1.25%
13/04/2018,108.4,1.77M,0.22%
12/4/2018,108.16,1.86M,0.52%
11/4/2018,107.6,3.09M,1.51%
10/4/2018,106,2.97M,3.76%
9/4/2018,102.16,1.60M,2.08%
6/4/2018,100.08,3.15M,-2.49%
5/4/2018,102.64,2.16M,0.08%
4/4/2018,102.56,2.54M,0.08%
3/4/2018,102.48,1.15M,0.55%
2/4/2018,101.92,2.41M,-2.67%
29/03/2018,104.72,2.04M,0.38%
28/03/2018,104.32,2.37M,-0.31%
27/03/2018,104.64,2.58M,-0.98%
26/03/2018,105.68,3.12M,-0.53%
23/03/2018,106.24,2.27M,2.55%
22/03/2018,103.6,1.97M,-1.75%
21/03/2018,105.44,2.89M,2.89%
20/03/2018,102.48,2.28M,2.07%
19/03/2018,100.4,2.86M,0.00%
16/03/2018,100.4,3.49M,1.70%
15/03/2018,98.72,1.47M,0.49%
14/03/2018,98.24,2.32M,0.33%
13/03/2018,97.92,3.02M,-1.05%
12/3/2018,98.96,2.19M,-0.80%
9/3/2018,99.76,2.42M,2.63%
8/3/2018,97.2,2.88M,-1.62%
7/3/2018,98.8,3.12M,-1.75%
6/3/2018,100.56,2.26M,-0.16%
5/3/2018,100.72,2.46M,1.78%
2/3/2018,98.96,2.25M,0.16%
1/3/2018,98.8,3.24M,-0.16%
28/02/2018,98.96,3.48M,-2.21%
27/02/2018,101.2,2.13M,-1.63%
26/02/2018,102.88,1.75M,0.70%
23/02/2018,102.16,2.30M,1.43%
22/02/2018,100.72,2.41M,2.44%
21/02/2018,98.32,1.42M,-0.81%
20/02/2018,99.12,2.72M,0.08%
16/02/2018,99.04,2.22M,0.41%
15/02/2018,98.64,2.41M,1.23%
14/02/2018,97.44,4.47M,2.61%
13/02/2018,94.96,2.37M,-0.17%
12/2/2018,95.12,2.04M,0.25%
9/2/2018,94.88,5.40M,-1.90%
8/2/2018,96.72,3.41M,-2.26%
7/2/2018,98.96,4.61M,-2.60%
6/2/2018,101.6,2.95M,-0.55%
5/2/2018,102.16,3.84M,-2.07%
2/2/2018,104.32,3.59M,-1.51%
1/2/2018,105.92,2.51M,2.00%
31/01/2018,103.84,2.66M,0.62%
30/01/2018,103.2,4.30M,-1.60%
29/01/2018,104.88,1.98M,-0.98%
26/01/2018,105.92,3.97M,1.38%
25/01/2018,104.48,2.10M,-1.21%
24/01/2018,105.76,3.27M,1.93%
23/01/2018,103.76,2.08M,1.49%
22/01/2018,102.24,1.87M,0.47%
19/01/2018,101.76,2.17M,-0.31%
18/01/2018,102.08,2.08M,-0.16%
17/01/2018,102.24,1.99M,0.16%
16/01/2018,102.08,2.28M,-0.85%
12/1/2018,102.96,2.85M,1.34%
11/1/2018,101.6,2.58M,0.16%
10/1/2018,101.44,1.82M,0.88%
9/1/2018,100.56,2.67M,1.53%
8/1/2018,99.04,1.23M,0.57%
5/1/2018,98.48,1.61M,-0.49%
4/1/2018,98.96,1.48M,0.24%
3/1/2018,98.72,2.16M,2.24%
2/1/2018,96.56,1.50M,0.50%
29/12/2017,96.08,1.48M,0.33%
28/12/2017,95.76,1.55M,0.42%
27/12/2017,95.36,1.03M,-0.25%
26/12/2017,95.6,2.20M,2.49%
22/12/2017,93.28,823.93K,0.17%
21/12/2017,93.12,1.39M,0.26%
20/12/2017,92.88,1.26M,0.87%
19/12/2017,92.08,856.14K,0.61%
18/12/2017,91.52,1.63M,-0.17%
15/12/2017,91.68,1.20M,0.26%
14/12/2017,91.44,1.13M,0.88%
13/12/2017,90.64,2.28M,-0.96%
12/12/2017,91.52,3.11M,-1.38%
11/12/2017,92.8,1.80M,0.96%
8/12/2017,91.92,1.18M,1.41%
7/12/2017,90.64,1.14M,1.16%
6/12/2017,89.6,2.42M,-2.95%
5/12/2017,92.32,1.61M,0.44%
4/12/2017,91.92,1.52M,-1.54%
1/12/2017,93.36,1.77M,1.74%
30/11/2017,91.76,2.23M,0.00%
29/11/2017,91.76,2.01M,-0.95%
28/11/2017,92.64,1.01M,-0.09%
27/11/2017,92.72,1.74M,-1.70%
24/11/2017,94.32,1.17M,1.64%
22/11/2017,92.8,2.25M,1.75%
21/11/2017,91.2,1.53M,1.06%
20/11/2017,90.24,1.43M,-0.62%
17/11/2017,90.8,2.05M,2.53%
16/11/2017,88.56,1.53M,-0.18%
15/11/2017,88.72,1.72M,-0.36%
14/11/2017,89.04,2.69M,-2.20%
13/11/2017,91.04,1.74M,-0.35%
10/11/2017,91.36,1.46M,-0.35%
9/11/2017,91.68,2.46M,0.44%
8/11/2017,91.28,4.65M,-0.70%
7/11/2017,91.92,2.24M,-0.17%
6/11/2017,92.08,3.84M,2.95%
3/11/2017,89.44,2.36M,1.73%
2/11/2017,87.92,1.26M,0.83%
1/11/2017,87.2,2.64M,-0.27%
31/10/2017,87.44,1.75M,0.55%
30/10/2017,86.96,1.57M,0.28%
27/10/2017,86.72,3.09M,2.55%
26/10/2017,84.56,1.92M,0.86%
25/10/2017,83.84,2.15M,-0.57%
24/10/2017,84.32,2.30M,1.15%
23/10/2017,83.36,1.42M,-0.10%
20/10/2017,83.44,1.50M,0.77%
19/10/2017,82.8,1.45M,-1.24%
18/10/2017,83.84,1.68M,-0.10%
17/10/2017,83.92,2.05M,0.29%
16/10/2017,83.68,2.01M,0.87%
13/10/2017,82.96,2.30M,1.37%
12/10/2017,81.84,1.90M,-1.25%
11/10/2017,82.88,1.74M,0.78%
10/10/2017,82.24,1.94M,2.80%
9/10/2017,80,1.37M,0.30%
6/10/2017,79.76,2.94M,-2.73%
5/10/2017,82,1.62M,1.69%
4/10/2017,80.64,1.63M,-0.98%
3/10/2017,81.44,1.41M,-0.29%
2/10/2017,81.68,2.22M,-2.11%
29/09/2017,83.44,1.64M,0.00%
28/09/2017,83.44,2.34M,-0.86%
27/09/2017,84.16,2.00M,0.29%
26/09/2017,83.92,1.80M,-0.57%
25/09/2017,84.4,3.73M,3.03%
22/09/2017,81.92,1.64M,-0.10%
21/09/2017,82,1.45M,0.10%
20/09/2017,81.92,2.88M,1.29%
19/09/2017,80.88,1.90M,-0.59%
18/09/2017,81.36,2.37M,-0.29%
15/09/2017,81.6,2.01M,0.69%
14/09/2017,81.04,3.20M,0.60%
13/09/2017,80.56,2.82M,2.03%
12/9/2017,78.96,1.77M,0.51%
11/9/2017,78.56,2.05M,0.92%
8/9/2017,77.84,3.01M,-2.99%
7/9/2017,80.24,2.60M,-0.10%
6/9/2017,80.32,2.58M,1.21%
5/9/2017,79.36,3.08M,2.59%
1/9/2017,77.36,2.00M,0.42%
31/08/2017,77.04,3.19M,2.67%
30/08/2017,75.04,2.36M,-0.85%
29/08/2017,75.68,2.46M,-0.73%
28/08/2017,76.24,4.06M,-2.26%
25/08/2017,78,1.90M,0.41%
24/08/2017,77.68,2.27M,-1.72%
23/08/2017,79.04,2.07M,1.13%
22/08/2017,78.16,1.78M,0.62%
21/08/2017,77.68,3.78M,-2.61%
18/08/2017,79.76,3.81M,3.64%
17/08/2017,76.96,2.00M,0.52%
16/08/2017,76.56,4.71M,-1.85%
15/08/2017,78,2.48M,0.31%
14/08/2017,77.76,3.16M,-2.70%
11/8/2017,79.92,1.86M,0.81%
10/8/2017,79.28,3.12M,-2.36%
9/8/2017,81.2,2.17M,0.89%
8/8/2017,80.48,2.93M,-0.40%
7/8/2017,80.8,2.48M,-0.30%
4/8/2017,81.04,2.20M,1.10%
3/8/2017,80.16,2.91M,-1.18%
2/8/2017,81.12,3.38M,0.50%
1/8/2017,80.72,5.19M,-1.85%
31/07/2017,82.24,4.07M,1.08%
28/07/2017,81.36,4.16M,1.09%
27/07/2017,80.48,3.37M,1.00%
26/07/2017,79.68,4.86M,1.53%
25/07/2017,78.48,3.45M,3.26%
24/07/2017,76,2.47M,1.71%
21/07/2017,74.72,4.85M,-2.81%
20/07/2017,76.88,2.57M,-0.83%
19/07/2017,77.52,3.20M,1.57%
18/07/2017,76.32,3.37M,0.95%
17/07/2017,75.6,3.13M,-1.46%
14/07/2017,76.72,3.10M,1.27%
13/07/2017,75.76,2.57M,1.50%
12/7/2017,74.64,4.78M,0.65%
11/7/2017,74.16,3.08M,1.53%
10/7/2017,73.04,3.46M,0.33%
7/7/2017,72.8,5.41M,-2.26%
6/7/2017,74.48,5.24M,0.65%
5/7/2017,74,8.52M,-3.85%
3/7/2017,76.96,2.53M,1.26%
30/06/2017,76,4.08M,3.15%
29/06/2017,73.68,3.91M,0.11%
28/06/2017,73.6,3.67M,1.10%
27/06/2017,72.8,3.64M,1.90%
26/06/2017,71.44,4.66M,0.79%
23/06/2017,70.88,3.88M,0.91%
22/06/2017,70.24,3.95M,0.80%
21/06/2017,69.68,7.65M,-2.68%
20/06/2017,71.6,6.08M,-1.86%
19/06/2017,72.96,3.23M,-1.30%
16/06/2017,73.92,2.68M,0.65%
15/06/2017,73.44,3.95M,-0.54%
14/06/2017,73.84,7.59M,-3.85%
13/06/2017,76.8,3.25M,0.84%
12/6/2017,76.16,3.18M,0.32%
9/6/2017,75.92,3.20M,0.64%
8/6/2017,75.44,5.11M,-0.32%
7/6/2017,75.68,7.34M,-5.12%
6/6/2017,79.76,3.30M,1.73%
5/6/2017,78.4,3.52M,-0.61%
2/6/2017,78.88,3.84M,-0.50%
1/6/2017,79.28,3.77M,-0.50%
31/05/2017,79.68,4.16M,-2.73%
30/05/2017,81.92,1.99M,-0.39%
26/05/2017,82.24,3.93M,2.39%
25/05/2017,80.32,10.48M,-5.28%
24/05/2017,84.8,4.15M,-0.38%
23/05/2017,85.12,3.28M,0.95%
22/05/2017,84.32,3.06M,0.57%
19/05/2017,83.84,3.10M,2.14%
18/05/2017,82.08,2.66M,0.69%
17/05/2017,81.52,3.38M,0.79%
16/05/2017,80.88,2.10M,-0.59%
15/05/2017,81.36,4.59M,2.21%
12/5/2017,79.6,2.43M,0.10%
11/5/2017,79.52,2.42M,0.81%
10/5/2017,78.88,4.17M,3.03%
9/5/2017,76.56,2.55M,-1.03%
8/5/2017,77.36,3.82M,0.10%
5/5/2017,77.28,4.45M,2.11%
4/5/2017,75.68,8.78M,-4.73%
3/5/2017,79.44,4.57M,0.10%
2/5/2017,79.36,5.52M,-2.27%
1/5/2017,81.2,2.01M,-0.88%
28/04/2017,81.92,1.99M,0.00%
27/04/2017,81.92,4.25M,-0.19%
26/04/2017,82.08,3.35M,-0.97%
25/04/2017,82.88,2.96M,1.07%
24/04/2017,82,3.48M,-0.68%
21/04/2017,82.56,4.83M,-2.09%
20/04/2017,84.32,3.67M,-0.75%
19/04/2017,84.96,6.31M,-3.80%
18/04/2017,88.32,1.81M,-0.18%
17/04/2017,88.48,1.86M,-0.63%
13/04/2017,89.04,2.17M,0.18%
12/4/2017,88.88,3.22M,-0.54%
11/4/2017,89.36,3.07M,0.27%
10/4/2017,89.12,2.77M,1.64%
7/4/2017,87.68,2.40M,0.92%
6/4/2017,86.88,2.74M,1.69%
5/4/2017,85.44,3.62M,-0.28%
4/4/2017,85.68,3.05M,1.52%
3/4/2017,84.4,2.10M,-0.85%
31/03/2017,85.12,2.43M,0.66%
30/03/2017,84.56,3.57M,1.93%
29/03/2017,82.96,2.89M,2.17%
28/03/2017,81.2,2.23M,1.10%
27/03/2017,80.32,2.81M,-0.50%
24/03/2017,80.72,2.01M,0.80%
23/03/2017,80.08,2.33M,-1.09%
22/03/2017,80.96,2.81M,0.10%
21/03/2017,80.88,3.11M,-1.61%
20/03/2017,82.2,1.72M,-0.53%
17/03/2017,82.64,2.24M,-0.29%
16/03/2017,82.88,2.80M,-0.19%
15/03/2017,83.04,4.26M,1.86%
14/03/2017,81.52,5.46M,-0.88%
13/03/2017,82.24,5.14M,-0.10%
10/3/2017,82.32,5.45M,-2.28%
9/3/2017,84.24,6.03M,-1.31%
8/3/2017,85.36,8.22M,-5.32%
7/3/2017,90.16,1.37M,-0.09%
6/3/2017,90.24,1.95M,-0.09%
3/3/2017,90.32,1.80M,1.07%
2/3/2017,89.36,2.72M,-2.02%
1/3/2017,91.2,1.82M,-0.44%
28/02/2017,91.6,2.11M,-0.17%
27/02/2017,91.76,1.30M,0.09%
24/02/2017,91.68,1.42M,-0.61%
23/02/2017,92.24,2.41M,1.50%
22/02/2017,90.88,2.32M,-1.56%
21/02/2017,92.32,3.15M,1.32%
17/02/2017,91.12,1.73M,-0.18%
16/02/2017,91.28,1.72M,0.44%
15/02/2017,90.88,2.45M,-0.18%
14/02/2017,91.04,2.32M,0.53%
13/02/2017,90.56,2.56M,-1.57%
10/2/2017,92,3.33M,1.32%
9/2/2017,90.8,2.55M,1.07%
8/2/2017,89.84,3.44M,0.36%
7/2/2017,89.52,4.76M,-1.67%
6/2/2017,91.04,3.05M,-1.39%
3/2/2017,92.32,2.62M,0.26%
2/2/2017,92.08,2.47M,0.26%
1/2/2017,91.84,2.52M,1.41%
31/01/2017,90.56,2.40M,0.35%
30/01/2017,90.24,2.06M,-1.05%
27/01/2017,91.2,2.49M,-1.13%
26/01/2017,92.24,2.69M,1.95%
25/01/2017,90.48,2.39M,-0.53%
24/01/2017,90.96,1.92M,0.44%
23/01/2017,90.56,1.83M,-0.61%
20/01/2017,91.12,3.33M,1.97%
19/01/2017,89.36,1.97M,0.09%
18/01/2017,89.28,3.82M,-2.36%
17/01/2017,91.44,2.12M,0.18%
13/01/2017,91.28,1.98M,-1.13%
12/1/2017,92.32,3.42M,1.50%
11/1/2017,90.96,4.01M,2.71%
10/1/2017,88.56,2.98M,-2.12%
9/1/2017,90.48,2.60M,-3.17%
6/1/2017,93.44,1.91M,-0.17%
5/1/2017,93.6,2.67M,1.04%
4/1/2017,92.64,2.26M,1.22%
3/1/2017,91.52,4.52M,-2.39%
30/12/2016,93.76,1.86M,0.00%
29/12/2016,93.76,2.01M,-0.26%
28/12/2016,94,2.22M,0.17%
27/12/2016,93.84,1.77M,1.47%
23/12/2016,92.48,1.33M,0.87%
22/12/2016,91.68,2.28M,0.17%
21/12/2016,91.52,2.88M,-1.55%
20/12/2016,92.96,2.38M,1.04%
19/12/2016,92,2.40M,-0.43%
16/12/2016,92.4,4.37M,1.67%
15/12/2016,90.88,4.57M,0.35%
14/12/2016,90.56,5.10M,-3.50%
13/12/2016,93.84,4.16M,0.95%
12/12/2016,92.96,6.61M,1.57%
9/12/2016,91.52,4.11M,1.15%
8/12/2016,90.48,4.09M,1.98%
7/12/2016,88.72,5.30M,-1.77%
6/12/2016,90.32,3.79M,-0.53%
5/12/2016,90.8,5.67M,-1.13%
2/12/2016,91.84,4.77M,1.32%
1/12/2016,90.64,11.36M,3.66%
30/11/2016,87.44,13.78M,8.65%
29/11/2016,80.48,8.37M,-3.64%
28/11/2016,83.52,7.27M,1.06%
25/11/2016,82.64,3.72M,-3.19%
23/11/2016,85.36,3.27M,0.38%
22/11/2016,85.04,5.54M,-1.30%
21/11/2016,86.16,5.34M,4.36%
18/11/2016,82.56,3.47M,1.88%
17/11/2016,81.04,5.04M,-0.98%
16/11/2016,81.84,5.16M,-1.06%
15/11/2016,82.72,7.74M,4.76%
14/11/2016,78.96,5.61M,1.02%
11/11/2016,78.16,6.02M,-2.69%
10/11/2016,80.32,4.25M,-2.33%
9/11/2016,82.24,5.02M,1.78%
8/11/2016,80.8,3.65M,-0.59%
7/11/2016,81.28,4.29M,1.80%
4/11/2016,79.84,7.00M,-0.99%
3/11/2016,80.64,4.88M,-1.95%
2/11/2016,82.24,6.20M,-2.74%
1/11/2016,84.56,4.29M,0.38%
31/10/2016,84.24,5.66M,-4.36%
28/10/2016,88.08,3.62M,-1.78%
27/10/2016,89.68,3.08M,1.08%
26/10/2016,88.72,7.19M,-1.33%
25/10/2016,89.92,5.83M,-1.66%
24/10/2016,91.44,6.37M,-0.44%
21/10/2016,91.84,4.96M,0.44%
20/10/2016,91.44,5.65M,-1.97%
19/10/2016,93.28,6.03M,1.83%
18/10/2016,91.6,4.80M,0.70%
17/10/2016,90.96,4.50M,-0.61%
14/10/2016,91.52,6.65M,-0.44%
13/10/2016,91.92,7.67M,0.52%
12/10/2016,91.44,5.79M,-1.30%
11/10/2016,92.64,7.67M,-0.77%
10/10/2016,93.36,6.53M,3.00%
7/10/2016,90.64,6.81M,-1.56%
6/10/2016,92.08,5.32M,1.41%
5/10/2016,90.8,5.83M,2.34%
4/10/2016,88.72,7.29M,-0.09%
3/10/2016,88.8,4.71M,1.56%
30/09/2016,87.44,5.45M,0.55%
29/09/2016,86.96,7.91M,2.07%
28/09/2016,85.2,11.73M,4.93%
27/09/2016,81.2,6.94M,-2.68%
26/09/2016,83.44,5.35M,2.36%
23/09/2016,81.52,6.43M,-3.23%
22/09/2016,84.24,6.68M,1.25%
21/09/2016,83.2,5.51M,3.28%
20/09/2016,80.56,5.59M,0.90%
19/09/2016,79.84,5.72M,-0.20%
16/09/2016,80,4.88M,-1.38%
15/09/2016,81.12,4.78M,0.50%
14/09/2016,80.72,6.74M,-2.70%
13/09/2016,82.96,4.79M,-2.54%
12/9/2016,85.12,3.35M,0.47%
9/9/2016,84.72,3.61M,-3.38%
8/9/2016,87.68,6.79M,4.18%
7/9/2016,84.16,4.46M,1.25%
6/9/2016,83.12,4.20M,1.46%
2/9/2016,81.92,4.65M,1.79%
1/9/2016,80.48,7.38M,-2.90%
31/08/2016,82.88,3.82M,-3.45%
30/08/2016,85.84,3.44M,-1.11%
29/08/2016,86.8,3.10M,-0.91%
26/08/2016,87.6,3.29M,0.00%
25/08/2016,87.6,2.97M,1.20%
24/08/2016,86.56,3.73M,-2.45%
23/08/2016,88.73,5.97M,1.11%
22/08/2016,87.76,3.12M,-3.26%
19/08/2016,90.72,3.87M,0.35%
18/08/2016,90.4,7.36M,2.82%
17/08/2016,87.92,4.18M,0.64%
16/08/2016,87.36,4.27M,1.49%
15/08/2016,86.08,4.25M,2.48%
12/8/2016,84,3.99M,2.84%
11/8/2016,81.68,3.95M,4.50%
10/8/2016,78.16,3.88M,-2.98%
9/8/2016,80.56,3.22M,-0.30%
8/8/2016,80.8,3.61M,2.43%
5/8/2016,78.88,3.86M,0.20%
4/8/2016,78.72,3.78M,1.55%
3/8/2016,77.52,4.55M,3.86%
2/8/2016,74.64,3.79M,-0.85%
1/8/2016,75.28,4.75M,-3.59%
29/07/2016,78.08,3.19M,0.93%
28/07/2016,77.36,3.55M,-2.32%
27/07/2016,79.2,3.62M,-1.79%
26/07/2016,80.64,2.98M,-0.49%
25/07/2016,81.04,3.04M,-2.78%
22/07/2016,83.36,2.81M,-0.67%
21/07/2016,83.92,2.54M,-2.24%
20/07/2016,85.84,3.32M,0.28%
19/07/2016,85.6,2.22M,-1.11%
18/07/2016,86.56,2.48M,-1.55%
15/07/2016,87.92,2.96M,1.10%
14/07/2016,86.96,2.68M,1.12%
13/07/2016,86,4.29M,-3.93%
12/7/2016,89.52,3.83M,5.07%
11/7/2016,85.2,2.10M,-1.66%
8/7/2016,86.64,2.69M,0.09%
7/7/2016,86.56,4.54M,-4.50%
6/7/2016,90.64,2.18M,1.34%
5/7/2016,89.44,3.77M,-5.09%
1/7/2016,94.24,2.57M,1.82%
30/06/2016,92.56,2.76M,-1.87%
29/06/2016,94.32,3.10M,2.79%
28/06/2016,91.76,2.92M,2.50%
27/06/2016,89.52,3.23M,-1.84%
24/06/2016,91.2,4.10M,-4.84%
23/06/2016,95.84,2.37M,2.04%
22/06/2016,93.92,3.26M,-1.26%
21/06/2016,95.12,2.73M,-0.17%
20/06/2016,95.28,3.26M,2.14%
17/06/2016,93.28,4.37M,4.67%
16/06/2016,89.12,3.88M,-2.88%
15/06/2016,91.76,2.92M,-2.22%
14/06/2016,93.84,1.98M,-0.26%
13/06/2016,94.08,2.27M,-0.93%
10/6/2016,94.96,2.63M,-3.10%
9/6/2016,98,2.25M,-1.45%
8/6/2016,99.44,3.31M,1.72%
7/6/2016,97.76,2.28M,1.50%
6/6/2016,96.32,2.93M,1.86%
3/6/2016,94.56,2.40M,-0.34%
2/6/2016,94.88,2.80M,-0.59%
1/6/2016,95.44,3.19M,0.51%
31/05/2016,94.96,2.11M,-0.92%
27/05/2016,95.84,1.76M,0.25%
26/05/2016,95.6,2.71M,-0.67%
25/05/2016,96.24,3.14M,1.78%
24/05/2016,94.56,2.14M,1.37%
23/05/2016,93.28,2.04M,-0.77%
20/05/2016,94,2.40M,-0.34%
19/05/2016,94.32,2.74M,0.77%
18/05/2016,93.6,3.68M,-1.85%
17/05/2016,95.36,2.79M,1.36%
16/05/2016,94.08,3.34M,3.43%
13/05/2016,90.96,1.90M,-0.70%
12/5/2016,91.6,2.99M,0.97%
11/5/2016,90.72,3.67M,3.18%
10/5/2016,87.92,2.63M,2.90%
9/5/2016,85.44,2.77M,-2.55%
6/5/2016,87.68,3.30M,0.55%
5/5/2016,87.2,4.27M,1.02%
4/5/2016,86.32,3.11M,0.47%
3/5/2016,85.92,3.55M,-2.81%
2/5/2016,88.4,2.70M,-2.21%
29/04/2016,90.4,4.35M,0.71%
28/04/2016,89.76,3.12M,0.72%
27/04/2016,89.12,4.74M,3.05%
26/04/2016,86.48,2.40M,2.46%
25/04/2016,84.4,2.75M,-1.95%
22/04/2016,86.08,3.75M,0.37%
21/04/2016,85.76,3.39M,-0.37%
20/04/2016,86.08,5.31M,3.07%
19/04/2016,83.52,4.68M,2.65%
18/04/2016,81.36,4.87M,-0.78%
15/04/2016,82,4.37M,-2.19%
14/04/2016,83.84,3.97M,-0.29%
13/04/2016,84.08,5.37M,-1.22%
12/4/2016,85.12,7.08M,3.50%
11/4/2016,82.24,3.63M,2.49%
8/4/2016,80.24,5.89M,5.47%
7/4/2016,76.08,3.53M,-0.94%
6/4/2016,76.8,5.71M,5.15%
5/4/2016,73.04,5.33M,0.55%
4/4/2016,72.64,4.84M,-2.67%
1/4/2016,74.63,5.03M,-3.83%
31/03/2016,77.6,4.09M,-0.31%
30/03/2016,77.84,4.62M,-0.71%
29/03/2016,78.4,4.37M,-2.10%
28/03/2016,80.08,3.41M,-0.50%
24/03/2016,80.48,6.32M,-0.49%
23/03/2016,80.88,5.02M,-4.08%
22/03/2016,84.32,3.54M,-0.47%
21/03/2016,84.72,4.37M,1.05%
18/03/2016,83.84,4.86M,-0.66%
17/03/2016,84.4,5.13M,3.63%
16/03/2016,81.44,4.79M,4.95%
15/03/2016,77.6,4.43M,-1.82%
14/03/2016,79.04,4.66M,-3.04%
11/3/2016,81.52,3.52M,1.49%
10/3/2016,80.32,4.14M,-1.08%
9/3/2016,81.2,5.50M,5.18%
8/3/2016,77.2,5.71M,-4.55%
7/3/2016,80.88,8.39M,4.77%
4/3/2016,77.2,6.12M,4.32%
3/3/2016,74,4.30M,-0.54%
2/3/2016,74.4,6.19M,1.64%
1/3/2016,73.2,5.95M,1.67%
29/02/2016,72,6.33M,2.51%
26/02/2016,70.24,7.35M,-0.23%
25/02/2016,70.4,4.94M,2.44%
24/02/2016,68.72,6.02M,1.30%
23/02/2016,67.84,7.80M,-4.83%
22/02/2016,71.28,6.75M,4.21%
19/02/2016,68.4,5.95M,-1.27%
18/02/2016,69.28,6.92M,-1.37%
17/02/2016,70.24,7.53M,5.66%
16/02/2016,66.48,6.12M,-0.24%
12/2/2016,66.64,8.49M,4.22%
11/2/2016,63.94,12.00M,0.41%
10/2/2016,63.68,8.02M,-2.69%
9/2/2016,65.44,7.23M,-5.32%
8/2/2016,69.12,4.79M,-3.03%
5/2/2016,71.28,4.36M,-2.30%
4/2/2016,72.96,5.62M,-2.36%
3/2/2016,74.72,9.03M,8.98%
2/2/2016,68.56,5.55M,-4.99%
1/2/2016,72.16,6.11M,-6.53%
29/01/2016,77.2,5.90M,-0.52%
28/01/2016,77.6,8.27M,5.66%
27/01/2016,73.44,8.93M,2.34%
26/01/2016,71.76,6.43M,5.04%
25/01/2016,68.32,6.93M,-7.87%
22/01/2016,74.16,7.82M,8.29%
21/01/2016,68.48,10.90M,3.88%
20/01/2016,65.92,10.40M,-2.94%
19/01/2016,67.92,7.54M,-3.41%
15/01/2016,70.32,11.60M,-4.77%
14/01/2016,73.84,5.95M,1.54%
13/01/2016,72.72,12.57M,-0.87%
12/1/2016,73.36,12.76M,-0.86%
11/1/2016,74,10.29M,-5.61%
8/1/2016,78.4,5.59M,-1.01%
7/1/2016,79.2,6.50M,-2.08%
6/1/2016,80.88,9.14M,-5.16%
5/1/2016,85.28,4.02M,-2.91%
4/1/2016,87.84,4.53M,-0.18%
31/12/2015,88,3.80M,0.64%
30/12/2015,87.44,3.10M,-2.93%
29/12/2015,90.08,2.95M,3.02%
28/12/2015,87.44,2.56M,-3.27%
24/12/2015,90.4,2.38M,0.36%
23/12/2015,90.08,4.92M,4.55%
22/12/2015,86.16,2.74M,1.03%
21/12/2015,85.28,3.32M,0.00%
18/12/2015,85.28,4.64M,-0.74%
17/12/2015,85.92,3.76M,-2.27%
16/12/2015,87.92,4.55M,-3.60%
15/12/2015,91.2,4.49M,2.15%
14/12/2015,89.28,4.89M,0.81%
11/12/2015,88.56,5.56M,-2.64%
10/12/2015,90.96,4.22M,-1.64%
9/12/2015,92.48,4.86M,-1.03%
8/12/2015,93.44,4.95M,-0.34%
7/12/2015,93.76,6.67M,-5.94%
4/12/2015,99.68,5.24M,-2.43%
3/12/2015,102.16,4.50M,2.32%
2/12/2015,99.84,6.57M,-3.63%
1/12/2015,103.6,2.46M,0.15%
30/11/2015,103.44,2.77M,-0.77%
27/11/2015,104.24,1.33M,-2.69%
25/11/2015,107.12,3.39M,0.53%
24/11/2015,106.56,3.20M,2.30%
23/11/2015,104.16,3.63M,0.70%
20/11/2015,103.44,4.72M,-0.23%
19/11/2015,103.68,2.81M,-0.69%
18/11/2015,104.4,3.09M,0.31%
17/11/2015,104.08,2.87M,-2.84%
16/11/2015,107.12,4.72M,2.53%
13/11/2015,104.48,4.32M,-2.17%
12/11/2015,106.8,4.20M,-2.98%
11/11/2015,110.08,3.02M,-2.34%
10/11/2015,112.72,1.99M,0.07%
9/11/2015,112.64,2.78M,-1.05%
6/11/2015,113.84,2.80M,-1.73%
5/11/2015,115.84,3.27M,-2.49%
4/11/2015,118.8,3.22M,-2.81%
3/11/2015,122.24,4.54M,3.59%
2/11/2015,118,2.01M,-0.41%
30/10/2015,118.48,2.42M,1.23%
29/10/2015,117.04,2.75M,-0.41%
28/10/2015,117.52,6.12M,6.30%
27/10/2015,110.56,3.30M,-1.36%
26/10/2015,112.08,2.64M,-1.82%
23/10/2015,114.16,3.35M,-1.65%
22/10/2015,116.08,2.08M,0.55%
21/10/2015,115.44,3.32M,-2.04%
20/10/2015,117.84,2.53M,-0.67%
19/10/2015,118.64,2.65M,-2.56%
16/10/2015,121.76,2.89M,0.59%
15/10/2015,121.04,4.52M,0.53%
14/10/2015,120.4,2.35M,-0.07%
13/10/2015,120.48,3.73M,-1.63%
12/10/2015,122.48,3.62M,-4.25%
9/10/2015,127.92,3.72M,-0.31%
8/10/2015,128.32,3.71M,3.02%
7/10/2015,124.56,5.10M,-1.08%
6/10/2015,125.92,5.57M,4.93%
5/10/2015,120,2.90M,1.56%
2/10/2015,118.16,3.49M,1.30%
1/10/2015,116.64,4.04M,-0.68%
30/09/2015,117.44,3.06M,0.48%
29/09/2015,116.88,1.84M,1.60%
28/09/2015,115.04,2.54M,-2.31%
25/09/2015,117.76,2.78M,0.89%
24/09/2015,116.72,3.33M,1.04%
23/09/2015,115.52,4.62M,-3.22%
22/09/2015,119.36,3.54M,-0.86%
21/09/2015,120.4,2.89M,2.94%
18/09/2015,116.96,3.60M,-4.01%
17/09/2015,121.84,3.55M,-0.85%
16/09/2015,122.88,5.53M,5.42%
15/09/2015,116.56,2.15M,1.25%
14/09/2015,115.12,2.22M,-1.77%
11/9/2015,117.2,3.21M,-1.88%
10/9/2015,119.44,2.44M,2.89%
9/9/2015,116.08,2.73M,-3.40%
8/9/2015,120.16,3.64M,-0.40%
4/9/2015,120.64,2.77M,-1.69%
3/9/2015,122.72,5.71M,1.66%
2/9/2015,120.72,7.39M,1.89%
1/9/2015,118.48,7.17M,-6.80%
31/08/2015,127.12,10.99M,6.79%
28/08/2015,119.04,8.60M,6.67%
27/08/2015,111.6,7.02M,9.24%
26/08/2015,102.16,4.05M,0.31%
25/08/2015,101.84,4.04M,1.92%
24/08/2015,99.92,6.17M,-5.59%
21/08/2015,105.84,3.93M,-1.05%
20/08/2015,106.96,3.94M,-0.45%
19/08/2015,107.44,4.49M,-4.41%
18/08/2015,112.4,1.93M,1.15%
17/08/2015,111.12,2.08M,-0.71%
14/08/2015,111.92,2.09M,-0.71%
13/08/2015,112.72,3.31M,-2.42%
12/8/2015,115.52,2.30M,-0.35%
11/8/2015,115.92,3.18M,-2.69%
10/8/2015,119.12,2.56M,2.27%
7/8/2015,116.48,2.48M,-2.08%
6/8/2015,118.96,2.99M,-1.06%
5/8/2015,120.24,3.33M,-1.25%
4/8/2015,121.76,1.82M,0.79%
3/8/2015,120.8,4.35M,-3.14%
31/07/2015,124.72,3.08M,-3.17%
30/07/2015,128.8,1.73M,-0.86%
29/07/2015,129.92,4.34M,2.46%
28/07/2015,126.8,2.75M,1.28%
27/07/2015,125.2,4.76M,-2.37%
24/07/2015,128.24,2.91M,-0.68%
23/07/2015,129.12,2.84M,-1.22%
22/07/2015,130.72,3.39M,-3.37%
21/07/2015,135.28,1.60M,1.32%
20/07/2015,133.52,2.06M,-1.77%
17/07/2015,135.92,2.98M,-0.35%
16/07/2015,136.4,2.43M,-1.04%
15/07/2015,137.84,3.57M,-2.77%
14/07/2015,141.76,2.48M,1.20%
13/07/2015,140.08,2.10M,-0.91%
10/7/2015,141.36,2.13M,-0.23%
9/7/2015,141.68,2.16M,1.90%
8/7/2015,139.04,2.96M,-2.14%
7/7/2015,142.08,5.46M,0.17%
6/7/2015,141.84,5.21M,-6.34%
2/7/2015,151.44,2.30M,-0.89%
1/7/2015,152.8,3.13M,-3.92%
30/06/2015,159.04,1.84M,1.90%
29/06/2015,156.08,2.36M,-2.35%
26/06/2015,159.84,1.36M,0.00%
25/06/2015,159.84,1.51M,-1.14%
24/06/2015,161.68,2.67M,-1.27%
23/06/2015,163.76,2.27M,1.54%
22/06/2015,161.28,1.41M,0.70%
19/06/2015,160.16,1.77M,-1.67%
18/06/2015,162.88,1.86M,0.74%
17/06/2015,161.68,2.47M,-0.25%
16/06/2015,162.08,805.25K,0.55%
15/06/2015,161.2,1.26M,-0.59%
12/6/2015,162.16,1.21M,-1.07%
11/6/2015,163.92,1.16M,-0.73%
10/6/2015,165.12,2.83M,2.13%
9/6/2015,161.68,1.96M,2.54%
8/6/2015,157.68,1.43M,-0.95%
5/6/2015,159.2,2.64M,1.22%
4/6/2015,157.28,2.55M,-2.53%
3/6/2015,161.36,2.09M,-2.47%
2/6/2015,165.44,2.28M,1.57%
1/6/2015,162.88,1.94M,0.25%
29/05/2015,162.48,3.99M,3.83%
28/05/2015,156.48,3.36M,0.41%
27/05/2015,155.84,2.44M,-1.07%
26/05/2015,157.52,2.55M,-2.77%
22/05/2015,162,1.61M,-1.22%
21/05/2015,164,3.32M,3.33%
20/05/2015,158.72,2.84M,1.07%
19/05/2015,157.04,3.57M,-3.96%
18/05/2015,163.52,1.97M,-0.39%
15/05/2015,164.16,2.11M,-0.05%
14/05/2015,164.24,2.14M,-0.39%
13/05/2015,164.88,2.97M,-0.63%
12/5/2015,165.92,2.44M,1.77%
11/5/2015,163.04,1.59M,-0.20%
8/5/2015,163.36,2.19M,1.09%
7/5/2015,161.6,3.07M,-2.98%
6/5/2015,166.56,4.42M,0.29%
5/5/2015,166.08,3.48M,2.37%
4/5/2015,162.24,1.75M,-0.59%
1/5/2015,163.2,1.82M,-0.54%
30/04/2015,164.08,2.38M,1.94%
29/04/2015,160.96,3.92M,2.65%
28/04/2015,156.8,2.61M,0.41%
27/04/2015,156.16,1.97M,-0.76%
24/04/2015,157.36,2.41M,-0.46%
23/04/2015,158.08,3.18M,2.07%
22/04/2015,154.88,2.16M,-0.46%
21/04/2015,155.6,2.90M,-2.21%
20/04/2015,159.12,3.11M,0.25%
17/04/2015,158.72,2.72M,-0.50%
16/04/2015,159.52,4.22M,1.17%
15/04/2015,157.68,6.52M,4.73%
14/04/2015,150.56,2.73M,1.73%
13/04/2015,148,2.32M,0.49%
10/4/2015,147.28,2.04M,2.11%
9/4/2015,144.24,2.35M,-0.22%
8/4/2015,144.56,4.86M,-5.19%
7/4/2015,152.48,5.49M,3.42%
6/4/2015,147.44,5.16M,4.95%
2/4/2015,140.48,4.67M,-0.11%
1/4/2015,140.64,4.37M,4.39%
31/03/2015,134.72,2.88M,-2.26%
30/03/2015,137.84,3.26M,0.53%
27/03/2015,137.12,3.95M,-5.88%
26/03/2015,145.68,5.44M,4.90%
25/03/2015,138.88,3.99M,3.39%
24/03/2015,134.32,2.66M,0.06%
23/03/2015,134.24,2.65M,2.13%
20/03/2015,131.44,3.67M,2.18%
19/03/2015,128.64,4.05M,-4.06%
18/03/2015,134.08,6.80M,5.01%
17/03/2015,127.68,3.91M,-2.39%
16/03/2015,130.8,4.96M,-2.68%
13/03/2015,134.4,5.58M,-3.67%
12/3/2015,139.52,2.98M,-1.86%
11/3/2015,142.16,3.73M,-0.78%
10/3/2015,143.28,3.34M,-2.40%
9/3/2015,146.8,2.47M,0.60%
6/3/2015,145.92,3.43M,-2.51%
5/3/2015,149.68,2.85M,-1.58%
4/3/2015,152.08,4.10M,2.81%
3/3/2015,147.92,2.86M,0.93%
2/3/2015,146.56,2.99M,1.22%
27/02/2015,144.8,3.56M,0.39%
26/02/2015,144.24,5.01M,-3.32%
25/02/2015,149.2,4.79M,3.38%
24/02/2015,144.32,2.28M,-0.39%
23/02/2015,144.88,6.23M,-2.90%
20/02/2015,149.2,3.57M,-2.36%
19/02/2015,152.8,6.03M,-0.83%
18/02/2015,154.08,3.15M,-2.68%
17/02/2015,158.32,3.81M,0.87%
13/02/2015,156.96,3.86M,2.29%
12/2/2015,153.44,3.99M,3.62%
11/2/2015,148.08,4.52M,-2.27%
10/2/2015,151.52,4.22M,-4.20%
9/2/2015,158.16,4.35M,1.54%
6/2/2015,155.76,5.19M,2.31%
5/2/2015,152.24,6.27M,4.10%
4/2/2015,146.24,8.32M,-6.83%
3/2/2015,156.96,9.56M,5.37%
2/2/2015,148.96,5.19M,4.49%
30/01/2015,142.56,6.00M,6.83%
29/01/2015,133.44,3.58M,0.72%
28/01/2015,132.48,5.01M,-3.78%
27/01/2015,137.68,2.90M,2.02%
26/01/2015,134.96,3.55M,-0.76%
23/01/2015,136,4.07M,-2.35%
22/01/2015,139.28,4.72M,-2.03%
21/01/2015,142.16,2.96M,1.66%
20/01/2015,139.84,3.56M,-4.64%
16/01/2015,146.64,4.72M,5.04%
15/01/2015,139.6,6.26M,-4.49%
14/01/2015,146.16,5.30M,3.69%
13/01/2015,140.96,4.13M,1.21%
12/1/2015,139.28,3.85M,-4.76%
9/1/2015,146.24,3.31M,-1.46%
8/1/2015,148.4,3.34M,0.99%
7/1/2015,146.95,3.92M,1.77%
6/1/2015,144.4,5.28M,-3.94%
5/1/2015,150.32,3.94M,-5.53%
2/1/2015,159.12,2.64M,-2.31%
31/12/2014,162.88,3.04M,0.33%
30/12/2014,162.34,2.14M,-0.04%
29/12/2014,162.4,2.70M,-2.31%
26/12/2014,166.24,1.57M,-1.28%
24/12/2014,168.4,1.22M,-2.37%
23/12/2014,172.48,2.02M,3.06%
22/12/2014,167.36,2.57M,-4.74%
19/12/2014,175.68,3.48M,5.88%
18/12/2014,165.92,4.14M,-2.81%
17/12/2014,170.72,5.93M,0.19%
16/12/2014,170.4,5.96M,1.14%
15/12/2014,168.48,3.22M,-3.97%
12/12/2014,175.44,3.31M,-3.31%
11/12/2014,181.44,2.70M,-2.58%
10/12/2014,186.24,3.28M,-3.80%
9/12/2014,193.6,1.51M,1.21%
8/12/2014,191.28,1.91M,-4.21%
5/12/2014,199.68,1.44M,-1.50%
4/12/2014,202.72,864.74K,-0.94%
3/12/2014,204.64,1.54M,0.00%
2/12/2014,204.64,2.55M,-2.79%
1/12/2014,210.52,3.25M,2.87%
28/11/2014,204.64,2.53M,-8.32%
26/11/2014,223.2,1.87M,-0.46%
25/11/2014,224.24,3.10M,-2.47%
24/11/2014,229.92,1.06M,-1.24%
21/11/2014,232.8,1.35M,1.29%
20/11/2014,229.84,903.21K,1.70%
19/11/2014,226,841.64K,0.18%
18/11/2014,225.6,909.08K,-1.67%
17/11/2014,229.43,723.91K,-0.52%
14/11/2014,230.64,999.86K,1.91%
13/11/2014,226.32,2.21M,-2.92%
12/11/2014,233.12,754.07K,-0.95%
11/11/2014,235.36,607.45K,0.27%
10/11/2014,234.72,937.40K,-1.41%
7/11/2014,238.08,823.13K,0.54%
6/11/2014,236.8,793.96K,-1.17%
5/11/2014,239.6,1.73M,2.22%
4/11/2014,234.4,1.58M,-1.55%
3/11/2014,238.08,2.36M,-2.84%
31/10/2014,245.04,585.12K,-0.42%
30/10/2014,246.08,750.37K,-1.50%
29/10/2014,249.84,954.15K,1.33%
28/10/2014,246.56,510.42K,0.59%
27/10/2014,245.12,650.54K,-0.78%
24/10/2014,247.04,706.23K,-0.58%
23/10/2014,248.48,907.52K,1.67%
22/10/2014,244.4,1.08M,-2.40%
21/10/2014,250.4,722.34K,0.51%
20/10/2014,249.12,756.30K,-0.35%
17/10/2014,250,938.85K,0.48%
16/10/2014,248.8,2.38M,1.40%
15/10/2014,245.36,1.83M,-0.58%
14/10/2014,246.8,1.93M,-3.56%
13/10/2014,255.92,635.87K,-0.59%
10/10/2014,257.44,949.91K,0.22%
9/10/2014,256.88,990.11K,-2.70%
8/10/2014,264,932.58K,-1.32%
7/10/2014,267.52,540.47K,-1.76%
6/10/2014,272.32,567.67K,0.80%
3/10/2014,270.16,822.91K,-1.75%
2/10/2014,274.96,1.06M,0.64%
1/10/2014,273.2,860.78K,-0.76%
30/09/2014,275.28,1.45M,-3.13%
29/09/2014,284.16,416.68K,1.02%
26/09/2014,281.28,379.33K,0.95%
25/09/2014,278.64,533.31K,-0.49%
24/09/2014,280,768.90K,1.63%
23/09/2014,275.52,341.59K,0.73%
22/09/2014,273.52,493.55K,-1.10%
19/09/2014,276.56,425.38K,-0.14%
18/09/2014,276.96,539.09K,-1.11%
17/09/2014,280.08,644.53K,-0.68%
16/09/2014,282,647.57K,2.00%
15/09/2014,276.48,400.17K,0.52%
12/9/2014,275.04,514.11K,-0.89%
11/9/2014,277.52,1.02M,1.26%
10/9/2014,274.08,636.80K,-1.04%
9/9/2014,276.96,263.70K,-0.23%
8/9/2014,277.6,356.90K,-0.57%
5/9/2014,279.2,568.42K,-1.13%
4/9/2014,282.4,441.69K,-0.70%
3/9/2014,284.4,551.87K,2.18%
2/9/2014,278.32,754.06K,-2.71%
29/08/2014,286.08,397.77K,1.25%
28/08/2014,282.56,319.36K,0.83%
27/08/2014,280.24,317.56K,-0.03%
26/08/2014,280.32,379.37K,0.49%
25/08/2014,278.96,416.92K,-0.26%
22/08/2014,279.68,488.31K,-0.37%
21/08/2014,280.72,486.02K,0.66%
20/08/2014,278.88,397.77K,0.43%
19/08/2014,277.68,503.57K,-1.00%
18/08/2014,280.48,347.27K,-1.07%
15/08/2014,283.52,665.20K,0.94%
14/08/2014,280.88,987.66K,-2.53%
13/08/2014,288.16,305.46K,0.08%
12/8/2014,287.92,360.69K,-0.64%
11/8/2014,289.76,235.77K,0.28%
8/8/2014,288.96,281.76K,-0.11%
7/8/2014,289.28,298.67K,0.58%
6/8/2014,287.6,647.34K,-0.58%
5/8/2014,289.28,411.21K,-0.88%
4/8/2014,291.84,302.70K,0.80%
1/8/2014,289.52,535.51K,-0.34%
31/07/2014,290.52,597.34K,-1.64%
30/07/2014,295.36,625.69K,-1.26%
29/07/2014,299.12,338.65K,-0.66%
28/07/2014,301.12,274.29K,-0.34%
25/07/2014,302.16,340.96K,-0.13%
24/07/2014,302.56,343.32K,-0.89%
23/07/2014,305.28,282.18K,0.55%
22/07/2014,303.6,185.74K,-0.39%
21/07/2014,304.8,433.60K,1.01%
18/07/2014,301.76,421.08K,-0.29%
17/07/2014,302.64,809.71K,1.39%
16/07/2014,298.48,523.01K,1.17%
15/07/2014,295.04,553.63K,-1.18%
14/07/2014,298.56,772.79K,0.43%
11/7/2014,297.28,618.40K,-1.95%
10/7/2014,303.2,459.06K,0.56%
9/7/2014,301.52,729.76K,-1.28%
8/7/2014,305.44,302.26K,0.03%
7/7/2014,305.36,178.55K,-0.21%
3/7/2014,306,180.94K,-0.39%
2/7/2014,307.2,331.96K,-1.18%
1/7/2014,310.88,296.72K,-0.05%
30/06/2014,311.04,228.71K,-0.26%
27/06/2014,311.84,203.42K,0.03%
26/06/2014,311.76,251.94K,-0.81%
25/06/2014,314.32,257.51K,0.51%
24/06/2014,312.72,238.91K,-0.18%
23/06/2014,313.28,273.33K,-0.41%
20/06/2014,314.56,336.01K,0.49%
19/06/2014,313.04,295.09K,0.31%
18/06/2014,312.08,280.07K,0.05%
17/06/2014,311.92,270.86K,-0.46%
16/06/2014,313.36,227.46K,0.13%
13/06/2014,312.96,369.42K,0.10%
12/6/2014,312.64,726.24K,2.17%
11/6/2014,306,146.37K,-0.08%
10/6/2014,306.24,220.54K,0.26%
9/6/2014,305.44,383.91K,1.52%
6/6/2014,300.88,129.38K,0.16%
5/6/2014,300.4,159.58K,0.11%
4/6/2014,300.08,213.91K,-0.35%
3/6/2014,301.12,145.04K,0.29%
2/6/2014,300.24,388.94K,-0.40%
30/05/2014,301.44,163.88K,-0.61%
29/05/2014,303.28,148.70K,0.61%
28/05/2014,301.44,235.63K,-1.21%
27/05/2014,305.12,144.78K,-0.10%
23/05/2014,305.44,318.23K,0.45%
22/05/2014,304.08,429.57K,0.08%
21/05/2014,303.84,570.33K,1.23%
20/05/2014,300.16,168.57K,0.37%
19/05/2014,299.04,205.60K,0.40%
16/05/2014,297.84,196.90K,0.51%
15/05/2014,296.32,167.37K,-0.38%
14/05/2014,297.44,323.02K,0.38%
13/05/2014,296.32,277.74K,1.23%
12/5/2014,292.72,187.29K,0.52%
9/5/2014,291.2,194.06K,-0.25%
8/5/2014,291.92,162.93K,-0.30%
7/5/2014,292.8,242.28K,1.13%
6/5/2014,289.52,205.29K,0.14%
5/5/2014,289.12,293.00K,-0.41%
2/5/2014,290.32,230.91K,0.36%
1/5/2014,289.28,317.47K,-0.44%
30/04/2014,290.56,451.47K,-1.09%
29/04/2014,293.76,174.85K,0.03%
28/04/2014,293.68,173.94K,0.30%
25/04/2014,292.8,248.93K,-1.21%
24/04/2014,296.4,172.16K,0.38%
23/04/2014,295.28,298.70K,-0.24%
22/04/2014,296,389.82K,-1.70%
21/04/2014,301.12,169.21K,-0.05%
17/04/2014,301.28,385.48K,0.48%
16/04/2014,299.84,583.69K,0.24%
15/04/2014,299.12,339.40K,0.03%
14/04/2014,299.04,168.56K,0.54%
11/4/2014,297.44,329.79K,-0.05%
10/4/2014,297.6,371.17K,-0.05%
9/4/2014,297.76,558.40K,0.87%
8/4/2014,295.2,562.25K,1.71%
7/4/2014,290.24,253.81K,-0.41%
4/4/2014,291.44,303.45K,0.80%
3/4/2014,289.12,233.47K,0.95%
2/4/2014,286.4,420.78K,-0.08%
1/4/2014,286.64,586.10K,-2.08%
31/03/2014,292.72,265.50K,-0.08%
28/03/2014,292.96,250.06K,0.33%
27/03/2014,292,260.24K,1.14%
26/03/2014,288.72,242.65K,0.89%
25/03/2014,286.16,272.99K,-0.14%
24/03/2014,286.56,206.07K,-0.06%
21/03/2014,286.72,338.50K,0.73%
20/03/2014,284.64,286.97K,-0.36%
19/03/2014,285.68,291.68K,0.37%
18/03/2014,284.64,323.24K,1.22%
17/03/2014,281.2,319.11K,-1.07%
14/03/2014,284.24,450.71K,0.54%
13/03/2014,282.72,276.41K,-0.03%
12/3/2014,282.8,821.77K,-1.28%
11/3/2014,286.48,447.62K,-1.35%
10/3/2014,290.4,401.57K,-1.31%
7/3/2014,294.24,277.23K,0.57%
6/3/2014,292.56,456.06K,0.91%
5/3/2014,289.92,687.57K,-2.21%
4/3/2014,296.48,465.84K,-1.23%
3/3/2014,300.16,934.55K,2.12%
28/02/2014,293.92,315.66K,0.14%
27/02/2014,293.52,335.96K,-0.16%
26/02/2014,294,253.64K,0.44%
25/02/2014,292.72,422.40K,-0.54%
24/02/2014,294.32,437.40K,0.27%
21/02/2014,293.52,535.41K,-0.52%
20/02/2014,295.04,342.26K,-0.05%
19/02/2014,295.2,585.36K,0.65%
18/02/2014,293.28,594.95K,2.09%
14/02/2014,287.28,219.41K,0.11%
13/02/2014,286.96,273.13K,0.20%
12/2/2014,286.4,551.00K,0.45%
11/2/2014,285.12,260.61K,0.03%
10/2/2014,285.04,367.65K,-0.03%
7/2/2014,285.12,793.42K,2.12%
6/2/2014,279.2,275.74K,0.55%
5/2/2014,277.68,458.96K,-0.09%
4/2/2014,277.92,329.30K,0.64%
3/2/2014,276.16,1.53M,-0.80%
31/01/2014,278.4,618.54K,-0.43%
30/01/2014,279.6,409.35K,0.63%
29/01/2014,277.84,619.11K,0.12%
28/01/2014,277.52,539.18K,1.34%
27/01/2014,273.84,690.58K,-1.01%
24/01/2014,276.64,616.83K,-0.40%
23/01/2014,277.76,709.65K,0.46%
22/01/2014,276.48,624.46K,1.68%
21/01/2014,271.92,490.74K,0.89%
17/01/2014,269.52,859.60K,0.12%
16/01/2014,269.2,539.67K,-0.36%
15/01/2014,270.16,911.63K,2.21%
14/01/2014,264.32,495.92K,0.70%
13/01/2014,262.48,780.94K,-1.14%
10/1/2014,265.52,682.51K,0.33%
9/1/2014,264.64,815.72K,-0.24%
8/1/2014,265.28,718.99K,-1.25%
7/1/2014,268.64,390.85K,0.03%
6/1/2014,268.56,568.32K,-0.53%
3/1/2014,270,1.21M,-1.40%
2/1/2014,273.84,1.34M,-3.09%
31/12/2013,282.56,674.92K,-0.59%
30/12/2013,284.24,380.24K,-0.86%
27/12/2013,286.72,474.13K,0.53%
26/12/2013,285.2,357.47K,0.45%
24/12/2013,283.92,114.97K,0.37%
23/12/2013,282.88,284.23K,-0.34%
20/12/2013,283.84,403.58K,0.45%
19/12/2013,282.56,775.57K,0.83%
18/12/2013,280.24,545.12K,0.46%
17/12/2013,278.96,278.59K,-0.20%
16/12/2013,279.52,496.99K,0.87%
13/12/2013,277.12,777.21K,-0.94%
12/12/2013,279.76,541.01K,-0.03%
11/12/2013,279.84,912.28K,-0.93%
10/12/2013,282.48,717.94K,1.15%
9/12/2013,279.28,712.51K,-0.40%
6/12/2013,280.4,339.27K,0.34%
5/12/2013,279.44,612.06K,0.14%
4/12/2013,279.04,1.19M,1.07%
3/12/2013,276.08,1.75M,2.46%
2/12/2013,269.44,537.28K,0.66%
29/11/2013,267.68,483.76K,0.81%
27/11/2013,265.52,980.92K,-1.48%
26/11/2013,269.52,407.88K,-0.38%
25/11/2013,270.56,653.32K,-0.65%
22/11/2013,272.32,717.50K,-0.38%
21/11/2013,273.36,686.33K,1.61%
20/11/2013,269.04,646.00K,-0.27%
19/11/2013,269.76,496.09K,0.30%
18/11/2013,268.96,666.62K,-0.77%
15/11/2013,271.04,495.56K,-0.15%
14/11/2013,271.44,791.04K,0.09%
13/11/2013,271.2,495.70K,0.77%
12/11/2013,269.12,942.45K,-1.81%
11/11/2013,274.08,316.69K,0.74%
8/11/2013,272.08,465.29K,0.12%
7/11/2013,271.76,594.31K,-0.64%
6/11/2013,273.51,1.25M,1.54%
5/11/2013,269.36,820.73K,-1.09%
4/11/2013,272.32,571.65K,-0.26%
1/11/2013,273.03,1.22M,-1.62%
31/10/2013,277.52,637.59K,-0.46%
30/10/2013,278.8,741.16K,-1.58%
29/10/2013,283.28,291.64K,-0.39%
28/10/2013,284.4,537.38K,0.65%
25/10/2013,282.56,479.11K,0.94%
24/10/2013,279.92,697.89K,0.11%
23/10/2013,279.6,1.56M,-1.30%
22/10/2013,283.28,1.28M,-1.47%
21/10/2013,287.52,615.27K,-1.40%
18/10/2013,291.6,519.65K,0.19%
17/10/2013,291.04,1.22M,-1.46%
16/10/2013,295.36,612.82K,1.23%
15/10/2013,291.76,684.40K,-1.08%
14/10/2013,294.96,333.17K,0.33%
11/10/2013,294,768.35K,-0.94%
10/10/2013,296.8,852.29K,1.50%
9/10/2013,292.4,1.37M,-2.04%
8/10/2013,298.48,431.42K,0.46%
7/10/2013,297.12,575.82K,-0.46%
4/10/2013,298.48,346.53K,0.46%
3/10/2013,297.12,605.31K,-0.75%
2/10/2013,299.36,1.38M,2.02%
1/10/2013,293.44,792.38K,-0.46%
30/09/2013,294.8,666.07K,-0.30%
27/09/2013,295.68,522.75K,-0.32%
26/09/2013,296.64,367.84K,0.54%
25/09/2013,295.04,614.20K,-0.91%
24/09/2013,297.76,729.71K,-0.13%
23/09/2013,298.16,738.91K,-1.32%
20/09/2013,302.16,703.80K,-0.81%
19/09/2013,304.64,861.46K,-1.55%
18/09/2013,309.44,993.77K,2.49%
17/09/2013,301.92,845.20K,-0.97%
16/09/2013,304.88,773.06K,-1.90%
13/09/2013,310.8,404.27K,-0.04%
12/9/2013,310.92,612.21K,1.00%
11/9/2013,307.84,693.30K,0.38%
10/9/2013,306.68,1.34M,-1.55%
9/9/2013,311.52,989.16K,-1.07%
6/9/2013,314.88,1.30M,1.73%
5/9/2013,309.52,551.91K,0.91%
4/9/2013,306.72,536.65K,-1.08%
3/9/2013,310.08,990.05K,0.73%
30/08/2013,307.84,1.30M,-0.26%
29/08/2013,308.64,1.02M,-1.28%
28/08/2013,312.64,1.62M,0.54%
27/08/2013,310.96,1.81M,2.40%
26/08/2013,303.68,712.57K,0.03%
23/08/2013,303.6,742.91K,1.09%
22/08/2013,300.32,563.98K,1.00%
21/08/2013,297.36,685.76K,-0.93%
20/08/2013,300.16,845.90K,-1.70%
19/08/2013,305.36,425.15K,-0.60%
16/08/2013,307.2,667.60K,0.42%
15/08/2013,305.92,569.97K,0.39%
14/08/2013,304.72,637.52K,0.50%
13/08/2013,303.2,558.80K,0.37%
12/8/2013,302.08,538.52K,0.45%
9/8/2013,300.72,906.52K,2.04%
8/8/2013,294.72,1.36M,-0.46%
7/8/2013,296.08,741.45K,-1.20%
6/8/2013,299.68,761.32K,-0.98%
5/8/2013,302.64,341.02K,-0.29%
2/8/2013,303.52,550.86K,-0.86%
1/8/2013,306.16,1.11M,2.44%
31/07/2013,298.88,783.18K,1.88%
30/07/2013,293.36,656.29K,-1.24%
29/07/2013,297.04,340.09K,-0.21%
26/07/2013,297.68,400.04K,-0.98%
25/07/2013,300.64,650.25K,0.48%
24/07/2013,299.2,899.24K,-1.81%
23/07/2013,304.72,577.06K,0.45%
22/07/2013,303.36,802.07K,-1.38%
19/07/2013,307.6,755.45K,0.29%
18/07/2013,306.72,604.85K,1.43%
17/07/2013,302.4,411.40K,0.85%
16/07/2013,299.84,403.74K,-0.50%
15/07/2013,301.36,592.73K,0.29%
12/7/2013,300.48,700.77K,1.49%
11/7/2013,296.08,1.02M,-1.12%
10/7/2013,299.44,1.38M,1.79%
9/7/2013,294.16,714.08K,0.99%
8/7/2013,291.28,526.53K,-0.41%
5/7/2013,292.48,903.44K,2.01%
3/7/2013,286.72,1.53M,1.79%
2/7/2013,281.68,1.10M,1.56%
1/7/2013,277.36,588.76K,1.43%
28/06/2013,273.44,592.35K,-0.44%
27/06/2013,274.64,844.98K,1.57%
26/06/2013,270.4,581.10K,0.18%
25/06/2013,269.92,565.95K,0.30%
24/06/2013,269.12,841.83K,1.23%
21/06/2013,265.84,1.30M,-1.19%
20/06/2013,269.04,1.14M,-3.31%
19/06/2013,278.24,442.91K,-0.51%
18/06/2013,279.68,319.32K,0.58%
17/06/2013,278.08,537.00K,0.06%
14/06/2013,277.92,782.25K,1.19%
13/06/2013,274.64,342.70K,0.88%
12/6/2013,272.24,690.88K,0.71%
11/6/2013,270.32,539.62K,-0.62%
10/6/2013,272,309.19K,-0.47%
7/6/2013,273.28,851.59K,1.61%
6/6/2013,268.96,742.02K,1.08%
5/6/2013,266.08,546.73K,0.18%
4/6/2013,265.6,454.29K,0.12%
3/6/2013,265.28,615.87K,1.69%
31/05/2013,260.88,807.14K,-1.92%
30/05/2013,266,1.12M,0.45%
29/05/2013,264.8,1.15M,-2.04%
28/05/2013,270.32,472.82K,1.26%
24/05/2013,266.96,518.64K,-0.51%
23/05/2013,268.32,1.14M,0.24%
22/05/2013,267.68,1.32M,-1.91%
21/05/2013,272.88,552.99K,-0.95%
20/05/2013,275.51,467.78K,0.67%
17/05/2013,273.68,709.73K,1.00%
16/05/2013,270.96,604.39K,0.77%
15/05/2013,268.88,1.23M,0.15%
14/05/2013,268.48,591.37K,-0.89%
13/05/2013,270.88,545.36K,-0.82%
10/5/2013,273.12,931.85K,-0.09%
9/5/2013,273.36,522.34K,-0.67%
8/5/2013,275.2,614.81K,1.15%
7/5/2013,272.08,616.32K,-0.38%
6/5/2013,273.12,587.51K,0.38%
3/5/2013,272.08,1.20M,1.55%
2/5/2013,267.92,989.46K,3.40%
1/5/2013,259.12,1.24M,-2.32%
30/04/2013,265.28,626.91K,-1.34%
29/04/2013,268.88,614.26K,1.48%
26/04/2013,264.96,773.99K,-0.39%
25/04/2013,266,1.04M,1.81%
24/04/2013,261.27,823.85K,2.51%
23/04/2013,254.88,572.69K,0.13%
22/04/2013,254.56,710.07K,1.37%
19/04/2013,251.12,534.26K,-0.79%
18/04/2013,253.12,1.17M,2.03%
17/04/2013,248.08,1.25M,-2.36%
16/04/2013,254.08,739.98K,0.86%
15/04/2013,251.92,1.36M,-3.20%
12/4/2013,260.24,1.27M,-2.78%
11/4/2013,267.68,523.50K,-1.09%
10/4/2013,270.64,488.11K,0.56%
9/4/2013,269.12,455.81K,0.45%
8/4/2013,267.92,383.00K,0.63%
5/4/2013,266.24,727.58K,-0.33%
4/4/2013,267.12,1.09M,-1.10%
3/4/2013,270.08,1.09M,-2.57%
2/4/2013,277.2,571.17K,-0.09%
1/4/2013,277.44,438.27K,-0.20%
28/03/2013,278,437.63K,0.58%
27/03/2013,276.4,580.06K,0.29%
26/03/2013,275.6,828.06K,1.77%
25/03/2013,270.8,814.08K,0.71%
22/03/2013,268.88,390.07K,1.69%
21/03/2013,264.4,538.55K,-1.20%
20/03/2013,267.6,562.75K,1.15%
19/03/2013,264.56,818.57K,-1.72%
18/03/2013,269.2,433.93K,0.15%
15/03/2013,268.8,311.38K,0.54%
14/03/2013,267.36,263.20K,0.69%
13/03/2013,265.52,422.17K,-0.21%
12/3/2013,266.08,424.18K,0.67%
11/3/2013,264.32,249.73K,-0.03%
8/3/2013,264.4,383.43K,0.33%
7/3/2013,263.52,702.83K,1.23%
6/3/2013,260.32,606.99K,-0.46%
5/3/2013,261.52,524.46K,0.90%
4/3/2013,259.2,751.16K,-1.04%
1/3/2013,261.92,619.16K,-0.97%
28/02/2013,264.48,664.25K,-1.02%
27/02/2013,267.2,627.46K,0.21%
26/02/2013,266.64,818.56K,0.36%
25/02/2013,265.68,550.16K,-1.16%
22/02/2013,268.8,563.94K,0.51%
21/02/2013,267.44,974.30K,-2.17%
20/02/2013,273.36,1.43M,-2.26%
19/02/2013,279.68,528.41K,0.69%
15/02/2013,277.76,880.11K,-1.56%
14/02/2013,282.16,264.23K,0.23%
13/02/2013,281.52,641.57K,-0.26%
12/2/2013,282.24,341.35K,0.46%
11/2/2013,280.96,592.15K,1.21%
8/2/2013,277.6,391.78K,0.06%
7/2/2013,277.44,492.89K,-1.03%
6/2/2013,280.32,531.88K,0.03%
5/2/2013,280.24,396.43K,0.72%
4/2/2013,278.24,639.98K,-1.61%
1/2/2013,282.8,673.44K,0.20%
31/01/2013,282.24,552.22K,-0.59%
30/01/2013,283.92,679.04K,0.57%
29/01/2013,282.32,738.89K,1.00%
28/01/2013,279.52,457.46K,0.46%
25/01/2013,278.24,477.88K,0.06%
24/01/2013,278.08,601.72K,0.43%
23/01/2013,276.88,768.78K,-1.14%
22/01/2013,280.08,549.18K,0.69%
18/01/2013,278.16,499.68K,0.29%
17/01/2013,277.36,830.51K,1.14%
16/01/2013,274.24,529.45K,0.85%
15/01/2013,271.92,373.96K,-0.85%
14/01/2013,274.24,393.61K,0.65%
11/1/2013,272.48,445.03K,-0.32%
10/1/2013,273.36,432.23K,0.86%
9/1/2013,271.04,344.07K,-0.24%
8/1/2013,271.68,480.18K,0.12%
7/1/2013,271.36,356.66K,0.12%
4/1/2013,271.04,742.61K,0.41%
3/1/2013,269.92,489.42K,-0.24%
2/1/2013,270.56,693.10K,1.35%
31/12/2012,266.96,593.76K,1.00%
28/12/2012,264.32,508.75K,-0.45%
27/12/2012,265.52,488.81K,0.12%
26/12/2012,265.2,695.05K,2.82%
24/12/2012,257.92,192.69K,-0.37%
21/12/2012,258.88,784.80K,-1.13%
20/12/2012,261.84,399.48K,0.18%
19/12/2012,261.36,689.53K,1.52%
18/12/2012,257.44,436.82K,0.55%
17/12/2012,256.04,348.93K,0.61%
14/12/2012,254.48,315.89K,0.73%
13/12/2012,252.64,342.28K,-0.63%
12/12/2012,254.24,754.19K,0.99%
11/12/2012,251.76,610.44K,0.25%
10/12/2012,251.12,395.69K,-0.44%
7/12/2012,252.24,435.44K,-0.41%
6/12/2012,253.28,806.54K,-1.74%
5/12/2012,257.76,600.25K,-0.57%
4/12/2012,259.24,395.94K,-0.60%
3/12/2012,260.8,644.07K,0.12%
30/11/2012,260.48,476.92K,1.21%
29/11/2012,257.36,709.09K,1.20%
28/11/2012,254.32,835.07K,-0.59%
27/11/2012,255.84,578.39K,-0.65%
26/11/2012,257.52,364.89K,-0.40%
23/11/2012,258.56,272.73K,0.62%
21/11/2012,256.96,1.15M,0.53%
20/11/2012,255.6,2.12M,-2.20%
19/11/2012,261.36,1.16M,2.33%
16/11/2012,255.42,1.26M,1.39%
15/11/2012,251.92,1.50M,-0.88%
14/11/2012,254.16,1.49M,1.15%
13/11/2012,251.28,777.20K,-0.57%
12/11/2012,252.72,621.61K,-0.44%
9/11/2012,253.84,860.67K,1.37%
8/11/2012,250.4,943.47K,0.29%
7/11/2012,249.68,1.77M,-4.15%
6/11/2012,260.48,1.22M,3.01%
5/11/2012,252.88,873.14K,0.83%
2/11/2012,250.8,1.00M,-2.21%
1/11/2012,256.48,987.38K,0.88%
31/10/2012,254.24,657.35K,-0.03%
26/10/2012,254.32,995.36K,0.03%
25/10/2012,254.24,1.06M,0.47%
24/10/2012,253.04,1.70M,-1.06%
23/10/2012,255.76,1.75M,-2.83%
22/10/2012,263.2,2.15M,-1.32%
19/10/2012,266.72,1.53M,-2.14%
18/10/2012,272.56,1.04M,-0.09%
17/10/2012,272.8,643.74K,-0.10%
16/10/2012,273.08,767.67K,0.40%
15/10/2012,272,1.32M,0.00%
12/10/2012,272,585.71K,-0.85%
11/10/2012,274.32,1.00M,1.33%
10/10/2012,270.72,1.05M,-0.99%
9/10/2012,273.44,1.67M,2.89%
8/10/2012,265.76,443.59K,-0.39%
5/10/2012,266.8,904.27K,-1.74%
4/10/2012,271.52,1.51M,4.08%
3/10/2012,260.88,2.04M,-4.14%
2/10/2012,272.16,589.48K,-0.67%
1/10/2012,274,750.64K,0.38%
28/09/2012,272.96,690.52K,-0.09%
27/09/2012,273.2,981.83K,2.43%
26/09/2012,266.72,1.41M,-1.21%
25/09/2012,270,747.59K,-1.00%
24/09/2012,272.72,676.81K,-1.16%
21/09/2012,275.92,889.82K,-0.06%
20/09/2012,276.08,1.07M,1.14%
19/09/2012,272.96,2.72M,-4.08%
18/09/2012,284.56,1.01M,-0.50%
17/09/2012,286,3.11M,-2.96%
14/09/2012,294.72,919.59K,0.90%
13/09/2012,292.08,1.20M,1.30%
12/9/2012,288.32,722.21K,-0.19%
11/9/2012,288.88,734.91K,0.73%
10/9/2012,286.8,537.48K,-0.08%
7/9/2012,287.04,1.30M,1.85%
6/9/2012,281.84,1.58M,-0.96%
5/9/2012,284.56,853.39K,0.17%
4/9/2012,284.08,824.19K,-1.06%
31/08/2012,287.12,1.03M,1.79%
30/08/2012,282.08,642.10K,-0.34%
29/08/2012,283.04,954.26K,-1.15%
28/08/2012,286.32,698.44K,0.51%
27/08/2012,284.88,926.62K,-0.20%
24/08/2012,285.44,535.32K,-0.22%
23/08/2012,286.08,1.22M,-1.27%
22/08/2012,289.76,897.41K,0.67%
21/08/2012,287.84,868.81K,0.42%
20/08/2012,286.64,661.49K,-0.33%
17/08/2012,287.6,641.49K,1.10%
16/08/2012,284.48,893.44K,1.05%
15/08/2012,281.52,976.55K,0.77%
14/08/2012,279.36,536.46K,0.75%
13/08/2012,277.28,512.11K,-0.55%
10/8/2012,278.8,439.03K,-0.23%
9/8/2012,279.44,354.74K,0.17%
8/8/2012,278.96,757.08K,-0.11%
7/8/2012,279.28,848.22K,1.42%
6/8/2012,275.36,837.07K,1.03%
3/8/2012,272.56,1.49M,4.51%
2/8/2012,260.8,1.04M,-1.72%
1/8/2012,265.36,1.11M,1.50%
31/07/2012,261.44,1.14M,-2.30%
30/07/2012,267.6,649.69K,-0.65%
27/07/2012,269.36,727.08K,0.78%
26/07/2012,267.28,704.89K,0.60%
25/07/2012,265.68,1.11M,0.18%
24/07/2012,265.2,1.05M,0.45%
23/07/2012,264,1.22M,-3.51%
20/07/2012,273.6,1.06M,-1.27%
19/07/2012,277.12,1.49M,2.82%
18/07/2012,269.52,870.76K,0.93%
17/07/2012,267.04,1.15M,0.79%
16/07/2012,264.96,856.72K,1.35%
13/07/2012,261.44,615.47K,1.49%
12/7/2012,257.6,948.85K,-0.40%
11/7/2012,258.64,1.54M,2.57%
10/7/2012,252.16,1.02M,-2.02%
9/7/2012,257.36,836.70K,1.84%
6/7/2012,252.72,1.20M,-3.16%
5/7/2012,260.96,1.24M,-0.97%
3/7/2012,263.52,1.74M,4.80%
2/7/2012,251.44,2.19M,-1.26%
29/06/2012,254.64,2.55M,7.90%
28/06/2012,236,1.76M,-2.32%
27/06/2012,241.6,1.17M,1.31%
26/06/2012,238.48,862.20K,0.03%
25/06/2012,238.4,1.08M,-1.00%
22/06/2012,240.8,1.28M,2.19%
21/06/2012,235.64,2.31M,-3.39%
20/06/2012,243.92,2.74M,-3.76%
19/06/2012,253.44,915.43K,1.15%
18/06/2012,250.56,694.54K,-0.98%
15/06/2012,253.04,610.33K,-0.32%
14/06/2012,253.84,617.72K,2.03%
13/06/2012,248.8,891.83K,-1.00%
12/6/2012,251.32,846.71K,2.33%
11/6/2012,245.59,1.25M,-3.46%
8/6/2012,254.4,1.11M,0.25%
7/6/2012,253.76,1.02M,-1.34%
6/6/2012,257.2,1.31M,1.23%
5/6/2012,254.08,928.92K,0.00%
4/6/2012,254.08,1.48M,1.05%
1/6/2012,251.44,1.83M,-3.62%
31/05/2012,260.88,1.36M,-1.24%
30/05/2012,264.16,910.04K,-3.53%
29/05/2012,273.84,777.93K,0.03%
25/05/2012,273.76,387.74K,-0.12%
24/05/2012,274.08,897.50K,0.50%
23/05/2012,272.72,1.16M,-1.13%
22/05/2012,275.84,660.52K,-1.91%
21/05/2012,281.2,692.54K,2.09%
18/05/2012,275.44,901.51K,-1.74%
17/05/2012,280.32,721.62K,-0.03%
16/05/2012,280.4,1.33M,-0.65%
15/05/2012,282.24,784.43K,-0.93%
14/05/2012,284.88,657.50K,-1.79%
11/5/2012,290.08,563.38K,-0.96%
10/5/2012,292.88,593.31K,0.25%
9/5/2012,292.16,1.43M,-0.95%
8/5/2012,294.96,1.34M,-0.49%
7/5/2012,296.4,1.35M,-0.64%
4/5/2012,298.32,2.51M,-3.97%
3/5/2012,310.64,1.14M,-2.66%
2/5/2012,319.12,713.68K,-0.65%
1/5/2012,321.2,757.66K,1.18%
30/04/2012,317.44,609.14K,0.15%
27/04/2012,316.96,419.92K,0.23%
26/04/2012,316.24,669.29K,0.30%
25/04/2012,315.28,1.07M,0.61%
24/04/2012,313.36,517.94K,0.36%
23/04/2012,312.24,694.04K,-0.91%
20/04/2012,315.12,670.58K,1.10%
19/04/2012,311.68,689.82K,-0.23%
18/04/2012,312.4,641.95K,-1.49%
17/04/2012,317.12,676.10K,1.17%
16/04/2012,313.44,720.64K,0.08%
13/04/2012,313.2,509.09K,-0.74%
12/4/2012,315.52,724.25K,1.10%
11/4/2012,312.08,1.03M,1.30%
10/4/2012,308.08,825.24K,-1.18%
9/4/2012,311.76,715.52K,-0.74%
5/4/2012,314.08,532.29K,1.08%
4/4/2012,310.72,1.09M,-2.07%
3/4/2012,317.28,629.68K,-0.92%
2/4/2012,320.24,959.69K,2.04%
30/03/2012,313.84,735.53K,-0.15%
29/03/2012,314.32,1.60M,-2.24%
28/03/2012,321.52,1.23M,-1.28%
27/03/2012,325.68,932.53K,-0.15%
26/03/2012,326.16,543.67K,0.20%
23/03/2012,325.52,2.20M,1.37%
22/03/2012,321.12,1.33M,-1.28%
21/03/2012,325.28,1.05M,0.57%
20/03/2012,323.44,1.22M,-2.08%
19/03/2012,330.32,724.36K,0.63%
16/03/2012,328.24,1.08M,1.86%
15/03/2012,322.24,3.41M,-0.32%
14/03/2012,323.28,1.09M,-1.03%
13/03/2012,326.64,893.66K,0.32%
12/3/2012,325.6,645.13K,-0.95%
9/3/2012,328.72,936.01K,0.66%
8/3/2012,326.56,911.50K,0.52%
7/3/2012,324.88,1.11M,1.20%
6/3/2012,321.04,1.26M,-2.05%
5/3/2012,327.76,925.68K,0.49%
2/3/2012,326.16,1.93M,-2.35%
1/3/2012,334,3.07M,2.03%
29/02/2012,327.36,2.47M,0.32%
28/02/2012,326.32,1.24M,-0.95%
27/02/2012,329.44,1.42M,-1.98%
24/02/2012,336.08,1.50M,1.55%
23/02/2012,330.96,1.22M,1.92%
22/02/2012,324.72,1.11M,0.02%
21/02/2012,324.64,1.42M,2.09%
17/02/2012,318,987.03K,1.20%
16/02/2012,314.24,795.03K,0.26%
15/02/2012,313.44,1.11M,0.88%
14/02/2012,310.72,1.05M,0.39%
13/02/2012,309.52,1.80M,1.76%
10/2/2012,304.16,751.19K,-0.81%
9/2/2012,306.64,583.07K,0.76%
8/2/2012,304.32,1.13M,0.24%
7/2/2012,303.6,1.28M,1.66%
6/2/2012,298.64,765.85K,-0.69%
3/2/2012,300.72,1.43M,1.24%
2/2/2012,297.04,1.15M,-0.67%
1/2/2012,299.04,1.30M,-1.16%
31/01/2012,302.56,1.21M,-0.50%
30/01/2012,304.08,668.69K,-0.76%
27/01/2012,306.4,905.85K,-0.18%
26/01/2012,306.96,881.80K,0.05%
25/01/2012,306.8,1.77M,0.66%
24/01/2012,304.8,808.35K,-0.76%
23/01/2012,307.12,1.06M,1.61%
20/01/2012,302.24,1.65M,-2.35%
19/01/2012,309.52,1.32M,-0.36%
18/01/2012,310.64,1.56M,0.10%
17/01/2012,310.32,1.27M,1.65%
13/01/2012,305.28,1.41M,0.26%
12/1/2012,304.48,2.29M,-2.21%
11/1/2012,311.36,1.11M,-1.07%
10/1/2012,314.72,882.84K,0.67%
9/1/2012,312.64,939.03K,-0.36%
6/1/2012,313.76,1.22M,0.13%
5/1/2012,313.36,1.47M,-1.51%
4/1/2012,318.16,1.73M,0.20%
3/1/2012,317.52,1.55M,4.15%
